table	variable	type	type_oracle	longueur	nomenclature	debut	fin	absente	libelle	observation	regle_gestion
CRTO_CT_DEP_G12_AAAA	AGE	integer	number	8		2015			Age du bénéficiaire	Age du bénéficiaire au 31 décembre de l'année compris entre 0 et 110 ans, calculé sur l'année de naissance du bénéficiaire à la dernière date de soins de l'année	
CRTO_CT_DEP_G12_AAAA	ASS_AAH_TOP	integer	number	3		2015			Bénéficiaire de l'allocation adulte handicapé	Assuré bénéficiant de l'AAH (Allocation Adulte Handicapé)	
CRTO_CT_DEP_G12_AAAA	BEN_ACS_TOP	integer	number	3		2015	2021	2021,2022,2023	Bénéficiaire de l'aide à la complémentaire santé	Bénéficiaire de l'ACS (Aide à la Complémentaire Santé) au moins une fois dans l'année	
CRTO_CT_DEP_G12_AAAA	BEN_ALD_TOP	integer	number	3		2015			Bénéficiaire d'une exonération du ticket modérateur au titre d'une affection de longue durée	Bénéficiaire d'une exonération du ticket modérateur au titre d'une affection de longue durée au moins une fois dans l'année	
CRTO_CT_DEP_G12_AAAA	BEN_DCD_AME	string	string	6		2015			Année et mois de décès du bénéficiaire	Format AAAAMM (avec AAAA = année et MM = mois)	
CRTO_CT_DEP_G12_AAAA	BEN_DCD_DTE	integer	number	8		2015			Date de décès du bénéficiaire	Date de décès du bénéficiaire lors de la dernière mise à jour des données	
CRTO_CT_DEP_G12_AAAA	BEN_IDT_ANO	string	string	18		2015			Identifiant bénéficiaire anonymisé	Construction de l'identifiant : Si identifiant bénéficiaire (ben_nir_ano) renseigné, BEN_IDT_ANO = ben_nir_ano ; sinon BEN_IDT_ANO = ben_nir_psa||ben_rng_gem	
CRTO_CT_DEP_G12_AAAA	BEN_NAI_ANN	string	string	4		2015			Année de naissance du bénéficiaire	Année de naissance renseignée du bénéficiaire à la dernière date de soins de l'année	
CRTO_CT_DEP_G12_AAAA	BEN_SEX_COD	integer	number	8		2015			Sexe du bénéficiaire	Sexe renseigné du bénéficiaire à la dernière date de soins de l'année : Cette variable prend les valeurs suivantes : « 1 » pour les hommes et « 2 » pour les femmes.	
CRTO_CT_DEP_G12_AAAA	CLA_AGE_5	string	string	5		2015			Classes d'âge du bénéficiaire (quinquennales)	Regroupement en classes d'âge quinquennales du bénéficiaire : de 0 à 4 ans ; de 5 à 9 ans ; de 10 à 14 ans ; de 15 à 19 ans ; de 20 à 24 ans ; de 25 à 29 ans ; de 30 à 34 ans ; de 35 à 39 ans ; de 40 à 44 ans ; de 45 à 49 ans ; de 50 à 54 ans ; de 55 à 59 ans ; de 60 à 64 ans ; de 65 à 69 ans ; de 70 à 74 ans ; de 75 à 79 ans ; de 80 à 84 ans ; de 85 à 89 ans ; de 90 à 94 ans ; de 95 à 99 ans ; de 100 à 104 ans ; de 105 à 110 ans.Cette variable est calculée à partir de l'âge du bénéficiaire (age). Cette variable ne peut pas avoir de valeur manquante car les identifiants cartographie (ID_CARTO) n'étant pas compris dans l'intervalle 0 à 110 ans sont supprimés de la base.	
CRTO_CT_DEP_G12_AAAA	CLA_AGE_CT	string	string	5		2015			Classes d'âge du bénéficiaire (cartographie)	Regroupement en classes d'âge du bénéficiaire : de 0 à 14 ans ; de 15 à 34 ans ; de 35 à 54 ans ; de 55 à 64 ans ; de 65 à 74 ans ; 75 ans et plus.Cette variable est calculée à partir de l'âge du bénéficiaire (age). Cette variable ne peut pas avoir de valeur manquante car les identifiants cartographie (ID_CARTO) n'étant pas compris dans l'intervalle 0 à 110 ans sont supprimés de la base.	
CRTO_CT_DEP_G12_AAAA	CMU	integer	number	3		2015	2020	2020,2021,2022,2023	Bénéficiaire de la Couverture Maladie Universelle complémentaire	Bénéficiaire au moins une fois dans l'année de la CMUC (Couverture Maladie Universelle complémentaire)	
CRTO_CT_DEP_G12_AAAA	DCD_3112_RG	integer	number	8		2015			Bénéficiaire décédé au 31 décembre de l'année N (pour régime général strict)	Bénéficiaire décédé au 31 décembre de l'année au RG. Si le bénéficiaire n'est pas au RG, cette donnée est forcée à manquante	
CRTO_CT_DEP_G12_AAAA	DEP_DGF_ACE_BSE	integer	number	8		2015			Actes et consultations externes MCO secteur public remboursables	Actes et consultations externes MCO secteur public remboursables	
CRTO_CT_DEP_G12_AAAA	DEP_DGF_ACE_MNT	integer	number	8		2015			Actes et consultations externes MCO secteur public remboursés	Actes et consultations externes MCO secteur public remboursés	
CRTO_CT_DEP_G12_AAAA	DEP_DGF_HAD_BSE	integer	number	8		2015			Hospitalisations en HAD secteur public remboursables	Hospitalisations en HAD secteur public remboursables	
CRTO_CT_DEP_G12_AAAA	DEP_DGF_HAD_MNT	integer	number	8		2015			Hospitalisations en HAD secteur public remboursées	Hospitalisations en HAD secteur public remboursées	
CRTO_CT_DEP_G12_AAAA	DEP_DGF_MCOSEJOUR_BSE	integer	number	8		2015			Hospitalisations séjour MCO secteur public remboursables	Hospitalisations séjour MCO secteur public remboursables	
CRTO_CT_DEP_G12_AAAA	DEP_DGF_MCOSEJOUR_MNT	integer	number	8		2015			Hospitalisations séjour MCO secteur public remboursées	Hospitalisations séjour MCO secteur public remboursées	
CRTO_CT_DEP_G12_AAAA	DEP_DGF_MCOSUS_BSE	integer	number	8		2015			Hospitalisations liste en sus MCO secteur public remboursables	Hospitalisations liste en sus MCO secteur public remboursables	
CRTO_CT_DEP_G12_AAAA	DEP_DGF_MCOSUS_MNT	integer	number	8		2015			Hospitalisations liste en sus MCO secteur public remboursées	Hospitalisations liste en sus MCO secteur public remboursées	
CRTO_CT_DEP_G12_AAAA	DEP_DGF_PSY_BSE	integer	number	8		2015			Hospitalisations en psychiatrie secteur public remboursables	Hospitalisations en psychiatrie secteur public remboursables	
CRTO_CT_DEP_G12_AAAA	DEP_DGF_PSY_MNT	integer	number	8		2015			Hospitalisations en psychiatrie secteur public remboursées	Hospitalisations en psychiatrie secteur public remboursées	
CRTO_CT_DEP_G12_AAAA	DEP_DGF_SSR_BSE	integer	number	8		2015			Hospitalisations en SSR secteur public remboursables	Hospitalisations en SSR secteur public remboursables	
CRTO_CT_DEP_G12_AAAA	DEP_DGF_SSR_MNT	integer	number	8		2015			Hospitalisations en SSR secteur public remboursées	Hospitalisations en SSR secteur public remboursées	
CRTO_CT_DEP_G12_AAAA	DEP_IJMALATMP_BSE	integer	number	8		2015			Indemnités journalières maladie et AT/MP remboursables	Indemnités journalières maladie et AT/MP remboursables	
CRTO_CT_DEP_G12_AAAA	DEP_IJMALATMP_MNT	integer	number	8		2015			Indemnités journalières maladie et AT/MP remboursées	Indemnités journalières maladie et AT/MP remboursées	
CRTO_CT_DEP_G12_AAAA	DEP_IJMATER_BSE	integer	number	8		2015			Indemnités journalières maternité et autres prestations remboursables	Indemnités journalières maternité et autres prestations remboursables	
CRTO_CT_DEP_G12_AAAA	DEP_IJMATER_MNT	integer	number	8		2015			Indemnités journalières maternité et autres prestations remboursées	Indemnités journalières maternité et autres prestations remboursées	
CRTO_CT_DEP_G12_AAAA	DEP_INVALID_BSE	integer	number	8		2015			Prestations d'invalidité remboursables	Prestations d'invalidité remboursables	
CRTO_CT_DEP_G12_AAAA	DEP_INVALID_MNT	integer	number	8		2015			Prestations d'invalidité remboursées	Prestations d'invalidité remboursées	
CRTO_CT_DEP_G12_AAAA	DEP_OQN_HAD_BSE	integer	number	8		2015			Hospitalisations en HAD secteur privé remboursables	Hospitalisations en HAD secteur privé remboursables	
CRTO_CT_DEP_G12_AAAA	DEP_OQN_HAD_MNT	integer	number	8		2015			Hospitalisations en HAD secteur privé remboursées	Hospitalisations en HAD secteur privé remboursées	
CRTO_CT_DEP_G12_AAAA	DEP_OQN_MCOSEJOUR_BSE	integer	number	8		2015			Hospitalisations séjour MCO secteur privé remboursables	Hospitalisations séjour MCO secteur privé remboursables	
CRTO_CT_DEP_G12_AAAA	DEP_OQN_MCOSEJOUR_MNT	integer	number	8		2015			Hospitalisations séjour MCO secteur privé remboursées	Hospitalisations séjour MCO secteur privé remboursées	
CRTO_CT_DEP_G12_AAAA	DEP_OQN_MCOSUS_BSE	integer	number	8		2015			Hospitalisations liste en sus MCO secteur privé remboursables	Hospitalisations liste en sus MCO secteur privé remboursables	
CRTO_CT_DEP_G12_AAAA	DEP_OQN_MCOSUS_MNT	integer	number	8		2015			Hospitalisations liste en sus MCO secteur privé remboursées	Hospitalisations liste en sus MCO secteur privé remboursées	
CRTO_CT_DEP_G12_AAAA	DEP_OQN_PSY_BSE	integer	number	8		2015			Hospitalisations en psychiatrie secteur privé remboursables	Hospitalisations en psychiatrie secteur privé remboursables	
CRTO_CT_DEP_G12_AAAA	DEP_OQN_PSY_MNT	integer	number	8		2015			Hospitalisations en psychiatrie secteur privé remboursées	Hospitalisations en psychiatrie secteur privé remboursées	
CRTO_CT_DEP_G12_AAAA	DEP_OQN_SSR_BSE	integer	number	8		2015			Hospitalisations en SSR secteur privé remboursables	Hospitalisations en SSR secteur privé remboursables	
CRTO_CT_DEP_G12_AAAA	DEP_OQN_SSR_MNT	integer	number	8		2015			Hospitalisations en SSR secteur privé remboursées	Hospitalisations en SSR secteur privé remboursées	
CRTO_CT_DEP_G12_AAAA	DEP_RENTE_BSE	integer	number	10		2015			Rentes de victimes ATMP remboursables	Détail des dépenses entrant dans la composition du poste de dépenses des rentes de victimes ATMP remboursables :- Rentes de victimes- Majoration faute inexcusable de l'employeur rente de victime- Prestation complémentaire pour recours à tierce personne (elle a remplacé la majoration tierce personne depuis mars 2013 mais cette dernière continue d'être versée à ceux qui en bénéficiaient précédemment)Hors liste de prestations non individualisables et hors champ (cf. documentation vue annuelle CRTO_CT_DEP_Gnn_aaaa)	
CRTO_CT_DEP_G12_AAAA	DEP_RENTE_MNT	integer	number	9		2015			Rentes de victimes ATMP remboursées	Détail des dépenses entrant dans la composition du poste de dépenses des rentes de victimes ATMP remboursées :- Rentes de victimes- Majoration faute inexcusable de l'employeur rente de victime- Prestation complémentaire pour recours à tierce personne (elle a remplacé la majoration tierce personne depuis mars 2013 mais cette dernière continue d'être versée à ceux qui en bénéficiaient précédemment)Hors liste de prestations non individualisables et hors champ (cf. documentation vue annuelle CRTO_CT_DEP_Gnn_aaaa)	
CRTO_CT_DEP_G12_AAAA	DEP_SDV_AUTRESAUXIL_BSE	integer	number	8		2015			Soins d'autres paramédicaux remboursables	Soins d'autres paramédicaux remboursables	
CRTO_CT_DEP_G12_AAAA	DEP_SDV_AUTRESAUXIL_MNT	integer	number	8		2015			Soins d'autres paramédicaux remboursés	Soins d'autres paramédicaux remboursés	
CRTO_CT_DEP_G12_AAAA	DEP_SDV_AUTRES_BSE	integer	number	8		2015			Autres dépenses de soins de ville remboursables	Autres dépenses de soins de ville remboursables	
CRTO_CT_DEP_G12_AAAA	DEP_SDV_AUTRES_MNT	integer	number	8		2015			Autres dépenses de soins de ville remboursés	Autres dépenses de soins de ville remboursés	
CRTO_CT_DEP_G12_AAAA	DEP_SDV_BIO_BSE	integer	number	8		2015			Biologie remboursable	Biologie remboursable	
CRTO_CT_DEP_G12_AAAA	DEP_SDV_BIO_MNT	integer	number	8		2015			Biologie remboursée	Biologie remboursée	
CRTO_CT_DEP_G12_AAAA	DEP_SDV_HONODENT_BSE	integer	number	8		2015			Soins dentaires remboursables	Soins dentaires remboursables	
CRTO_CT_DEP_G12_AAAA	DEP_SDV_HONODENT_MNT	integer	number	8		2015			Soins dentaires remboursés	Soins dentaires remboursés	
CRTO_CT_DEP_G12_AAAA	DEP_SDV_HONOGEN_BSE	integer	number	8		2015			Soins de généralistes remboursables	Soins de généralistes remboursables	
CRTO_CT_DEP_G12_AAAA	DEP_SDV_HONOGEN_MNT	integer	number	8		2015			Soins de généralistes remboursés	Soins de généralistes remboursés	
CRTO_CT_DEP_G12_AAAA	DEP_SDV_HONOSPE_BSE	integer	number	8		2015			Soins autres spécialistes remboursables	Soins autres spécialistes remboursables	
CRTO_CT_DEP_G12_AAAA	DEP_SDV_HONOSPE_MNT	integer	number	8		2015			Soins autres spécialistes remboursés	Soins autres spécialistes remboursés	
CRTO_CT_DEP_G12_AAAA	DEP_SDV_INFIRMIER_BSE	integer	number	8		2015			Soins infirmiers remboursables	Soins infirmiers remboursables	
CRTO_CT_DEP_G12_AAAA	DEP_SDV_INFIRMIER_MNT	integer	number	8		2015			Soins infirmiers remboursés	Soins infirmiers remboursés	
CRTO_CT_DEP_G12_AAAA	DEP_SDV_KINE_BSE	integer	number	8		2015			Soins de kinésithérapie remboursables	Soins de kinésithérapie remboursables	
CRTO_CT_DEP_G12_AAAA	DEP_SDV_KINE_MNT	integer	number	8		2015			Soins de kinésithérapie remboursés	Soins de kinésithérapie remboursés	
CRTO_CT_DEP_G12_AAAA	DEP_SDV_LPP_BSE	integer	number	8		2015			Autres produits de santé remboursables	Autres produits de santé remboursables	
CRTO_CT_DEP_G12_AAAA	DEP_SDV_LPP_MNT	integer	number	8		2015			Autres produits de santé remboursés	Autres produits de santé remboursés	
CRTO_CT_DEP_G12_AAAA	DEP_SDV_PHARMACIE_BSE	integer	number	8		2015			Médicaments remboursables	Médicaments remboursables	
CRTO_CT_DEP_G12_AAAA	DEP_SDV_PHARMACIE_MNT	integer	number	8		2015			Médicaments remboursés	Médicaments remboursés	
CRTO_CT_DEP_G12_AAAA	DEP_SDV_SAGEFEMME_BSE	integer	number	8		2015			Soins de sages-femmes remboursables	Soins de sages-femmes remboursables	
CRTO_CT_DEP_G12_AAAA	DEP_SDV_SAGEFEMME_MNT	integer	number	8		2015			Soins de sages-femmes remboursés	Soins de sages-femmes remboursés	
CRTO_CT_DEP_G12_AAAA	DEP_SDV_TRANSPORT_BSE	integer	number	8		2015			Transports remboursables	Transports remboursables	
CRTO_CT_DEP_G12_AAAA	DEP_SDV_TRANSPORT_MNT	integer	number	8		2015			Transports remboursés	Transports remboursés	
CRTO_CT_DEP_G12_AAAA	DPT	string	string	3		2015			Département de résidence du bénéficiaire	Département du résidence du bénéficiaire lors de la dernière date de soins de l'année	
CRTO_CT_DEP_G12_AAAA	NEW_COD_REG	string	string	2		2015			Région de résidence du bénéficiaire (nouveau codage)	Région du résidence du bénéficiaire lors de la dernière date de soins de l'année (régions en vigueur à partir du 1 janvier 2016)	
CRTO_CT_DEP_G12_AAAA	OLD_COD_REG	string	string	2		2015			Région de résidence du bénéficiaire (ancien codage)	Région du résidence du bénéficiaire lors de la dernière date de soins de l'année (régions en vigueur jusqu'au 31 décembre 2015)	
CRTO_CT_DEP_G12_AAAA	PETIT_REGIME	string	string	6		2015			Petit régime MSA au 31 décembre de l'année N	Petit régime agricole lors de la dernière date de soins de l'année des bénéficiaires ayant au moins une consommation au titre de la MSA (sal_agr : salarié agricole, exp_agr : exploitant agricole, aut_agr : autre catégorie)	
CRTO_CT_DEP_G12_AAAA	PETIT_RGM_AUT_AGR	integer	number	3		2015			Au moins une consommation au titre dans un autre petit régime (MSA) dans l'année	Individu ayant eu au moins une consommation DCIR ou PMSI dans l’année au titre d’une autre catégorie de la MSA	
CRTO_CT_DEP_G12_AAAA	PETIT_RGM_EXP_AGR	integer	number	3		2015			Au moins une consommation en tant qu'exploitant agricole (MSA) dans l'année	Individu ayant eu au moins une consommation DCIR ou PMSI dans l’année au titre du petit régime des exploitants agricoles de la MSA	
CRTO_CT_DEP_G12_AAAA	PETIT_RGM_SAL_AGR	integer	number	3		2015			Au moins une consommation en tant que salarié agricole (MSA) dans l'année	Individu ayant eu au moins une consommation DCIR ou PMSI dans l’année au titre du petit régime des salariés agricoles de la MSA.	
CRTO_CT_DEP_G12_AAAA	REGIME	string	string	6		2015			Régime du bénéficiaire au 31 décembre de l'année N	Régime social obligatoire du bénéficiaire lors de la dernière date de soins de l'année	
CRTO_CT_DEP_G12_AAAA	RGM_BDF	integer	number	3		2015			Au moins une consommation au régime de la Banque de France dans l'année	Individu ayant eu au moins une consommation DCIR ou PMSI dans l’année au titre du régime de la Banque de France	
CRTO_CT_DEP_G12_AAAA	RGM_BORDEAUX	integer	number	3		2015			Au moins une consommation au régime du Port autonome de Bordeaux dans l'année	Individu ayant eu au moins une consommation DCIR ou PMSI dans l’année au titre du régime du Port Autonome de Bordeaux	
CRTO_CT_DEP_G12_AAAA	RGM_CCI	integer	number	3		2015			Au moins une consommation au régime des Chambres de commerce et d'industrie dans l'année	Individu ayant eu au moins une consommation DCIR ou PMSI dans l’année au titre du régime des Chambres de commerce et d'industrie	
CRTO_CT_DEP_G12_AAAA	RGM_CULTES	integer	number	3		2015			Au moins une consommation au régime des cultes dans l'année	Individu ayant eu au moins une consommation DCIR ou PMSI dans l’année au titre du régime des cultes	
CRTO_CT_DEP_G12_AAAA	RGM_INCONNU	integer	number	3		2015			Au moins une consommation dans un régime inconnu dans l'année	Individu ayant eu au moins une consommation DCIR ou PMSI dans l’année au titre d'un régime inconnu	
CRTO_CT_DEP_G12_AAAA	RGM_MARINS	integer	number	3		2015			Au moins une consommation au régime des marins dans l'année	Individu ayant eu au moins une consommation DCIR ou PMSI dans l’année au titre du régime des marins	
CRTO_CT_DEP_G12_AAAA	RGM_MILITAIRES	integer	number	3		2015			Au moins une consommation au régime des militaires dans l'année	Individu ayant eu au moins une consommation DCIR ou PMSI dans l’année au titre du régime des militaires	
CRTO_CT_DEP_G12_AAAA	RGM_MINES	integer	number	3		2015			Au moins une consommation au régime des mines dans l'année	Individu ayant eu au moins une consommation DCIR ou PMSI dans l’année au titre du régime des mines	
CRTO_CT_DEP_G12_AAAA	RGM_MSA	integer	number	3		2015			Au moins une consommation à la MSA dans l'année	Individu ayant eu au moins une consommation DCIR ou PMSI dans l’année au titre de la MSA	
CRTO_CT_DEP_G12_AAAA	RGM_NOTAIRES	integer	number	3		2015			Au moins une consommation au régime des notaires dans l'année	Individu ayant eu au moins une consommation DCIR ou PMSI dans l’année au titre du régime des notaires	
CRTO_CT_DEP_G12_AAAA	RGM_RATP	integer	number	3		2015			Au moins une consommation au régime de la RATP dans l'année	Individu ayant eu au moins une consommation DCIR ou PMSI dans l’année au titre de la RATP	
CRTO_CT_DEP_G12_AAAA	RGM_RG	integer	number	3		2015			Au moins une consommation au RG dans l'année	Individu ayant au moins une consommation DCIR dans l’année au titre du RG	
CRTO_CT_DEP_G12_AAAA	RGM_RG_SLM	integer	number	3		2015			Au moins une consommation PMSI RG ou SLM (indéterminé) dans l'année	Individu ayant au moins une consommation PMSI dans l’année au titre du grand régime NOE_RGM = ‘01’	
CRTO_CT_DEP_G12_AAAA	RGM_RG_SLM_2	integer	number	3		2015			Au moins une consommation RG ou SLM dans l'année	Individu ayant au moins une consommation DCIR ou PMSI dans l’année au titre du RG ou d'une SLM.	
CRTO_CT_DEP_G12_AAAA	RGM_RSI	integer	number	3		2015			Au moins une consommation au RSI dans l'année	Individu ayant eu au moins une consommation DCIR ou PMSI dans l’année au titre du RSI	
CRTO_CT_DEP_G12_AAAA	RGM_SLM	integer	number	3		2015			Au moins une consommation dans une SLM dans l'année	Individu ayant eu au moins une consommation DCIR ou PMSI dans l’année au titre d'une SLM	
CRTO_CT_DEP_G12_AAAA	RGM_SNCF	integer	number	3		2015			Au moins une consommation au régime de la SNCF dans l'année	Individu ayant eu au moins une consommation DCIR ou PMSI dans l’année au titre de la SNCF	
CRTO_CT_DEP_G12_AAAA	TOP_C2S	integer	number	3		2019		2015,2016,2017,2018	Bénéficiaire de la complémentaire santé solidaire	Bénéficiaire au moins une fois dans l'année de la Complémentaire Santé solidaire (C2S). Attention, la complémentaire santé solidaire ayant été déployée que le 1er novembre 2019, la variable top_C2S n'est présente dans les tables ct_ind_G11_XXX et ct_dep_G11_XXX qu'à partir de l'année 2019. Régimes pour lesquels l'information n'est pas disponible dans les tables de la cartographie : Mines, Notaires, RATP, SLM, SNCF. Les personnes ne consommant que parmi ces régimes au cours de l'année n'ont pas les tops C2S correspondants renseignés.	
CRTO_CT_DEP_G12_AAAA	TOP_C2S_GRA	integer	number	3		2021		2015,2016,2017,2018,2019,2020	Bénéficiaire de la complémentaire santé solidaire gratuite	Bénéficiaire au moins une fois dans l'année de la Complémentaire Santé solidaire (C2S) gratuite. Cette variable n'est présente dans les tables qu'à partir de l'année 2021.Les tops C2S sont alimentées à partir des informations contenues dans la variable BEN_C2S_TYP de la table ER_PRS_F de DCIR. A noter qu'une personne peut changer de contrat en cours d'année et être ainsi topée pour TOP_C2S_GRA et TOP_C2S_PAR. Si l'identifiant bénéficiaire (BEN_IDT_ANO) a eu au moins un soin dans le DCIR entre le 1er janvier (1er novembre pour 2019) et le 31 décembre avec un BEN_CMU_TOP égal à 1, alors cet identifiant verra sa variable TOP_C2S prendre la valeur 1. Si le BEN_C2S_TYP associé à cette prestation vaut « G89 », alors la variable TOP_C2S_GRA prend la valeur 1. Cette information n'étant pas fiable dans le PMSI, nous ne conservons que les informations du DCIR. Cette variable prend les valeurs « 0 » si l'identifiant n'a eu aucun soin avec une telle prise en charge dans l'année, « 1 » sinon. Ces variables peuvent avoir des données manquantes pour les identifiants appartenant à des régimes pour lesquels l'information correspondante est mal renseignée ou non alimentée. Régimes pour lesquels l'information n'est pas disponible dans les tables de la cartographie : Mines, Notaires, RATP, SLM, SNCF, MSA. Les personnes ne consommant que parmi ces régimes au cours de l'année n'ont pas les tops C2S correspondants renseignés.	
CRTO_CT_DEP_G12_AAAA	TOP_C2S_PAR	integer	number	3		2021		2015,2016,2017,2018,2019,2020	Bénéficiaire de la complémentaire santé solidaire participative	Bénéficiaire au moins une fois dans l'année de la Complémentaire Santé solidaire (C2S) participative. Cette variable n'est présente dans les tables qu'à partir de l'année 2021.Les tops C2S sont alimentées à partir des informations contenues dans la variable BEN_C2S_TYP de la table ER_PRS_F de DCIR. A noter qu'une personne peut changer de contrat en cours d'année et être ainsi topée pour TOP_C2S_GRA et TOP_C2S_PAR. Si l'identifiant bénéficiaire (BEN_IDT_ANO) a eu au moins un soin dans le DCIR entre le 1er janvier (1er novembre pour 2019) et le 31 décembre avec un BEN_CMU_TOP égal à 1, alors cet identifiant verra sa variable TOP_C2S prendre la valeur 1. Si le BEN_C2S_TYP associé à cette prestation vaut « P89 », alors la variable TOP_C2S_PAR prend la valeur 1. Cette information n'étant pas fiable dans le PMSI, nous ne conservons que les informations du DCIR. Cette variable prend les valeurs « 0 » si l'identifiant n'a eu aucun soin avec une telle prise en charge dans l'année, « 1 » sinon. Ces variables peuvent avoir des données manquantes pour les identifiants appartenant à des régimes pour lesquels l'information correspondante est mal renseignée ou non alimentée. Régimes pour lesquels l'information n'est pas disponible dans les tables de la cartographie : Mines, Notaires, RATP, SLM, SNCF, MSA. Les personnes ne consommant que parmi ces régimes au cours de l'année n'ont pas les tops C2S correspondants renseignés.	
CRTO_CT_DEP_G12_AAAA	TOP_EHPAD	integer	number	3		2015			Présence au moins un jour dans l'année dans un Établissement d'hébergement pour personnes âgées dépendantes	Les personnes indiquées comme étant résidentes d'un EHPAD pendant au moins un jour dans l'année dans le référentiel IR_ESM_R ont la modalité 1 pour cette variable.On estime que 90 % des établissements alimentent cette table. Du fait de cette absence d'exhaustivité, les personnes qui ne sont pas repérées dans IR_ESM_R ont une modalité à vide « . » et non pas à 0.	
CRTO_CT_DEP_G12_AAAA	TOP_IND	integer	number	3		2019		2015,2016,2017,2018	Travailleur indépendant	Individu ayant eu au moins une consommation au titre du RSI dans le PMSI ou au moins une consommantion dans le DCIR au  RSI ou bien au Régime général avec un top PRS_FAC_TOP égal à 1 (top créé permettant d’identifier les factures de ces travailleurs indépendants au sein du Régime Général)	
CRTO_CT_DEP_G12_AAAA	TOP_MT	integer	number	3		2015			Médecin traitant au 31 décembre de l'année N	Bénéficiaire ayant un médecin traitant déclaré au 31 décembre de l'année N	
CRTO_CT_DEP_G12_AAAA	TOT_DEP_BSE	integer	number	8		2015			Total des dépenses remboursables	Total des dépenses remboursables	
CRTO_CT_DEP_G12_AAAA	TOT_DEP_HOP_BSE	integer	number	8		2015			Total hospitalisations (tous secteurs) remboursables	Total hospitalisations (tous secteurs) remboursables	
CRTO_CT_DEP_G12_AAAA	TOT_DEP_HOP_MNT	integer	number	8		2015			Total hospitalisations (tous secteurs) remboursées	Total hospitalisations (tous secteurs) remboursées	
CRTO_CT_DEP_G12_AAAA	TOT_DEP_MNT	integer	number	8		2015			Total des dépenses remboursées	Total des dépenses remboursées	
CRTO_CT_DEP_G12_AAAA	TOT_DEP_PRESESPECE_BSE	integer	number	8		2015			Total prestations en espèces remboursables	Total prestations en espèces remboursables	
CRTO_CT_DEP_G12_AAAA	TOT_DEP_PRESESPECE_MNT	integer	number	8		2015			Total prestations en espèces remboursées	Total prestations en espèces remboursées	
CRTO_CT_DEP_G12_AAAA	TOT_DEP_SDV_BSE	integer	number	8		2015			Total soins de ville remboursables	Total soins de ville remboursables	
CRTO_CT_DEP_G12_AAAA	TOT_DEP_SDV_MNT	integer	number	8		2015			Total soins de ville remboursés	Total soins de ville remboursés	
CRTO_CT_IDE_G12_AAAA	BEN_IDT_ANO	string	string	18		2015			Identifiant synthétique du bénéficiaire dans le SNDS	Dans le référentiel IR_BEN_R des bénéficiaires du SNDS, un individu est caractérisé par son identifiant synthétique BEN_IDT_ANO. Cet identifiant est égal à :- son NIR bénéficiaire pseudonymisé BEN_NIR_ANO lorsqu'il est alimenté dans le SNDS,- la concaténation de son identifiant SNIIRAM pseudonymisé BEN_NIR_PSA et de son rang de bénéficiaire BEN_RNG_GEM lorsque son NIR bénéficiaire pseudonymisé BEN_NIR_ANO n'est pas alimenté. En septembre 2020, le NIR bénéficiaire pseudonymisé BEN_NIR_ANO est alimenté dans 97 % des enregistrements du référentiel IR_BEN_R.Pour garantir et protéger la confidentialité des données dans le SNDS, un pseudonyme, code non signifiant obtenu par un procédé cryptographique irréversible, est associé aux données se rapportant à chaque personne. Ce procédé permet de relier, pour une même personne, l'ensemble de ses données au sein du SNDS. Construction de l'identifiant : Si identifiant bénéficiaire (ben_nir_ano) renseigné, BEN_IDT_ANO = ben_nir_ano , sinon BEN_IDT_ANO = ben_nir_psa||ben_rng_gem	
CRTO_CT_IDE_G12_AAAA	BEN_NIR_PSA	string	string	17		2015			Identifiant SNIIRAM pseudonymisé	Cet identifiant du patient, intitulé aussi Pseudo-NIR du bénéficiaire, est obtenu à partir de la concaténation du NIR de l'assuré, de la date de naissance du bénéficiaire et du sexe du bénéficiaire. Pour garantir et protéger la confidentialité des données dans le SNIIRAM, l'ensemble des informations permettant d'identifier un individu (NIR, pseudo-NIR, etc.) est remplacé par un pseudonyme, c'est-à-dire par un code alphanumérique irréversible ne permettant pas le rattachement à son identité. Un bénéficiaire peut avoir plusieurs identifiants SNIIRAM pseudonymisé au travers du temps, selon sa situation (enfant ayant-droit de son parent, assuré ouvreur de droit, etc.). Cet identifiant ne permet pas de distinguer les jumeaux de même sexe. L'identifiant SNIIRAM du patient est composé du triplet NIR de l'assuré + Date de naissance du bénéficiaire + Code sexe du bénéficiaire. Ce triplet est crypté et restitué aux utilisateurs dans la variable BEN_NIR_PSA sur 17 caractères.	
CRTO_CT_IDE_G12_AAAA	BEN_RNG_GEM	integer	number	1		2015			Rang de naissance du bénéficiaire	En règle générale, pour le régime général, le rang du bénéficiaire vaut 1. En cas d'ayants droit nés le même jour, le rang prend la valeur 1 pour le premier, puis 2, 3, etc. Le rang du bénéficiaire permet de distinguer les naissances gémellaires.	
CRTO_CT_IND_G12_AAAA	AGE	integer	number	8		2015			Age du bénéficiaire	Age du bénéficiaire au 31 décembre de l'année compris entre 0 et 110 ans, calculé sur l'année de naissance du bénéficiaire à la dernière date de soins de l'année	
CRTO_CT_IND_G12_AAAA	ALD_A00_IND	integer	number	3		2015			Autres affections de longue durée (dont 31 et 32) - d'origine non précisée (sans code CIM-10 dans le système d'information)_ALD<31 sauf ALD 2, 4, 23, 25, 29, 30, 10 et 19	Personnes ayant une ALD (Affection de Longue Durée) d'origine non précisée	
CRTO_CT_IND_G12_AAAA	ALD_A02_IND	integer	number	3		2015			Autres affections de longue durée (dont 31 et 32) - insuffisances médullaires et autres cytopénies chroniques	Personnes ayant une ALD (Affection de Longue Durée) pour insuffisances médullaires et autres cytopénies chroniques	
CRTO_CT_IND_G12_AAAA	ALD_A04_IND	integer	number	3		2015			Autres affections de longue durée (dont 31 et 32) - bilharziose compliquée	Personnes ayant une ALD (Affection de Longue Durée) pour bilharziose compliquée	
CRTO_CT_IND_G12_AAAA	ALD_A10_IND	integer	number	3		2015			Autres affections de longue durée (dont 31 et 32) - hémoglobinopathies, hémolyses chroniques, constitutionnelles et acquises graves (ALD n°10, dont la drépanocytose	Personnes ayant une ALD (Affection de Longue Durée) pour hémoglobinopathies, hémolyses chroniques, constitutionnelles et acquises graves (dont la drépanocytose)	
CRTO_CT_IND_G12_AAAA	ALD_A19_IND	integer	number	3		2015			Autres affections de longue durée (dont 31 et 32) - néphropathie chronique grave et syndrome néphrotique primitif	Personnes ayant une ALD (Affection de Longue Durée) pour néphropathie chronique grave et syndrome néphrotique primitif (sans dialyse chronique ni greffe)	
CRTO_CT_IND_G12_AAAA	ALD_A23_IND	integer	number	3		2015			Autres affections de longue durée (dont 31 et 32) - anomalies chromosomiques, séquelles d'encéphalites virales (de l'ALD n°23, dont le syndrome de Down	Personnes ayant une ALD (Affection de Longue Durée) pour anomalies chromosomiques, séquelles d'encéphalites virales (dont le syndrome de Down)	
CRTO_CT_IND_G12_AAAA	ALD_A26_IND	integer	number	3		2015			Autres affections de longue durée (dont 31 et 32) - scoliose structurelle évolutive	Personnes ayant une ALD (Affection de Longue Durée) pour scoliose structurelle évolutive	
CRTO_CT_IND_G12_AAAA	ALD_A29_IND	integer	number	3		2015			Autres affections de longue durée (dont 31 et 32) - tuberculose active, lèpre	Personnes ayant une ALD (Affection de Longue Durée) pour tuberculose active, lèpre	
CRTO_CT_IND_G12_AAAA	ALD_A30_IND	integer	number	3		2015			Autres affections de longue durée (dont 31 et 32) - ALD n°30 tumeurs à évolution imprévisible ou inconnue	Personnes ayant une ALD (Affection de Longue Durée) pour tumeurs à évolution imprévisible ou inconnue (dont les codes en D37-D48, les tumeurs de l'encéphale, des glandes endocrines, les syndromes myélodysplasiques, la polyglobulie essentielle, les gammapathies monoclonales, etc.)	
CRTO_CT_IND_G12_AAAA	ALD_A31_IND	integer	number	3		2015			ALD n°31 dites hors liste	Personnes ayant une ALD (Affection de Longue Durée) dite hors liste dont les causes les plus fréquentes sont la dégénérescence maculaire liée à l'âge ou DMLA, les séquelles d'embolie pulmonaire, l'ostéoporose avec fracture pathologique, la polyarthrose et le syndrome d'apnée du sommeil, ainsi que les celles d'origine non précisée	
CRTO_CT_IND_G12_AAAA	ALD_A32_IND	integer	number	3		2015			ALD n°32 correspondant aux polypathologies	Personnes ayant une ALD (Affection de Longue Durée) pour polypathologie	
CRTO_CT_IND_G12_AAAA	ALD_CAT_CAT	integer	number	3		2015			Affections de longue durée (dont 31 et 32) pour d'autres causes	Personnes ayant une ALD (Affection de Longue Durée) pour une autre cause que celles associées aux 55 groupes précédents, au cours de l'année n. Toutefois, les personnes inclues dans un des groupes d'IRCT (Insuffisance Rénale Chronique Terminale) ont été exclues du groupe « Autres ALD » si cette autre ALD était en rapport avec un code CIM-10 allant de N00 à N99 (maladies de l'appareil génito-urinaire)	
CRTO_CT_IND_G12_AAAA	ALD_T21_IND	integer	number	3		2015			Trisomie 21	Personnes ayant une trisomie 21	
CRTO_CT_IND_G12_AAAA	ASS_AAH_TOP	integer	number	3		2015			Bénéficiaire de l'allocation adulte handicapé	Assuré bénéficiant de l'AAH (Allocation Adulte Handicapé)	
CRTO_CT_IND_G12_AAAA	BEN_ACS_TOP	integer	number	3		2015	2021	2021,2022,2023	Bénéficiaire de l'aide à la complémentaire santé	Bénéficiaire de l'ACS (Aide à la Complémentaire Santé) au moins une fois dans l'année	
CRTO_CT_IND_G12_AAAA	BEN_ALD_TOP	integer	number	3		2015			Bénéficiaire d'une exonération du ticket modérateur au titre d'une affection de longue durée	Bénéficiaire d'une exonération du ticket modérateur au titre d'une affection de longue durée au moins une fois dans l'année	
CRTO_CT_IND_G12_AAAA	BEN_DCD_AME	string	string	6		2015			Année et mois de décès du bénéficiaire	Format AAAAMM (avec AAAA = année et MM = mois)	
CRTO_CT_IND_G12_AAAA	BEN_DCD_DTE	integer	number	8		2015			Date de décès du bénéficiaire	Date de décès du bénéficiaire lors de la dernière mise à jour des données	
CRTO_CT_IND_G12_AAAA	BEN_IDT_ANO	string	string	18		2015			Identifiant bénéficiaire anonymisé	Construction de l'identifiant : Si identifiant bénéficiaire (ben_nir_ano) renseigné, BEN_IDT_ANO = ben_nir_ano ; sinon BEN_IDT_ANO = ben_nir_psa||ben_rng_gem	
CRTO_CT_IND_G12_AAAA	BEN_NAI_ANN	string	string	4		2015			Année de naissance du bénéficiaire	Année de naissance renseignée du bénéficiaire à la dernière date de soins de l'année	
CRTO_CT_IND_G12_AAAA	BEN_SEX_COD	integer	number	8		2015			Sexe du bénéficiaire	Sexe renseigné du bénéficiaire à la dernière date de soins de l'année : Cette variable prend les valeurs suivantes : « 1 » pour les hommes et « 2 » pour les femmes.	
CRTO_CT_IND_G12_AAAA	CAN_AUT_ACT	integer	number	3		2015			Autres cancers actifs	Personnes ayant une ALD (Affection de Longue Durée) avec codes CIM-10 d'autres cancers (à l'exclusion des cancers du sein chez la femme, du côlon, de la jonction recto-sigmoïdienne, du rectum, du poumon, des bronches, de la prostate et des tumeurs à évolution imprévisible ou inconnue) avec date de début au cours des années n à n-1, et/ou personnes hospitalisées pour autres cancers au cours des années n à n-1 (diagnostic principal (DP) ou diagnostic relié (DR)), et hommes atteints de cancers du sein. Le cancer actif prime sur le cancer sous surveillance (voir la fiche correspondante). Toutefois, les personnes identifiées comme ayant un autre cancer dans le PMSI-MCO au cours des années n à n-1, et repérées uniquement par une hospitalisation pour « examen de contrôle après traitement d'une tumeur maligne » (Z08 en DP ou DR), ont été reclassées dans le groupe surveillance si elles n'ont pas eu au cours des années n à n-1 de séance de radiothérapie (Z51.0) et/ou de chimiothérapie (Z51.1). Un traitement par thérapie ciblée (spécifique des cellules cancéreuses) ou un séjour pour métastase au cours des années n à n-1 conduit à reclasser le patient dans le groupe de cancer actif. En présence d'un autre cancer et de séjours pour métastases, certains séjours dont le codage indique un cancer primitif du foie, de l'os et du cerveau ont été considérés comme liés à une métastase hépatique, osseuse ou cérébrale de l'autre cancer	
CRTO_CT_IND_G12_AAAA	CAN_AUT_CAT	integer	number	3		2015			Autres cancers	Regroupement des pathologies autres cancers actifs et autres cancers sous surveillance	
CRTO_CT_IND_G12_AAAA	CAN_AUT_SUR	integer	number	3		2015			Autres cancers sous surveillance	Personnes ayant une ALD (Affection de Longue Durée) avec codes CIM-10 d'autres cancers (à l'exclusion des cancers du sein chez la femme, du côlon, de la jonction recto-sigmoïdienne, du rectum, du poumon, des bronches, de la prostate et des tumeurs à évolution imprévisible ou inconnue) avec date de début antérieure à l'année n-1, et/ou personnes hospitalisées pour autres cancers au cours des années n à n-4 (diagnostic principal (DP) ou diagnostic relié (DR), ou diagnostic associé (DA) au cours des années n à n-1). Les patients de sexe masculin atteints de cancers du sein sont inclus dans ce groupe. Le cancer actif prime sur le cancer sous surveillance (voir la fiche correspondante)	
CRTO_CT_IND_G12_AAAA	CAN_BPU_ACT	integer	number	3		2015			Cancer bronchopulmonaire actif	Personnes ayant une ALD (Affection de Longue Durée) avec codes CIM-10 de cancer du poumon ou des bronches (y compris les formes in situ) avec date de début au cours des années n à n-1 et/ou personnes hospitalisées pour cancer du poumon ou des bronches au cours des années n à n-1 (diagnostic principal (DP) ou diagnostic relié (DR)). Le cancer actif prime sur le cancer sous surveillance (voir la fiche correspondante). Toutefois, les personnes identifiées comme ayant un cancer du poumon dans le PMSI-MCO au cours des années n à n-1, et repérées uniquement par une hospitalisation pour « examen de contrôle après traitement d'une tumeur maligne » (Z08 en DP ou DR), ont été reclassées dans le groupe surveillance si elles n'ont pas eu au cours des années n à n-1 de séance de radiothérapie (Z51.0) et/ou de chimiothérapie (Z51.1). Un traitement par thérapie ciblée (spécifique des cellules cancéreuses) ou un séjour pour métastase au cours des années n à n-1 conduit à reclasser le patient dans le groupe de cancer actif. En présence d'un autre cancer (autre que de l'encéphale), les séjours pour cancer du poumon sont tous considérés comme liés à une métastase pulmonaire de l'autre cancer	
CRTO_CT_IND_G12_AAAA	CAN_BPU_CAT	integer	number	3		2015			Cancer bronchopulmonaire	Regroupement des pathologies cancer du poumon actif et cancer du poumon sous surveillance	
CRTO_CT_IND_G12_AAAA	CAN_BPU_SUR	integer	number	3		2015			Cancer bronchopulmonaire sous surveillance	Personnes ayant une ALD (Affection de Longue Durée) avec codes CIM-10 de cancer du poumon ou des bronches avec date de début antérieure à l'année n-1, et/ou personnes hospitalisées pour cancer du poumon ou des bronches au cours des années n à n-4 (diagnostic principal (DP) ou diagnostic relié (DR), ou diagnostic associé (DA) au cours des années n à n-1). En présence d'un autre cancer (autre que de l'encéphale), les séjours pour cancer du poumon sont tous considérés comme liés à une métastase pulmonaire de l'autre cancer. Le cancer actif prime sur le cancer sous surveillance (voir la fiche correspondante)	
CRTO_CT_IND_G12_AAAA	CAN_CAT_ACT	integer	number	3		2015			Cancers actifs	Regroupement des pathologies cancer du sein de la femme actif, cancer du côlon actif, cancer du poumon actif, cancer de la prostate actif et autres cancers actifs	
CRTO_CT_IND_G12_AAAA	CAN_CAT_CAT	integer	number	3		2015			Cancers	Regroupement des pathologies cancer du sein de la femme actif, cancer du sein de la femme sous surveillance, cancer du côlon actif, cancer du côlon sous surveillance, cancer du poumon actif, cancer du poumon sous surveillance, cancer de la prostate actif, cancer de la prostate sous surveillance, autres cancers actifs et autres cancers sous surveillance	
CRTO_CT_IND_G12_AAAA	CAN_CAT_SUR	integer	number	3		2015			Cancers sous surveillance	Regroupement des pathologies cancer du sein de la femme sous surveillance, cancer du côlon sous surveillance, cancer du poumon sous surveillance, cancer de la prostate sous surveillance et autres cancers sous surveillance	
CRTO_CT_IND_G12_AAAA	CAN_CRE_ACT	integer	number	3		2015			Cancer colorectal actif	Personnes ayant une ALD (Affection de Longue Durée) avec codes CIM-10 de cancer du côlon, de la jonction recto-sigmoïdienne ou du rectum (y compris les formes in situ) avec date de début au cours des années n à n-1, et/ou personnes hospitalisées pour ces mêmes motifs au cours des années n à n-1 (diagnostic principal (DP) ou diagnostic relié (DR)). Le cancer actif prime sur le cancer sous surveillance (voir la fiche correspondante). Toutefois, les personnes identifiées comme ayant un cancer du côlon dans le PMSI-MCO au cours des années n à n-1, et repérées uniquement par une hospitalisation pour « examen de contrôle après traitement d'une tumeur maligne » (Z08 en DP ou DR), ont été reclassées dans le groupe surveillance si elles n'ont pas eu au cours des années n à n-1 de séance de radiothérapie (Z51.0) et/ou de chimiothérapie (Z51.1). Un traitement par thérapie ciblée (spécifique des cellules cancéreuses) ou un séjour pour métastase au cours des années n à n-1 conduit à reclasser la personne dans le groupe de cancer actif	
CRTO_CT_IND_G12_AAAA	CAN_CRE_CAT	integer	number	3		2015			Cancer colorectal	Regroupement des pathologies cancer du côlon actif et cancer du côlon sous surveillance	
CRTO_CT_IND_G12_AAAA	CAN_CRE_SUR	integer	number	3		2015			Cancer colorectal sous surveillance	Personnes ayant une ALD (Affection de Longue Durée) avec codes CIM-10 de cancer du côlon, de la jonction recto-sigmoïdienne ou du rectum (y compris les formes in situ) avec date de début antérieure à l'année n-1, et/ou personnes hospitalisées pour ces mêmes motifs au cours des années n à n-4 (diagnostic principal (DP) ou diagnostic relié (DR), ou diagnostic associé (DA) au cours des années n à n-1). Le cancer actif prime sur le cancer sous surveillance (voir la fiche correspondante)	
CRTO_CT_IND_G12_AAAA	CAN_CUT_ACT	integer	number	3		2015			cancer du col de l'utérus actif	Personnes ayant une ALD (Affection de Longue Durée) avec codes CIM-10 de cancer du col de l'utérus  (y compris les formes in situ) avec date de début au cours des années n à n-1, et/ou personnes hospitalisées pour ces mêmes motifs au cours des années n à n-1 (diagnostic principal (DP) ou diagnostic relié (DR))	
CRTO_CT_IND_G12_AAAA	CAN_CUT_CAT	integer	number	3		2015			cancer du col de l'utérus	Regroupement des pathologies cancer du col de l'utérus actif et cancer du col de l'utérus sous surveillance	
CRTO_CT_IND_G12_AAAA	CAN_CUT_SUR	integer	number	3		2015			cancer du col de l'utérus sous surveillance	Personnes ayant une ALD (Affection de Longue Durée) avec codes CIM-10 decancer du col de l'utérus  au cours des années n à n-4 (diagnostic principal (DP) ou diagnostic relié (DR), ou diagnostic associé (DA) au cours des années n à n-1). En présence d'un autre cancer (autre que de l'encéphale), les séjours pour cancer du poumon sont tous considérés comme liés à une métastase pulmonaire de l'autre cancer. Le cancer actif prime sur le cancer surveillé (voir la fiche correspondante).	
CRTO_CT_IND_G12_AAAA	CAN_DSP_ACT	integer	number	3		2015			cancer de l'appareil digestif sans précision actif	Individus topés 'cancer de l'appareil digestif sans précision actif' (voir la méthodologie médicale)	
CRTO_CT_IND_G12_AAAA	CAN_DSP_CAT	integer	number	3		2015			cancer de l'appareil digestif sans précision	Individus topés 'cancer de l'appareil digestif sans précision ' (voir la méthodologie médicale)	
CRTO_CT_IND_G12_AAAA	CAN_DSP_SUR	integer	number	3		2015			cancer de l'appareil digestif sans précision sous surveillance	Individus topés 'cancer de l'appareil digestif sans précision sous surveillance' (voir la méthodologie médicale)	
CRTO_CT_IND_G12_AAAA	CAN_EST_ACT	integer	number	3		2015			cancer de l'estomac actif	Personnes ayant une ALD (Affection de Longue Durée) avec codes CIM-10 de cancer de l'estomac  (y compris les formes in situ) avec date de début au cours des années n à n-1, et/ou personnes hospitalisées pour ces mêmes motifs au cours des années n à n-1 (diagnostic principal (DP) ou diagnostic relié (DR))	
CRTO_CT_IND_G12_AAAA	CAN_EST_CAT	integer	number	3		2015			cancer de l'estomac	Regroupement des pathologies cancer de l'estomac actif et cancer de l'estomac sous surveillance	
CRTO_CT_IND_G12_AAAA	CAN_EST_SUR	integer	number	3		2015			cancer de l'estomac sous surveillance	Personnes ayant une ALD (Affection de Longue Durée) avec codes CIM-10 decancer de l'estomac  au cours des années n à n-4 (diagnostic principal (DP) ou diagnostic relié (DR), ou diagnostic associé (DA) au cours des années n à n-1). En présence d'un autre cancer (autre que de l'encéphale), les séjours pour cancer du poumon sont tous considérés comme liés à une métastase pulmonaire de l'autre cancer. Le cancer actif prime sur le cancer surveillé (voir la fiche correspondante).	
CRTO_CT_IND_G12_AAAA	CAN_FVB_ACT	integer	number	3		2015			cancer du foie ou des voies biliaires active	Personnes ayant une ALD (Affection de Longue Durée) avec codes CIM-10 de cancer du foie ou des voies biliaires  (y compris les formes in situ) avec date de début au cours des années n à n-1, et/ou personnes hospitalisées pour ces mêmes motifs au cours des années n à n-1 (diagnostic principal (DP) ou diagnostic relié (DR))	
CRTO_CT_IND_G12_AAAA	CAN_FVB_CAT	integer	number	3		2015			cancer du foie ou des voies biliaires	Regroupement des pathologies cancer du foie ou des voies biliaires actif et cancer du foie ou des voies biliaires sous surveillance	
CRTO_CT_IND_G12_AAAA	CAN_FVB_SUR	integer	number	3		2015			cancer du foie ou des voies biliaires sous surveillance	Personnes ayant une ALD (Affection de Longue Durée) avec codes CIM-10 decancer du foie ou des voies biliaires  au cours des années n à n-4 (diagnostic principal (DP) ou diagnostic relié (DR), ou diagnostic associé (DA) au cours des années n à n-1). En présence d'un autre cancer (autre que de l'encéphale), les séjours pour cancer du poumon sont tous considérés comme liés à une métastase pulmonaire de l'autre cancer. Le cancer actif prime sur le cancer surveillé (voir la fiche correspondante).	
CRTO_CT_IND_G12_AAAA	CAN_GFS_ACT	integer	number	3		2015			cancer des organes génitaux féminins sans précision actif	Individus topés 'cancer des organes génitaux féminins sans précision actif' (voir la méthodologie médicale)	
CRTO_CT_IND_G12_AAAA	CAN_GFS_CAT	integer	number	3		2015			cancer des organes génitaux féminins sans précision	Individus topés 'cancer des organes génitaux féminins sans précision ' (voir la méthodologie médicale)	
CRTO_CT_IND_G12_AAAA	CAN_GFS_SUR	integer	number	3		2015			cancer des organes génitaux féminins sans précision sous surveillance	Individus topés 'cancer des organes génitaux féminins sans précision sous surveillance ' (voir la méthodologie médicale)	
CRTO_CT_IND_G12_AAAA	CAN_GMS_ACT	integer	number	3		2015			cancer des organes génitaux masculins sans précision actif	Individus topés 'cancer des organes génitaux masculins sans précision actif' (voir la méthodologie médicale)	
CRTO_CT_IND_G12_AAAA	CAN_GMS_CAT	integer	number	3		2015			cancer des organes génitaux masculins sans précision	Individus topés 'cancer des organes génitaux masculins sans précision ' (voir la méthodologie médicale)	
CRTO_CT_IND_G12_AAAA	CAN_GMS_SUR	integer	number	3		2015			cancer des organes génitaux masculins sans précision sous surveillance	Individus topés 'cancer des organes génitaux masculins sans précision sous surveillance ' (voir la méthodologie médicale)	
CRTO_CT_IND_G12_AAAA	CAN_GSP_ACT	integer	number	3		2015			cancer d'une glande endocrine sans précision actif	Individus topés 'cancer d'une glande endocrine sans précision actif' (voir la méthodologie médicale)	
CRTO_CT_IND_G12_AAAA	CAN_GSP_CAT	integer	number	3		2015			cancer d'une glande endocrine sans précision	Individus topés 'cancer d'une glande endocrine sans précision ' (voir la méthodologie médicale)	
CRTO_CT_IND_G12_AAAA	CAN_GSP_SUR	integer	number	3		2015			cancer d'une glande endocrine sans précision sous surveillance	Individus topés 'cancer d'une glande endocrine sans précision sous surveillance ' (voir la méthodologie médicale)	
CRTO_CT_IND_G12_AAAA	CAN_HSP_ACT	integer	number	3		2015			cancer hématologique sans précision actif	Individus topés 'cancer hématologique sans précision actif' (voir la méthodologie médicale)	
CRTO_CT_IND_G12_AAAA	CAN_HSP_CAT	integer	number	3		2015			cancer hématologique sans précision	Individus topés 'cancer hématologique sans précision ' (voir la méthodologie médicale)	
CRTO_CT_IND_G12_AAAA	CAN_HSP_SUR	integer	number	3		2015			cancer hématologique sans précision sous surveillance	Individus topés 'cancer hématologique sans précision sous surveillance' (voir la méthodologie médicale)	
CRTO_CT_IND_G12_AAAA	CAN_LHO_ACT	integer	number	3		2015			lymphome hodgkinien active	Personnes ayant une ALD (Affection de Longue Durée) avec codes CIM-10 de lymphome hodgkinien  (y compris les formes in situ) avec date de début au cours des années n à n-1, et/ou personnes hospitalisées pour ces mêmes motifs au cours des années n à n-1 (diagnostic principal (DP) ou diagnostic relié (DR))	
CRTO_CT_IND_G12_AAAA	CAN_LHO_CAT	integer	number	3		2015			lymphome hodgkinien	Regroupement des pathologies lymphome hodgkinien actif et lymphome hodgkinien sous surveillance	
CRTO_CT_IND_G12_AAAA	CAN_LHO_SUR	integer	number	3		2015			lymphome hodgkinien sous surveillance	Personnes ayant une ALD (Affection de Longue Durée) avec codes CIM-10 delymphome hodgkinien  au cours des années n à n-4 (diagnostic principal (DP) ou diagnostic relié (DR), ou diagnostic associé (DA) au cours des années n à n-1). En présence d'un autre cancer (autre que de l'encéphale), les séjours pour cancer du poumon sont tous considérés comme liés à une métastase pulmonaire de l'autre cancer. Le cancer actif prime sur le cancer surveillé (voir la fiche correspondante).	
CRTO_CT_IND_G12_AAAA	CAN_LLA_ACT	integer	number	3		2015			leucémie lymphoïde aigue actif	Individus topés 'leucémie lymphoïde aigue actif' (voir la méthodologie médicale)	
CRTO_CT_IND_G12_AAAA	CAN_LLA_CAT	integer	number	3		2015			leucémie lymphoïde aigue	Individus topés 'leucémie lymphoïde aigue' (voir la méthodologie médicale)	
CRTO_CT_IND_G12_AAAA	CAN_LLA_SUR	integer	number	3		2015			leucémie lymphoïde aigue sous surveillance	Individus topés 'leucémie lymphoïde aigue sous surveillance' (voir la méthodologie médicale)	
CRTO_CT_IND_G12_AAAA	CAN_LLC_ACT	integer	number	3		2015			leucémie lymphoïde, chronique ou non précisé active	Personnes ayant une ALD (Affection de Longue Durée) avec codes CIM-10 de leucémie lymphoïde, chronique ou non précisé  (y compris les formes in situ) avec date de début au cours des années n à n-1, et/ou personnes hospitalisées pour ces mêmes motifs au cours des années n à n-1 (diagnostic principal (DP) ou diagnostic relié (DR))	
CRTO_CT_IND_G12_AAAA	CAN_LLC_CAT	integer	number	3		2015			leucémie lymphoïde, chronique ou non précisé	Regroupement des pathologies leucémie lymphoïde, chronique ou non précisé actif et leucémie lymphoïde, chronique ou non précisé sous surveillance	
CRTO_CT_IND_G12_AAAA	CAN_LLC_SUR	integer	number	3		2015			leucémie lymphoïde, chronique ou non précisé sous surveillance	Personnes ayant une ALD (Affection de Longue Durée) avec codes CIM-10 deleucémie lymphoïde, chronique ou non précisé  au cours des années n à n-4 (diagnostic principal (DP) ou diagnostic relié (DR), ou diagnostic associé (DA) au cours des années n à n-1). En présence d'un autre cancer (autre que de l'encéphale), les séjours pour cancer du poumon sont tous considérés comme liés à une métastase pulmonaire de l'autre cancer. Le cancer actif prime sur le cancer surveillé (voir la fiche correspondante).	
CRTO_CT_IND_G12_AAAA	CAN_LMA_ACT	integer	number	3		2015			leucémie myéloïde aigue active	Personnes ayant une ALD (Affection de Longue Durée) avec codes CIM-10 de leucémie myéloïde aigue  (y compris les formes in situ) avec date de début au cours des années n à n-1, et/ou personnes hospitalisées pour ces mêmes motifs au cours des années n à n-1 (diagnostic principal (DP) ou diagnostic relié (DR))	
CRTO_CT_IND_G12_AAAA	CAN_LMA_CAT	integer	number	3		2015			leucémie myéloïde aigue	Regroupement des pathologies leucémie myéloïde aigue actif et leucémie myéloïde aigue sous surveillance	
CRTO_CT_IND_G12_AAAA	CAN_LMA_SUR	integer	number	3		2015			leucémie myéloïde aigue sous surveillance	Personnes ayant une ALD (Affection de Longue Durée) avec codes CIM-10 deleucémie myéloïde aigue  au cours des années n à n-4 (diagnostic principal (DP) ou diagnostic relié (DR), ou diagnostic associé (DA) au cours des années n à n-1). En présence d'un autre cancer (autre que de l'encéphale), les séjours pour cancer du poumon sont tous considérés comme liés à une métastase pulmonaire de l'autre cancer. Le cancer actif prime sur le cancer surveillé (voir la fiche correspondante).	
CRTO_CT_IND_G12_AAAA	CAN_LMC_ACT	integer	number	3		2015			leucémie myéloïde, chronique ou non précisé active	Personnes ayant une ALD (Affection de Longue Durée) avec codes CIM-10 de leucémie myéloïde, chronique ou non précisé  (y compris les formes in situ) avec date de début au cours des années n à n-1, et/ou personnes hospitalisées pour ces mêmes motifs au cours des années n à n-1 (diagnostic principal (DP) ou diagnostic relié (DR))	
CRTO_CT_IND_G12_AAAA	CAN_LMC_CAT	integer	number	3		2015			leucémie myéloïde, chronique ou non précisé	Regroupement des pathologies leucémie myéloïde, chronique ou non précisé actif et leucémie myéloïde, chronique ou non précisé sous surveillance	
CRTO_CT_IND_G12_AAAA	CAN_LMC_SUR	integer	number	3		2015			leucémie myéloïde, chronique ou non précisé sous surveillance	Personnes ayant une ALD (Affection de Longue Durée) avec codes CIM-10 deleucémie myéloïde, chronique ou non précisé  au cours des années n à n-4 (diagnostic principal (DP) ou diagnostic relié (DR), ou diagnostic associé (DA) au cours des années n à n-1). En présence d'un autre cancer (autre que de l'encéphale), les séjours pour cancer du poumon sont tous considérés comme liés à une métastase pulmonaire de l'autre cancer. Le cancer actif prime sur le cancer surveillé (voir la fiche correspondante).	
CRTO_CT_IND_G12_AAAA	CAN_LNH_ACT	integer	number	3		2015			lymphome non hodgkinien actif	Personnes ayant une ALD (Affection de Longue Durée) avec codes CIM-10 de lymphome non hodgkinien  (y compris les formes in situ) avec date de début au cours des années n à n-1, et/ou personnes hospitalisées pour ces mêmes motifs au cours des années n à n-1 (diagnostic principal (DP) ou diagnostic relié (DR))	
CRTO_CT_IND_G12_AAAA	CAN_LNH_CAT	integer	number	3		2015			lymphome non hodgkinien	Regroupement des pathologies lymphome non hodgkinien actif et lymphome non hodgkinien sous surveillance	
CRTO_CT_IND_G12_AAAA	CAN_LNH_SUR	integer	number	3		2015			lymphome non hodgkinien sous surveillance	Personnes ayant une ALD (Affection de Longue Durée) avec codes CIM-10 de lymphome non hodgkinien  au cours des années n à n-4 (diagnostic principal (DP) ou diagnostic relié (DR), ou diagnostic associé (DA) au cours des années n à n-1). En présence d'un autre cancer (autre que de l'encéphale), les séjours pour cancer du poumon sont tous considérés comme liés à une métastase pulmonaire de l'autre cancer. Le cancer actif prime sur le cancer surveillé (voir la fiche correspondante).	
CRTO_CT_IND_G12_AAAA	CAN_MEL_ACT	integer	number	3		2015			mélanome de la peau actif	Personnes ayant une ALD (Affection de Longue Durée) avec codes CIM-10 de mélanome de la peau  (y compris les formes in situ) avec date de début au cours des années n à n-1, et/ou personnes hospitalisées pour ces mêmes motifs au cours des années n à n-1 (diagnostic principal (DP) ou diagnostic relié (DR))	
CRTO_CT_IND_G12_AAAA	CAN_MEL_CAT	integer	number	3		2015			mélanome de la peau	Regroupement des pathologies mélanome de la peau actif et mélanome de la peau sous surveillance	
CRTO_CT_IND_G12_AAAA	CAN_MEL_SUR	integer	number	3		2015			mélanome de la peau sous surveillance	Personnes ayant une ALD (Affection de Longue Durée) avec codes CIM-10 demélanome de la peau  au cours des années n à n-4 (diagnostic principal (DP) ou diagnostic relié (DR), ou diagnostic associé (DA) au cours des années n à n-1). En présence d'un autre cancer (autre que de l'encéphale), les séjours pour cancer du poumon sont tous considérés comme liés à une métastase pulmonaire de l'autre cancer. Le cancer actif prime sur le cancer surveillé (voir la fiche correspondante).	
CRTO_CT_IND_G12_AAAA	CAN_MMP_ACT	integer	number	3		2015			myélome multiple et tumeur maligne à plasmocytes active	Personnes ayant une ALD (Affection de Longue Durée) avec codes CIM-10 de myélome multiple et tumeur maligne à plasmocytes  (y compris les formes in situ) avec date de début au cours des années n à n-1, et/ou personnes hospitalisées pour ces mêmes motifs au cours des années n à n-1 (diagnostic principal (DP) ou diagnostic relié (DR))	
CRTO_CT_IND_G12_AAAA	CAN_MMP_CAT	integer	number	3		2015			myélome multiple et tumeur maligne à plasmocytes	Regroupement des pathologies myélome multiple et tumeur maligne à plasmocytes actif et myélome multiple et tumeur maligne à plasmocytes sous surveillance	
CRTO_CT_IND_G12_AAAA	CAN_MMP_SUR	integer	number	3		2015			myélome multiple et tumeur maligne à plasmocytes sous surveillance	Personnes ayant une ALD (Affection de Longue Durée) avec codes CIM-10 demyélome multiple et tumeur maligne à plasmocytes  au cours des années n à n-4 (diagnostic principal (DP) ou diagnostic relié (DR), ou diagnostic associé (DA) au cours des années n à n-1). En présence d'un autre cancer (autre que de l'encéphale), les séjours pour cancer du poumon sont tous considérés comme liés à une métastase pulmonaire de l'autre cancer. Le cancer actif prime sur le cancer surveillé (voir la fiche correspondante).	
CRTO_CT_IND_G12_AAAA	CAN_MYE_ACT	integer	number	3		2015			maladie myéloproliférative et syndrome myélodysplasique active	Individus topés 'maladie myéloproliférative et syndrome myélodysplasique active' (voir la méthodologie médicale)	
CRTO_CT_IND_G12_AAAA	CAN_MYE_CAT	integer	number	3		2015			maladie myéloproliférative et syndrome myélodysplasique	Individus topés 'maladie myéloproliférative et syndrome myélodysplasique' (voir la méthodologie médicale)	
CRTO_CT_IND_G12_AAAA	CAN_MYE_SUR	integer	number	3		2015			maladie myéloproliférative et syndrome myélodysplasique sous surveillance	Individus topés 'maladie myéloproliférative et syndrome myélodysplasique sous surveillance' (voir la méthodologie médicale)	
CRTO_CT_IND_G12_AAAA	CAN_NCA_ACT	integer	number	3		2015			cancers non classés ailleurs actif	Personnes ayant une ALD (Affection de Longue Durée) avec codes CIM-10 de cancers non classés ailleurs  (y compris les formes in situ) avec date de début au cours des années n à n-1, et/ou personnes hospitalisées pour ces mêmes motifs au cours des années n à n-1 (diagnostic principal (DP) ou diagnostic relié (DR))	
CRTO_CT_IND_G12_AAAA	CAN_NCA_CAT	integer	number	3		2015			cancers non classés ailleurs	Regroupement des pathologies cancers non classés ailleurs actif et cancers non classés ailleurs sous surveillance	
CRTO_CT_IND_G12_AAAA	CAN_NCA_SUR	integer	number	3		2015			cancers non classés ailleurs sous surveillance	Personnes ayant une ALD (Affection de Longue Durée) avec codes CIM-10 de cancers non classés ailleurs au cours des années n à n-4 (diagnostic principal (DP) ou diagnostic relié (DR), ou diagnostic associé (DA) au cours des années n à n-1). En présence d'un autre cancer (autre que de l'encéphale), les séjours pour cancer du poumon sont tous considérés comme liés à une métastase pulmonaire de l'autre cancer. Le cancer actif prime sur le cancer surveillé (voir la fiche correspondante).	
CRTO_CT_IND_G12_AAAA	CAN_OES_ACT	integer	number	3		2015			cancer de l'oesophage actif	Personnes ayant une ALD (Affection de Longue Durée) avec codes CIM-10 de cancer de l'oesophage  (y compris les formes in situ) avec date de début au cours des années n à n-1, et/ou personnes hospitalisées pour ces mêmes motifs au cours des années n à n-1 (diagnostic principal (DP) ou diagnostic relié (DR))	
CRTO_CT_IND_G12_AAAA	CAN_OES_CAT	integer	number	3		2015			cancer de l'oesophage	Regroupement des pathologies cancer de l'oesophage actif et cancer de l'oesophage sous surveillance	
CRTO_CT_IND_G12_AAAA	CAN_OES_SUR	integer	number	3		2015			cancer de l'oesophage sous surveillance	Personnes ayant une ALD (Affection de Longue Durée) avec codes CIM-10 decancer de l'oesophage  au cours des années n à n-4 (diagnostic principal (DP) ou diagnostic relié (DR), ou diagnostic associé (DA) au cours des années n à n-1). En présence d'un autre cancer (autre que de l'encéphale), les séjours pour cancer du poumon sont tous considérés comme liés à une métastase pulmonaire de l'autre cancer. Le cancer actif prime sur le cancer surveillé (voir la fiche correspondante).	
CRTO_CT_IND_G12_AAAA	CAN_OSS_ACT	integer	number	3		2015			cancer de l'os actif	Personnes ayant une ALD (Affection de Longue Durée) avec codes CIM-10 de cancer de l'os  (y compris les formes in situ) avec date de début au cours des années n à n-1, et/ou personnes hospitalisées pour ces mêmes motifs au cours des années n à n-1 (diagnostic principal (DP) ou diagnostic relié (DR))	
CRTO_CT_IND_G12_AAAA	CAN_OSS_CAT	integer	number	3		2015			cancer de l'os	Regroupement des pathologies cancer de l'os actif et cancer de l'os sous surveillance	
CRTO_CT_IND_G12_AAAA	CAN_OSS_SUR	integer	number	3		2015			cancer de l'os sous surveillance	Personnes ayant une ALD (Affection de Longue Durée) avec codes CIM-10 decancer de l'os sous surveillance au cours des années n à n-4 (diagnostic principal (DP) ou diagnostic relié (DR), ou diagnostic associé (DA) au cours des années n à n-1). En présence d'un autre cancer (autre que de l'encéphale), les séjours pour cancer du poumon sont tous considérés comme liés à une métastase pulmonaire de l'autre cancer. Le cancer actif prime sur le cancer sous surveillance (voir la fiche correspondante)	
CRTO_CT_IND_G12_AAAA	CAN_OVA_ACT	integer	number	3		2015			cancer de l'os sous surveillance	Personnes ayant une ALD (Affection de Longue Durée) avec codes CIM-10 de cancer de l'ovaire  (y compris les formes in situ) avec date de début au cours des années n à n-1, et/ou personnes hospitalisées pour ces mêmes motifs au cours des années n à n-1 (diagnostic principal (DP) ou diagnostic relié (DR))	
CRTO_CT_IND_G12_AAAA	CAN_OVA_CAT	integer	number	3		2015			cancer de l'ovaire	Regroupement des pathologies cancer de l'ovaire actif et cancer de l'ovaire sous surveillance	
CRTO_CT_IND_G12_AAAA	CAN_OVA_SUR	integer	number	3		2015			cancer de l'ovaire sous surveillance	Personnes ayant une ALD (Affection de Longue Durée) avec codes CIM-10 decancer de l'ovaire  au cours des années n à n-4 (diagnostic principal (DP) ou diagnostic relié (DR), ou diagnostic associé (DA) au cours des années n à n-1). En présence d'un autre cancer (autre que de l'encéphale), les séjours pour cancer du poumon sont tous considérés comme liés à une métastase pulmonaire de l'autre cancer. Le cancer actif prime sur le cancer surveillé (voir la fiche correspondante).	
CRTO_CT_IND_G12_AAAA	CAN_PAN_ACT	integer	number	3		2015			cancer du pancréas actif	Personnes ayant une ALD (Affection de Longue Durée) avec codes CIM-10 de cancer du pancréas  (y compris les formes in situ) avec date de début au cours des années n à n-1, et/ou personnes hospitalisées pour ces mêmes motifs au cours des années n à n-1 (diagnostic principal (DP) ou diagnostic relié (DR))	
CRTO_CT_IND_G12_AAAA	CAN_PAN_CAT	integer	number	3		2015			cancer du pancréas	Regroupement des pathologies cancer du pancréas actif et cancer du pancréas sous surveillance	
CRTO_CT_IND_G12_AAAA	CAN_PAN_SUR	integer	number	3		2015			cancer du pancréas sous surveillance	Personnes ayant une ALD (Affection de Longue Durée) avec codes CIM-10 decancer du pancréas  au cours des années n à n-4 (diagnostic principal (DP) ou diagnostic relié (DR), ou diagnostic associé (DA) au cours des années n à n-1). En présence d'un autre cancer (autre que de l'encéphale), les séjours pour cancer du poumon sont tous considérés comme liés à une métastase pulmonaire de l'autre cancer. Le cancer actif prime sur le cancer surveillé (voir la fiche correspondante).	
CRTO_CT_IND_G12_AAAA	CAN_PEA_ACT	integer	number	3		2015			cancer de la peau (hors mélanome) actif	Personnes ayant une ALD (Affection de Longue Durée) avec codes CIM-10 de cancer de la peau (hors mélanome)  (y compris les formes in situ) avec date de début au cours des années n à n-1, et/ou personnes hospitalisées pour ces mêmes motifs au cours des années n à n-1 (diagnostic principal (DP) ou diagnostic relié (DR))	
CRTO_CT_IND_G12_AAAA	CAN_PEA_CAT	integer	number	3		2015			cancer de la peau (hors mélanome)	Regroupement des pathologies cancer de la peau (hors mélanome) actif et cancer de la peau (hors mélanome) sous surveillance	
CRTO_CT_IND_G12_AAAA	CAN_PEA_SUR	integer	number	3		2015			cancer de la peau (hors mélanome) sous surveillance	Personnes ayant une ALD (Affection de Longue Durée) avec codes CIM-10 decancer de la peau (hors mélanome)  au cours des années n à n-4 (diagnostic principal (DP) ou diagnostic relié (DR), ou diagnostic associé (DA) au cours des années n à n-1). En présence d'un autre cancer (autre que de l'encéphale), les séjours pour cancer du poumon sont tous considérés comme liés à une métastase pulmonaire de l'autre cancer. Le cancer actif prime sur le cancer surveillé (voir la fiche correspondante).	
CRTO_CT_IND_G12_AAAA	CAN_PRO_ACT	integer	number	3		2015			Cancer de la prostate actif	Hommes ayant une ALD (Affection de Longue Durée) avec codes CIM-10 de cancer de la prostate (y compris les formes in situ) avec date de début au cours des années n à n-1, et/ou hommes hospitalisés pour cancer de la prostate au cours des années n à n-1 (diagnostic principal (DP) ou diagnostic relié (DR)), et/ou hommes âgés de 40 ans et plus, ayant reçu au moins 3 délivrances au cours des années n à n-1 de traitement anti-androgénique. Le cancer actif prime sur le cancer sous surveillance (voir la fiche correspondante). Toutefois, les hommes identifiés comme ayant un cancer de la prostate dans le PMSI-MCO au cours des années n à n-1, et repérés uniquement par une hospitalisation pour « examen de contrôle après traitement d'une tumeur maligne » (Z08 en DP ou DR), ont été reclassés dans le groupe surveillance s'ils n'ont pas eu au cours des années n à n-1 de séance de radiothérapie (Z51.0) et/ou de chimiothérapie (Z51.1). Un traitement par thérapie ciblée (spécifique des cellules cancéreuses) ou un séjour pour métastase au cours des années n à n-1 conduit à reclasser le patient dans le groupe de cancer actif	
CRTO_CT_IND_G12_AAAA	CAN_PRO_CAT	integer	number	3		2015			Cancer de la prostate	Regroupement des pathologies cancer de la prostate actif et cancer de la prostate sous surveillance	
CRTO_CT_IND_G12_AAAA	CAN_PRO_SUR	integer	number	3		2015			Cancer de la prostate sous surveillance	Hommes ayant une ALD (Affection de Longue Durée) avec codes CIM-10 de cancer de la prostate avec date de début antérieure à l'année n-1, et/ou hommes hospitalisés pour cancer de la prostate au cours des années n à n-4 (diagnostic principal (DP) ou diagnostic relié (DR), ou diagnostic associé (DA) au cours des années n à n-1). Le cancer actif prime sur le cancer sous surveillance (voir la fiche correspondante)	
CRTO_CT_IND_G12_AAAA	CAN_REI_ACT	integer	number	3		2015			cancer du rein actif	Personnes ayant une ALD (Affection de Longue Durée) avec codes CIM-10 de cancer du rein  (y compris les formes in situ) avec date de début au cours des années n à n-1, et/ou personnes hospitalisées pour ces mêmes motifs au cours des années n à n-1 (diagnostic principal (DP) ou diagnostic relié (DR))	
CRTO_CT_IND_G12_AAAA	CAN_REI_CAT	integer	number	3		2015			cancer du rein	Regroupement des pathologies cancer du rein actif et cancer du rein sous surveillance	
CRTO_CT_IND_G12_AAAA	CAN_REI_SUR	integer	number	3		2015			cancer du rein sous surveillance	Personnes ayant une ALD (Affection de Longue Durée) avec codes CIM-10 decancer du rein  au cours des années n à n-4 (diagnostic principal (DP) ou diagnostic relié (DR), ou diagnostic associé (DA) au cours des années n à n-1). En présence d'un autre cancer (autre que de l'encéphale), les séjours pour cancer du poumon sont tous considérés comme liés à une métastase pulmonaire de l'autre cancer. Le cancer actif prime sur le cancer surveillé (voir la fiche correspondante).	
CRTO_CT_IND_G12_AAAA	CAN_RES_ACT	integer	number	3		2015			Cancer de l'appareil respiratoire/thorax sans précision actif	Individus topés 'Cancer de l'appareil respiratoire/thorax sans précision actif' (voir la méthodologie médicale)	
CRTO_CT_IND_G12_AAAA	CAN_RES_CAT	integer	number	3		2015			cancer de l'appareil respiratoire/thorax sans précision	Individus topés 'cancer de l'appareil respiratoire/thorax sans précision' (voir la méthodologie médicale)	
CRTO_CT_IND_G12_AAAA	CAN_RES_SUR	integer	number	3		2015			cancer de l'appareil respiratoire/thorax sans précision sous surveillance	Individus topés 'cancer de l'appareil respiratoire/thorax sans précision sous surveillance' (voir la méthodologie médicale)	
CRTO_CT_IND_G12_AAAA	CAN_SEI_ACT	integer	number	3		2015			Cancer du sein de la femme actif	Femmes ayant une ALD (Affection de Longue Durée) avec codes CIM-10 de cancer du sein (y compris les formes in situ) avec une date de début au cours des années n à n-1, et/ou femmes hospitalisées pour cancer du sein au cours des années n à n-1 (diagnostic principal (DP) ou diagnostic relié (DR)). Le cancer actif prime sur le cancer sous surveillance (voir la fiche correspondante). Toutefois, les femmes identifiées comme ayant un cancer du sein dans le PMSI-MCO au cours des années n à n-1, et repérées uniquement par une hospitalisation pour « examen de contrôle après traitement d'une tumeur maligne » (Z08 en DP ou DR), ont été reclassées dans le groupe surveillance si elles n'ont pas eu au cours des années n à n-1 de séance de radiothérapie (Z51.0) et/ou de chimiothérapie (Z51.1). Un traitement par thérapie ciblée (spécifique des cellules cancéreuses) ou un séjour pour métastase au cours des années n à n-1 conduit à reclasser la patiente dans le groupe de cancer actif. Les inhibiteurs de l'aromatase et les anti-oestrogènes donnés au long cours en prévention des récidives n'ont pas été pris en compte	
CRTO_CT_IND_G12_AAAA	CAN_SEI_CAT	integer	number	3		2015			Cancer du sein de la femme	Regroupement des pathologies cancer du sein de la femme actif et cancer du sein de la femme sous surveillance	
CRTO_CT_IND_G12_AAAA	CAN_SEI_SUR	integer	number	3		2015			Cancer du sein de la femme sous surveillance	Femmes ayant une ALD (Affection de Longue Durée) avec codes CIM-10 de cancer du sein (y compris les formes in situ) avec date de début antérieure à l'année n-1, et/ou femmes hospitalisées pour cancer du sein au cours des années n à n-4 (diagnostic principal (DP) ou diagnostic relié (DR), ou diagnostic associé (DA) au cours des années n à n-1). Le cancer actif prime sur le cancer sous surveillance (voir la fiche correspondante)	
CRTO_CT_IND_G12_AAAA	CAN_SNE_ACT	integer	number	3		2015			cancer du système nerveux actif	Personnes ayant une ALD (Affection de Longue Durée) avec codes CIM-10 de cancer du système nerveux  (y compris les formes in situ) avec date de début au cours des années n à n-1, et/ou personnes hospitalisées pour ces mêmes motifs au cours des années n à n-1 (diagnostic principal (DP) ou diagnostic relié (DR))	
CRTO_CT_IND_G12_AAAA	CAN_SNE_CAT	integer	number	3		2015			cancer du système nerveux	Personnes ayant une ALD (Affection de Longue Durée) avec codes CIM-10 de cancer du système nerveux (y compris les formes in situ) avec date de début au cours des années n à n-1, et/ou personnes hospitalisées pour ces mêmes motifs au cours des années n à n-1 (diagnostic principal (DP) ou diagnostic relié (DR))	
CRTO_CT_IND_G12_AAAA	CAN_SNE_SUR	integer	number	3		2015			cancer du système nerveux sous surveillance	Personnes ayant une ALD (Affection de Longue Durée) avec codes CIM-10 decancer du système nerveux  au cours des années n à n-4 (diagnostic principal (DP) ou diagnostic relié (DR), ou diagnostic associé (DA) au cours des années n à n-1). En présence d'un autre cancer (autre que de l'encéphale), les séjours pour cancer du poumon sont tous considérés comme liés à une métastase pulmonaire de l'autre cancer. Le cancer actif prime sur le cancer surveillé (voir la fiche correspondante).	
CRTO_CT_IND_G12_AAAA	CAN_THY_ACT	integer	number	3		2015			cancer de la thyroïde actif	Personnes ayant une ALD (Affection de Longue Durée) avec codes CIM-10 de cancer de la thyroïde  (y compris les formes in situ) avec date de début au cours des années n à n-1, et/ou personnes hospitalisées pour ces mêmes motifs au cours des années n à n-1 (diagnostic principal (DP) ou diagnostic relié (DR))	
CRTO_CT_IND_G12_AAAA	CAN_THY_CAT	integer	number	3		2015			cancer de la thyroïde	Regroupement des pathologies cancer de la thyroïde actif et cancer de la thyroïde sous surveillance	
CRTO_CT_IND_G12_AAAA	CAN_THY_SUR	integer	number	3		2015			cancer de la thyroïde sous surveillance	Personnes ayant une ALD (Affection de Longue Durée) avec codes CIM-10 decancer de la thyroïde  au cours des années n à n-4 (diagnostic principal (DP) ou diagnostic relié (DR), ou diagnostic associé (DA) au cours des années n à n-1). En présence d'un autre cancer (autre que de l'encéphale), les séjours pour cancer du poumon sont tous considérés comme liés à une métastase pulmonaire de l'autre cancer. Le cancer actif prime sur le cancer surveillé (voir la fiche correspondante).	
CRTO_CT_IND_G12_AAAA	CAN_TMO_ACT	integer	number	3		2015			cancer des tissus mous actif	Personnes ayant une ALD (Affection de Longue Durée) avec codes CIM-10 de cancer des tissus mous  (y compris les formes in situ) avec date de début au cours des années n à n-1, et/ou personnes hospitalisées pour ces mêmes motifs au cours des années n à n-1 (diagnostic principal (DP) ou diagnostic relié (DR))	
CRTO_CT_IND_G12_AAAA	CAN_TMO_CAT	integer	number	3		2015			cancer des tissus mous	Regroupement des pathologies cancer des tissus mous actif et cancer des tissus mous sous surveillance	
CRTO_CT_IND_G12_AAAA	CAN_TMO_SUR	integer	number	3		2015			cancer des tissus mous sous surveillance	Personnes ayant une ALD (Affection de Longue Durée) avec codes CIM-10 decancer des tissus mous  au cours des années n à n-4 (diagnostic principal (DP) ou diagnostic relié (DR), ou diagnostic associé (DA) au cours des années n à n-1). En présence d'un autre cancer (autre que de l'encéphale), les séjours pour cancer du poumon sont tous considérés comme liés à une métastase pulmonaire de l'autre cancer. Le cancer actif prime sur le cancer surveillé (voir la fiche correspondante).	
CRTO_CT_IND_G12_AAAA	CAN_USP_ACT	integer	number	3		2015			cancer de l'appareil urinaire sans précision actif	Individus topés 'cancer de l'appareil urinaire sans précision actif' (voir la méthodologie médicale)	
CRTO_CT_IND_G12_AAAA	CAN_USP_CAT	integer	number	3		2015			cancer de l'appareil urinaire sans précision	Individus topés 'cancer de l'appareil urinaire sans précision ' (voir la méthodologie médicale)	
CRTO_CT_IND_G12_AAAA	CAN_USP_SUR	integer	number	3		2015			cancer de l'appareil urinaire sans précision sous surveillance	Individus topés 'cancer de l'appareil urinaire sans précision sous surveillance' (voir la méthodologie médicale)	
CRTO_CT_IND_G12_AAAA	CAN_UTE_ACT	integer	number	3		2015			cancer du corps de l'utérus actif	Personnes ayant une ALD (Affection de Longue Durée) avec codes CIM-10 de cancer du corps de l'utérus  (y compris les formes in situ) avec date de début au cours des années n à n-1, et/ou personnes hospitalisées pour ces mêmes motifs au cours des années n à n-1 (diagnostic principal (DP) ou diagnostic relié (DR))	
CRTO_CT_IND_G12_AAAA	CAN_UTE_CAT	integer	number	3		2015			cancer du corps de l'utérus	Regroupement des pathologies cancer du corps de l'utérus actif et cancer du corps de l'utérus sous surveillance	
CRTO_CT_IND_G12_AAAA	CAN_UTE_SUR	integer	number	3		2015			cancer du corps de l'utérus sous surveillance	Personnes ayant une ALD (Affection de Longue Durée) avec codes CIM-10 decancer du corps de l'utérus  au cours des années n à n-4 (diagnostic principal (DP) ou diagnostic relié (DR), ou diagnostic associé (DA) au cours des années n à n-1). En présence d'un autre cancer (autre que de l'encéphale), les séjours pour cancer du poumon sont tous considérés comme liés à une métastase pulmonaire de l'autre cancer. Le cancer actif prime sur le cancer surveillé (voir la fiche correspondante).	
CRTO_CT_IND_G12_AAAA	CAN_VAS_ACT	integer	number	3		2015			cancer des VADS actif	Personnes ayant une ALD (Affection de Longue Durée) avec codes CIM-10 de cancer des VADS  (y compris les formes in situ) avec date de début au cours des années n à n-1, et/ou personnes hospitalisées pour ces mêmes motifs au cours des années n à n-1 (diagnostic principal (DP) ou diagnostic relié (DR))	
CRTO_CT_IND_G12_AAAA	CAN_VAS_CAT	integer	number	3		2015			cancer des VADS	Regroupement des pathologies cancer des VADS actif et cancer des VADS sous surveillance	
CRTO_CT_IND_G12_AAAA	CAN_VAS_SUR	integer	number	3		2015			cancer des VADS sous surveillance	Personnes ayant une ALD (Affection de Longue Durée) avec codes CIM-10 decancer des VADS  au cours des années n à n-4 (diagnostic principal (DP) ou diagnostic relié (DR), ou diagnostic associé (DA) au cours des années n à n-1). En présence d'un autre cancer (autre que de l'encéphale), les séjours pour cancer du poumon sont tous considérés comme liés à une métastase pulmonaire de l'autre cancer. Le cancer actif prime sur le cancer surveillé (voir la fiche correspondante).	
CRTO_CT_IND_G12_AAAA	CAN_VES_ACT	integer	number	3		2015			cancer de la vessie actif	Personnes ayant une ALD (Affection de Longue Durée) avec codes CIM-10 de cancer de la vessie  (y compris les formes in situ) avec date de début au cours des années n à n-1, et/ou personnes hospitalisées pour ces mêmes motifs au cours des années n à n-1 (diagnostic principal (DP) ou diagnostic relié (DR))	
CRTO_CT_IND_G12_AAAA	CAN_VES_CAT	integer	number	3		2015			cancer de la vessie	Regroupement des pathologies cancer de la vessie actif et cancer de la vessie sous surveillance	
CRTO_CT_IND_G12_AAAA	CAN_VES_SUR	integer	number	3		2015			cancer de la vessie sous surveillance	Personnes ayant une ALD (Affection de Longue Durée) avec codes CIM-10 de cancer de la vessie au cours des années n à n-4 (diagnostic principal (DP) ou diagnostic relié (DR), ou diagnostic associé (DA) au cours des années n à n-1). En présence d'un autre cancer (autre que de l'encéphale), les séjours pour cancer du poumon sont tous considérés comme liés à une métastase pulmonaire de l'autre cancer. Le cancer actif prime sur le cancer surveillé (voir la fiche correspondante).	
CRTO_CT_IND_G12_AAAA	CLA_AGE_5	string	string	5		2015			Classes d'âge du bénéficiaire (quinquennales)	Regroupement en classes d'âge quinquennales du bénéficiaire : de 0 à 4 ans ; de 5 à 9 ans ; de 10 à 14 ans ; de 15 à 19 ans ; de 20 à 24 ans ; de 25 à 29 ans ; de 30 à 34 ans ; de 35 à 39 ans ; de 40 à 44 ans ; de 45 à 49 ans ; de 50 à 54 ans ; de 55 à 59 ans ; de 60 à 64 ans ; de 65 à 69 ans ; de 70 à 74 ans ; de 75 à 79 ans ; de 80 à 84 ans ; de 85 à 89 ans ; de 90 à 94 ans ; de 95 à 99 ans ; de 100 à 104 ans ; de 105 à 110 ans.Cette variable est calculée à partir de l'âge du bénéficiaire (age). Cette variable ne peut pas avoir de valeur manquante car les identifiants cartographie (ID_CARTO) n'étant pas compris dans l'intervalle 0 à 110 ans sont supprimés de la base.	
CRTO_CT_IND_G12_AAAA	CLA_AGE_CT	string	string	5		2015			Classes d'âge du bénéficiaire (cartographie)	Regroupement en classes d'âge du bénéficiaire : de 0 à 14 ans ; de 15 à 34 ans ; de 35 à 54 ans ; de 55 à 64 ans ; de 65 à 74 ans ; 75 ans et plus.Cette variable est calculée à partir de l'âge du bénéficiaire (age). Cette variable ne peut pas avoir de valeur manquante car les identifiants cartographie (ID_CARTO) n'étant pas compris dans l'intervalle 0 à 110 ans sont supprimés de la base.	
CRTO_CT_IND_G12_AAAA	CMU	integer	number	3		2015	2020	2020,2021,2022,2023	Bénéficiaire de la Couverture Maladie Universelle complémentaire	Bénéficiaire au moins une fois dans l'année de la CMUC (Couverture Maladie Universelle complémentaire)	
CRTO_CT_IND_G12_AAAA	DCD_3112_RG	integer	number	8		2015			Bénéficiaire décédé au 31 décembre de l'année N (pour régime général strict)	Bénéficiaire décédé au 31 décembre de l'année au RG. Si le bénéficiaire n'est pas au RG, cette donnée est forcée à manquante	
CRTO_CT_IND_G12_AAAA	DIA_CAT_CAT	integer	number	3		2015			Diabète	Personnes ayant reçu au moins 3 délivrances (à différentes dates) d'antidiabétiques oraux ou d'insuline (ou au moins 2 en cas d'au moins 1 grand conditionnement) au cours de l'année n, et/ou personnes ayant reçu au moins 3 délivrances (à différentes dates) d'antidiabétiques oraux ou d'insuline (ou au moins 2 en cas d'au moins 1 grand conditionnement) au cours de l'année n-1, et/ou personnes ayant une ALD (Affection de Longue Durée) au cours de l'année n avec codes CIM-10 de diabète et/ou personnes hospitalisées au cours des années n à n-1 avec codes CIM10 de diabète (diagnostic principal (DP) ou diagnostic relié (DR)), et/ou personnes hospitalisées au cours des années n à n-1 pour une complication du diabète (DP ou DR) avec un code CIM10 de diabète en diagnostic associé (DA), ou en DP ou DR de RUM (Résumé d'Unité Médicale)	
CRTO_CT_IND_G12_AAAA	DIA_INS_IND	integer	number	3		2015			Diabète insulino-traité	Personnes ayant reçu au moins 3 délivrances (à différentes dates) d'insuline (ou au moins 2 en cas d'au moins 1 grand conditionnement) au cours de l'année n et faisant parti obligatoirement du top diabète	
CRTO_CT_IND_G12_AAAA	DPT	string	string	3		2015			Département de résidence du bénéficiaire	Département de résidence du bénéficiaire lors de la dernière date de soins de l'année	
CRTO_CT_IND_G12_AAAA	ENM_OBE_IND	integer	number	3		2015			Obésité avec séjour hospitalier	Personnes prises en charge en soins pour obésité avec séjour hospitalier ou acte de chirurgie bariatrique	
CRTO_CT_IND_G12_AAAA	HHP_CAT_EXC	integer	number	3		2015			Hospitalisations hors pathologies repérées (hors pathologies, traitements ou maternité)	Personnes n'ayant pas de pathologie chronique repérée, mais hospitalisées au cours de l'année n	
CRTO_CT_IND_G12_AAAA	HHP_CAT_INC	integer	number	3		2015			Hospitalisations hors pathologies repérées (avec ou sans pathologies, traitements ou maternité)	Personnes ayant ou non des pathologies chroniques repérées et hospitalisées pour des pathologies autres que celles-ci au cours de l'année n	
CRTO_CT_IND_G12_AAAA	HHP_DCV_END	integer	number	3		2015			Endocardite	Personnes hospitalisées l'année n pour endocardite ayant ou non des pathologies chroniques repérées par ailleurs.	
CRTO_CT_IND_G12_AAAA	HHP_DCV_VMI	integer	number	3		2015			Varices des membres inférieurs	Personnes hospitalisées l'année n pour varices des membres inférieurs ayant ou non des pathologies chroniques repérées par ailleurs.	
CRTO_CT_IND_G12_AAAA	HHP_DDI_APP	integer	number	3		2015			Appendicite	Personnes hospitalisées l'année n pour appendicite ayant ou non des pathologies chroniques repérées par ailleurs.	
CRTO_CT_IND_G12_AAAA	HHP_DDI_BIL	integer	number	3		2015			Maladies de la vésicule biliaire et des voies biliaires	Personnes hospitalisées l'année n pour maladies de la vésicule biliaire et des voies biliaires ayant ou non des pathologies chroniques repérées par ailleurs.	
CRTO_CT_IND_G12_AAAA	HHP_DDI_DIV	integer	number	3		2015			Diverticulose de l'intestin	Personnes hospitalisées l'année n pour diverticulose de l'intestin ayant ou non des pathologies chroniques repérées par ailleurs.	
CRTO_CT_IND_G12_AAAA	HHP_DDI_EDI	integer	number	3		2015			Endoscopie digestive	Personnes hospitalisées l'année n pour endoscopie digestive ayant ou non des pathologies chroniques repérées par ailleurs.	
CRTO_CT_IND_G12_AAAA	HHP_DDI_HER	integer	number	3		2015			Hernies	Personnes hospitalisées l'année n pour hernies ayant ou non des pathologies chroniques repérées par ailleurs.	
CRTO_CT_IND_G12_AAAA	HHP_DDI_HMR	integer	number	3		2015			Hémorroïdes	Personnes hospitalisées l'année n pour hémorroïdes ayant ou non des pathologies chroniques repérées par ailleurs.	
CRTO_CT_IND_G12_AAAA	HHP_DDI_UGD	integer	number	3		2015			Ulcère gastroduodénal	Personnes hospitalisées l'année n pour ulcère gastroduodénal ayant ou non des pathologies chroniques repérées par ailleurs.	
CRTO_CT_IND_G12_AAAA	HHP_DNN_NAI	integer	number	3		2015			Naissance vivante	Personnes hospitalisées l'année n pour naissance vivante ayant ou non des pathologies chroniques repérées par ailleurs.	
CRTO_CT_IND_G12_AAAA	HHP_DOP_CSE	integer	number	3		2015			Cataracte sénile	Personnes hospitalisées l'année n pour cataracte sénile ayant ou non des pathologies chroniques repérées par ailleurs.	
CRTO_CT_IND_G12_AAAA	HHP_DOP_GLA	integer	number	3		2015			Glaucome	Personnes hospitalisées l'année n pour glaucome ayant ou non des pathologies chroniques repérées par ailleurs.	
CRTO_CT_IND_G12_AAAA	HHP_DOS_DEN	integer	number	3		2015			Pathologies ou traitements dentaires	Personnes hospitalisées l'année n pour pathologies ou traitements dentaires ayant ou non des pathologies chroniques repérées par ailleurs.	
CRTO_CT_IND_G12_AAAA	HHP_DOS_INF	integer	number	3		2015			Maladies infectieuses ORL	Personnes hospitalisées l'année n pour maladies infectieuses orl ayant ou non des pathologies chroniques repérées par ailleurs.	
CRTO_CT_IND_G12_AAAA	HHP_DOT_ART	integer	number	3		2015			Arthroscopies, biopsies ostéo-articulaires	Personnes hospitalisées l'année n pour arthroscopies, biopsies ostéo-articulaires ayant ou non des pathologies chroniques repérées par ailleurs.	
CRTO_CT_IND_G12_AAAA	HHP_DOT_COX	integer	number	3		2015			Coxarthrose	Personnes hospitalisées l'année n pour coxarthrose ayant ou non des pathologies chroniques repérées par ailleurs.	
CRTO_CT_IND_G12_AAAA	HHP_DOT_FMI	integer	number	3		2015			Fracture du membre inférieur	Personnes hospitalisées l'année n pour fracture du membre inférieur ayant ou non des pathologies chroniques repérées par ailleurs.	
CRTO_CT_IND_G12_AAAA	HHP_DOT_FMS	integer	number	3		2015			Fracture du membre supérieur	Personnes hospitalisées l'année n pour fracture du membre supérieur ayant ou non des pathologies chroniques repérées par ailleurs.	
CRTO_CT_IND_G12_AAAA	HHP_DOT_GON	integer	number	3		2015			Gonarthrose	Personnes hospitalisées l'année n pour gonarthrose ayant ou non des pathologies chroniques repérées par ailleurs.	
CRTO_CT_IND_G12_AAAA	HHP_DOT_POL	integer	number	3		2015			Polytraumatisme	Personnes hospitalisées l'année n pour polytraumatisme ayant ou non des pathologies chroniques repérées par ailleurs.	
CRTO_CT_IND_G12_AAAA	HHP_DOT_SCC	integer	number	3		2015			Syndrome du canal carpien	Personnes hospitalisées l'année n pour syndrome du canal carpien ayant ou non des pathologies chroniques repérées par ailleurs.	
CRTO_CT_IND_G12_AAAA	HHP_DPN_BRO	integer	number	3		2015			Bronchiolite	Personnes hospitalisées l'année n pour bronchiolite ayant ou non des pathologies chroniques repérées par ailleurs.	
CRTO_CT_IND_G12_AAAA	HHP_DPN_GRI	integer	number	3		2015			Grippe	Personnes hospitalisées l'année n pour grippe ayant ou non des pathologies chroniques repérées par ailleurs.	
CRTO_CT_IND_G12_AAAA	HHP_DPN_PNE	integer	number	3		2015			Pneumopathie (hors grippe)	Personnes hospitalisées l'année n pour pneumopathie (hors grippe) ayant ou non des pathologies chroniques repérées par ailleurs.	
CRTO_CT_IND_G12_AAAA	HHP_DSN_CRP	integer	number	3		2015			Compression des racines et des plexus nerveux	Personnes hospitalisées l'année n pour compression des racines et des plexus nerveux ayant ou non des pathologies chroniques repérées par ailleurs.	
CRTO_CT_IND_G12_AAAA	HHP_DSN_DIS	integer	number	3		2015			Discopathie	Personnes hospitalisées l'année n pour discopathie ayant ou non des pathologies chroniques repérées par ailleurs.	
CRTO_CT_IND_G12_AAAA	HHP_DSN_FRR	integer	number	3		2015			Fracture du rachis	Personnes hospitalisées l'année n pour fracture du rachis ayant ou non des pathologies chroniques repérées par ailleurs.	
CRTO_CT_IND_G12_AAAA	HHP_DSN_MIG	integer	number	3		2015			Migraine	Personnes hospitalisées l'année n pour migraine ayant ou non des pathologies chroniques repérées par ailleurs.	
CRTO_CT_IND_G12_AAAA	HHP_DSN_TCR	integer	number	3		2015			Traumatisme crânien	Personnes hospitalisées l'année n pour traumatisme crânien ayant ou non des pathologies chroniques repérées par ailleurs.	
CRTO_CT_IND_G12_AAAA	HHP_DUN_BPR	integer	number	3		2015			Biopsie prostatique	Personnes hospitalisées l'année n pour biopsie prostatique ayant ou non des pathologies chroniques repérées par ailleurs.	
CRTO_CT_IND_G12_AAAA	HHP_DUN_CIR	integer	number	3		2015			Circoncision	Personnes hospitalisées l'année n pour circoncision ayant ou non des pathologies chroniques repérées par ailleurs.	
CRTO_CT_IND_G12_AAAA	HHP_DUN_HBP	integer	number	3		2015			Hypertrophie bénigne de la prostate	Personnes hospitalisées l'année n pour hypertrophie bénigne de la prostate ayant ou non des pathologies chroniques repérées par ailleurs.	
CRTO_CT_IND_G12_AAAA	HHP_DUN_INF	integer	number	3		2015			Infection urologique	Personnes hospitalisées l'année n pour infection urologique ayant ou non des pathologies chroniques repérées par ailleurs.	
CRTO_CT_IND_G12_AAAA	HHP_DUN_LIT	integer	number	3		2015			Lithiase urinaire	Personnes hospitalisées l'année n pour lithiase urinaire ayant ou non des pathologies chroniques repérées par ailleurs.	
CRTO_CT_IND_G12_AAAA	IFL_AUT_IND	integer	number	3		2015			Autres maladies inflammatoires chroniques	Personnes ayant une ALD (Affection de Longue Durée) au cours de l'année n, avec codes CIM-10 de lupus érythémateux, autres affections localisées du tissu conjonctif, périartérite noueuse ou affections apparentées, autres vasculopathies nécrosantes et lupus érythémateux disséminé, et/ou personnes hospitalisées pour ces mêmes motifs au cours des années n à n-4 (diagnostic principal (DP) ou diagnostic relié (DR)), et/ou personnes hospitalisées au cours de l'année n pour tout autre motif avec une autre maladie inflammatoire comme complication ou morbidité associée (DP ou DR d'un des RUM (Résumé d'Unité Médicale) ou diagnostic associé (DA))	
CRTO_CT_IND_G12_AAAA	IFL_CAT_CAT	integer	number	3		2015			Maladies inflammatoires chroniques	Regroupement des pathologies maladies inflammatoires chroniques intestinales, polyarthrite rhumatoïde et maladies apparentées, spondylarthrite ankylosante et maladies apparentées et autres maladies inflammatoires chroniques	
CRTO_CT_IND_G12_AAAA	IFL_MIC_IND	integer	number	3		2015			Maladies inflammatoires chroniques intestinales	Personnes ayant une ALD (Affection de Longue Durée) au cours de l'année n, avec codes CIM-10 de maladie de Crohn, arthropathie au cours de la maladie de Crohn, recto-colite hémorragique ou arthropathie au cours de colite ulcéreuse, et/ou personnes hospitalisées pour ces mêmes motifs au cours des années n à n-4 (diagnostic principal (DP) ou diagnostic relié (DR)), et/ou personnes hospitalisées au cours de l'année n pour tout autre motif avec une maladie chronique inflammatoire de l'intestin comme complication ou morbidité associée (DP ou DR d'un des RUM (Résumé d'Unité Médicale) ou diagnostic associé (DA))	
CRTO_CT_IND_G12_AAAA	IFL_PRM_IND	integer	number	3		2015			Polyarthrite rhumatoïde ou maladies apparentées	Personnes ayant une ALD (Affection de Longue Durée) au cours de l'année n, avec codes CIM-10 d'arthrite rhumatoïde, ou arthrites juvéniles, et/ou personnes hospitalisées pour ces mêmes motifs au cours des années n à n-4 (diagnostic principal (DP) ou diagnostic relié (DR)), et/ou personnes hospitalisées au cours de l'année n pour tout autre motif avec une arthrite rhumatoïde ou arthrite juvénile comme complication ou morbidité associée (DP ou DR d'un des RUM (Résumé d'Unité Médicale) ou diagnostic associé (DA))	
CRTO_CT_IND_G12_AAAA	IFL_SPA_IND	integer	number	3		2015			Spondylarthrite ankylosante ou maladies apparentées	Personnes ayant une ALD (Affection de Longue Durée) au cours de l'année n, avec codes CIM-10 de spondylarthrite ankylosante ou arthropathie psoriasique ou entéropathique, ou autres spondylopathie inflammatoire, et/ou personnes hospitalisées pour ces mêmes motifs ou spondylarthrite ankylosante juvénile au cours des années n à n-4 (diagnostic principal (DP) ou diagnostic relié (DR)), et/ou personnes hospitalisées au cours de l'année n pour tout autre motif avec une spondylarthrite ankylosante ou une arthropathie psoriasique ou entéropathique ou une autre spondylopathie inflammatoire comme complication ou morbidité associée (DP ou DR d'un des RUM (Résumé d'Unité Médicale) ou diagnostic associé (DA))	
CRTO_CT_IND_G12_AAAA	INF_COV_HOS	integer	number	3		2015			Hospitalisation pour Covid-19	Personnes prise en charge pour séjour hospitalier pour Covid-19	
CRTO_CT_IND_G12_AAAA	INF_COV_REA	integer	number	3		2015			Hospitalisation pour Covid-19, en soins intensifs	Personnes prises en charge en soins critiques au cours d'un séjour hospitalier pour Covid-19	
CRTO_CT_IND_G12_AAAA	INF_VIH_IND	integer	number	3		2015			infection par le VIH	Personnes ayant une ALD (Affection de Longue Durée) au cours de l'année n, avec codes CIM-10 de maladies dues au virus de l'immunodéficience humaine, et/ou personnes hospitalisées en MCO (diagnostic principal (DP) ou diagnostic relié (DR)) ou RIM-P (DP ou diagnostic associé (DA)) pour ces mêmes motifs au cours des années n à n-4, et/ou personnes hospitalisées MCO au cours de l'année n pour tout autre motif avec un VIH/SIDA comme complication ou morbidité associée (DP ou DR d'un des RUM (Résumé d'Unité Médicale) ou DA), et/ou personnes ayant eu une délivrance à 3 dates différentes d'au moins un médicament spécifique au traitement du VIH/SIDA au cours de l'année n, et/ou personnes ayant eu un acte de biologie médicale spécifique au traitement du VIH/SIDA au cours de l'année n	
CRTO_CT_IND_G12_AAAA	IRT_CAT_CAT	integer	number	3		2015			Insuffisance rénale chronique terminale	Regroupement des pathologies dialyse chronique, transplantation rénale et suivi de transplantation rénale	
CRTO_CT_IND_G12_AAAA	IRT_DCH_CAT	integer	number	3		2015			Dialyse chronique	Personnes ayant une durée de traitement d'au moins 45 jours en hémodialyse ou au moins 1 jour en dialyse péritonéale au cours de l'année n, et/ou personnes ayant au moins 1 jour d'hémodialyse (et moins de 45 jours) au cours de l'année n et une durée de traitement d'au moins 45 jours d'hémodialyse ou au moins 1 jour en dialyse péritonéale au cours de l'année n-1. La transplantation rénale dans l'année prime sur le suivi de transplantation rénale, qui prime sur la dialyse chronique : une personne en suivi de transplantation rénale (avec rejet du greffon), chez qui on redémarre une dialyse puis qui bénéficie d'une transplantation rénale, est considérée comme transplantée au cours de l'année n (et non en suivi de transplantation rénale ni dialysée), du fait des dépenses importantes afférentes à la transplantation rénale	
CRTO_CT_IND_G12_AAAA	IRT_DCH_DPC	integer	number	3		2015			Dialyse péritonéale chronique	Personnes en dialyse chronique ayant eu de façon prépondérant une dialyse péritonéale (plus de 50% de son temps de dialyse)	
CRTO_CT_IND_G12_AAAA	IRT_DCH_HDC	integer	number	3		2015			Hémodialyse chronique	Personnes en dialyse chronique ayant eu de façon prépondérant une hémodialyse (plus de 50% de son temps de dialyse)	
CRTO_CT_IND_G12_AAAA	IRT_DCO_IND	integer	number	3		2015			Dialyse courte	Personnes ayant eu au cours de l'année n entre 1 et 44 jours d'hémodialyse, sans 45 jours ou plus d'hémodialyse au cours de l'année n-1 et sans dialyse péritonéale au cours des années n ou n-1	
CRTO_CT_IND_G12_AAAA	IRT_TRE_AIG	integer	number	3		2015			Transplantation rénale	Personnes identifiées par un GHM (Groupe Homogène de Malades) de transplantation rénale (quel que soit le niveau de sévérité), et/ou personnes identifiées par un acte CCAM (Classification Commune des Actes Médicaux) de transplantation du rein, ou du pancréas et du rein, par laparotomie. La transplantation rénale au cours de l'année n prime sur le suivi de transplantation rénale, qui prime sur la dialyse chronique : une personne en suivi de transplantation rénale (avec rejet du greffon), chez qui on redémarre une dialyse puis qui bénéficie d'une transplantation rénale, est considérée comme transplantée au cours de l'année n (et non en suivi de transplantation rénale ni dialysée chronique), du fait des dépenses importantes afférentes à la transplantation rénale	
CRTO_CT_IND_G12_AAAA	IRT_TRE_CHR	integer	number	3		2015			Suivi de transplantation rénale	Personnes ayant reçu au moins 3 délivrances (à différentes dates) d'au moins un médicament immunosuppresseur utilisé contre le rejet de transplantation rénale et inscrit sur la liste des médicaments remboursables, et personnes hospitalisées pour surveillance de transplantation rénale (quel que soit le niveau de sévérité) au cours des années n à n-4, et/ou personnes hospitalisées avec un diagnostic principal (DP) ou diagnostic relié (DR) ou diagnostic associé (DA) de présence de greffe de rein au cours des années n à n-4, et/ou personnes identifiées par un GHM (Groupe Homogène de Malades) de transplantation rénale (quel que soit le niveau de sévérité), ou un acte CCAM (Classification Commune des Actes Médicaux) de transplantation du rein, ou du pancréas et du rein, au cours des années n-1 à n-4, et/ou ayant une ALD (Affection de Longue Durée) au cours de l'année n pour insuffisance rénale chronique. Le suivi de transplantation rénale prime sur la dialyse chronique, et la transplantation rénale prime sur le suivi de transplantation rénale. Les personnes inclues dans un de ces 3 groupes ont été exclues du groupe « Autres ALD » si cette autre ALD était en rapport avec un code CIM-10 allant de N00 à N99 (maladies de l'appareil génito-urinaire)	
CRTO_CT_IND_G12_AAAA	IRV_CAT_CAT	integer	number	3		2015			Maladies inflammatoires ou rares ou infection VIH	Regroupement des pathologies maladies inflammatoires chroniques intestinales, polyarthrite rhumatoïde et maladies apparentées, spondylarthrite ankylosante et maladies apparentées, autres maladies inflammatoires chroniques, maladies métaboliques héréditaires ou amylose, mucoviscidose, hémophilie ou troubles de l'hémostase graves et VIH ou SIDA	
CRTO_CT_IND_G12_AAAA	MAT_CAT_EXC	integer	number	3		2015			Maternité (hors pathologies et traitements)	Femmes âgées entre 15 et 49 ans, prises en charge pour le risque maternité à partir du 1er jour du 6ème mois de grossesse jusqu'au 12ème jour après l'accouchement (à l'exclusion des congés d'adoption et sans prise en compte des congés paternité), et/ou femmes ayant une hospitalisation au cours de l'année n avec une racine de GHM (Groupe Homogène de Malades) d'accouchement ou césarienne, et n'ayant aucune des 55 pathologies et traitements identifiés dans la cartographie (variables commençant par "top" à l'exclusion de la maternité)	
CRTO_CT_IND_G12_AAAA	MAT_CAT_INC	integer	number	3		2015			Maternité (avec ou sans pathologies)	Femmes âgées entre 15 et 49 ans, prises en charge pour le risque maternité à partir du 1er jour du 6ème mois de grossesse jusqu'au 12ème jour après l'accouchement (à l'exclusion des congés d'adoption et sans prise en compte des congés paternité), et/ou femmes ayant une hospitalisation au cours de l'année n avec une racine de GHM (Groupe Homogène de Malades) d'accouchement ou césarienne.	
CRTO_CT_IND_G12_AAAA	MCT_CAT_CAT	integer	number	4		2015			Maladies cardioneurovasculaires et traitements du risque cardioneurovasculaire	Regroupement des maladies cardioneurovasculaires et traitements du risque cardioneurovasculaire	
CRTO_CT_IND_G12_AAAA	MCV_APE_IND	integer	number	3		2015			Artériopathie périphérique	Personnes ayant une ALD (Affections de Longue Durée) au cours de l'année n avec codes CIM-10 d'athérosclérose des artères distales ou autres maladies vasculaires périphériques, et/ou personnes hospitalisées au cours des années n à n-4 pour athérosclérose des artères distales, ou claudication intermittente et spasme artériel, ou embolie et thrombose de l'aorte abdominale, ou embolie et thrombose des artères des membres inférieurs, ou embolie et thrombose des artères distales sans précision, ou embolie et thrombose de l'artère iliaque (diagnostic principal (DP) d'un des RUM (Résumé d'Unité Médicale) ou diagnostic relié (DR)), et/ou personnes hospitalisées au cours de l'année n pour tout autre motif avec une athérosclérose des artères distales, ou claudication intermittente et spasme artériel, ou embolie et thrombose de l'aorte abdominale, ou embolie et thrombose des artères des membres inférieurs, ou embolie et thrombose des artères distales sans précision, ou embolie et thrombose de l'artère iliaque comme complication ou morbidité associée (diagnostic associé (DA))	
CRTO_CT_IND_G12_AAAA	MCV_AUT_IND	integer	number	3		2015			Autres affections cardiovasculaires	Personnes ayant une ALD (Affection de Longue Durée) non prises en compte dans les 10 autres groupes de pathologies cardioneurovasculaires de la cartographie au cours de l'année n	
CRTO_CT_IND_G12_AAAA	MCV_AVC_AIG	integer	number	3		2015			Accident vasculaire cérébral aigu	Personnes hospitalisées au cours de l'année n pour maladies cérébrovasculaires aigües (diagnostic principal (DP) d'un des RUM (Résumé d'Unité Médicale)), à l'exclusion des occlusions et sténoses des artères cérébrales et précérébrales n'ayant pas entrainé d'infarctus cérébral. L'épisode aigu d'AVC prime sur la séquelle d'accident vasculaire cérébral	
CRTO_CT_IND_G12_AAAA	MCV_AVC_CAT	integer	number	3		2015			Accident vasculaire cérébral	Regroupement des pathologies accident vasculaire cérébral aigu et séquelle d'accident vasculaire cérébral	
CRTO_CT_IND_G12_AAAA	MCV_AVC_CHR	integer	number	3		2015			Séquelle d'accident vasculaire cérébral	Personnes ayant une ALD (Affection de Longue Durée) au cours de l'année n avec codes CIM-10 de maladies cérébrovasculaires (hémiplégie inclues), et/ou personnes hospitalisées au cours des années n à n-4 pour maladies cérébrovasculaires, à l'exclusion des occlusions et sténoses des artères cérébrales et précérébrales n'ayant pas entrainé d'infarctus cérébral (diagnostic principal (DP) d'un des RUM (Résume d'Unité Médicale) ou diagnostic relié (DR)), et/ou personnes hospitalisées au cours de l'année n pour tout autre motif avec une maladie cérébrovasculaire comme complication ou morbidité associée (diagnostic associé (DA)), à l'exclusion des occlusions et sténoses des artères cérébrales et précérébrales n'ayant pas entrainé d'infarctus cérébral (et sans hospitalisation pour accident vasculaire cérébral aigu au cours de l'année n)	
CRTO_CT_IND_G12_AAAA	MCV_CAT_AIG	integer	number	3		2015			Maladies cardioneurovasculaires aigues	Regroupement des pathologies syndrome coronaire aigu, accident vasculaire cérébral aigu, insuffisance cardiaque aiguë et embolie pulmonaire aiguë	
CRTO_CT_IND_G12_AAAA	MCV_CAT_CAT	integer	number	3		2015			Maladies cardioneurovasculaires	Regroupement des pathologies syndrome coronaire aigu, maladie coronaire chronique, accident vasculaire cérébral aigu, séquelle d'accident vasculaire cérébral, insuffisance cardiaque aiguë, insuffisance cardiaque chronique, artériopathie oblitérante du membre inférieur, troubles du rythme ou de la conduction cardiaque, maladie valvulaire, embolie pulmonaire aiguë et autres affections cardiovasculaires	
CRTO_CT_IND_G12_AAAA	MCV_CAT_CHR	integer	number	3		2015			Maladies cardioneurovasculaires chroniques	Regroupement des pathologies maladie coronaire chronique, séquelle d'accident vasculaire cérébral, insuffisance cardiaque chronique, artériopathie oblitérante du membre inférieur, troubles du rythme ou de la conduction cardiaque, maladie valvulaire et autres affections cardiovasculaires	
CRTO_CT_IND_G12_AAAA	MCV_EPU_IND	integer	number	3		2015			Embolie pulmonaire	Personnes hospitalisées au cours de l'année n pour une embolie pulmonaire (diagnostic principal (DP) d'un des RUM (Résumé d'Unité Médicale))	
CRTO_CT_IND_G12_AAAA	MCV_ICA_AIG	integer	number	3		2015			Insuffisance cardiaque aiguë	Personnes hospitalisées au cours de l'année n pour insuffisance cardiaque (diagnostic principal (DP) d'un des RUM (Résumé d'Unité Médicale)), ou pour complication aigue, c'est-à-dire pour cardiopathie hypertensive avec IC, cardionéphropathie hypertensive avec IC ou sans précision, foie cardiaque ou oedème aigu pulmonaire (DP d'un des RUM) avec un diagnostic associé (DA) ou diagnostic relié (DR) d'insuffisance cardiaque. L'épisode aigu d'IC prime sur l'IC chronique	
CRTO_CT_IND_G12_AAAA	MCV_ICA_CAT	integer	number	3		2015			Insuffisance cardiaque	Regroupement des pathologies insuffisance cardiaque aiguë et insuffisance cardiaque chronique	
CRTO_CT_IND_G12_AAAA	MCV_ICA_CHR	integer	number	3		2015			variable Insuffisance cardiaque chronique	Personnes ayant une ALD (Affection de Longue Durée) au cours de l'année n avec codes CIM-10 d'insuffisance cardiaque, cardiopathie hypertensive, ou cardionéphropathie hypertensive, et/ou personnes hospitalisées au cours des années n à n-4 pour insuffisance cardiaque (diagnostic principal (DP) d'un des RUM (Résumé d'Unité Médicale) ou diagnostic relié (DR)), et/ou personnes hospitalisées au cours des années n à n-4 pour cardiopathie hypertensive avec IC, cardionéphropathie hypertensive avec IC ou sans précision, foie cardiaque ou oedème aigu pulmonaire (DP ou DP d'un des RUM) avec un diagnostic associé (DA) ou DR d'insuffisance cardiaque, et/ou personnes hospitalisées au cours de l'année n pour tout autre motif avec une IC comme complication ou morbidité associée (DA) (et sans hospitalisation pour insuffisance cardiaque aigue au cours de l'année n)	
CRTO_CT_IND_G12_AAAA	MCV_MVA_IND	integer	number	3		2015			Maladie valvulaire	Personnes ayant une ALD (Affection de Longue Durée) avec codes CIM-10 de maladie valvulaire (à l'exclusion des affections congénitales) au cours de l'année n, et/ou personnes hospitalisées au cours des années n à n-4 pour les mêmes motifs (diagnostic principal (DP) d'un des RUM (Résumé d'Unité Médicale) ou diagnostic relié (DR)), et/ou personnes hospitalisées au cours de l'année n pour tout autre motif avec une maladie valvulaire comme complication ou morbidité associée (diagnostic associé (DA))	
CRTO_CT_IND_G12_AAAA	MCV_SCO_AIG	integer	number	3		2015			Syndrome coronaire aigu	Personnes hospitalisées au cours de l'année n pour cardiopathie ischémique aigüe (diagnostic principal (DP) d'un des RUM (Résumé d'Unité Médicale)).Codes CIM-10 utilisés (PMSI) :    I200+0 (Angine de poitrine [angor] instable avec élévation des marqueurs biochimiques [enzymes] myocardiques),    I21 (Infarctus aigu du myocarde),    I22 (Infarctus du myocarde à répétition),    I23 (Certaines complications récentes d'un infarctus aigu du myocarde),    I24 (Autres cardiopathies ischémiques aiguës).	
CRTO_CT_IND_G12_AAAA	MCV_SCO_CAT	integer	number	3		2015			Maladie coronaire	Regroupement des pathologies syndrome coronaire aigu et maladie coronaire chronique	
CRTO_CT_IND_G12_AAAA	MCV_SCO_CHR	integer	number	3		2015			Maladie coronaire chronique	Personnes en ALD au cours de l'année n avec un code CIM-10 de cardiopathie ischémique,ou personnes ayant reçu au moins 1 délivrance d'un médicament spécifique au cours de l'année n,ou personnes hospitalisées en MCO dans les 5 dernières années (n à n-4) pour ces mêmes motifs (DP d'un des RUM ou DR),ou personnes hospitalisées en MCO l'année n pour tout autre motif avec une cardiopathie ischémique comme complication ou morbidité associée (DA, ou DP ou DR des RUM),ou personnes hospitalisées en SSR l'année n avec une cardiopathie ischémique comme MMP, AE ou DA,et sans hospitalisation en MCO pour syndrome coronaire aigu l'année n.Codes CIM-10 utilisés (PMSI et ALD) :- I20 (Angine de poitrine)- I21 (Infarctus aigu du myocarde)- I22 (Infarctus du myocarde à répétition)- I23 (Certaines complications récentes d'un infarctus aigu du myocarde)- I24 (Autres cardiopathies ischémiques aiguës)- I25 (Cardiopathie ischémique chronique)Codes ATC utilisés :C01DX12 (Molsidomine), C01DX16 (Nicorandil).	
CRTO_CT_IND_G12_AAAA	MCV_TRC_IND	integer	number	3		2015			Troubles du rythme ou de la conduction cardiaque	Personnes ayant une ALD (Affection de Longue Durée) au cours de l'année n avec codes CIM-10 de troubles du rythme ou de la conduction cardiaque, et/ou personnes hospitalisées au cours des années n à n-4 pour les mêmes motifs (diagnostic principal (DP) d'un des RUM (Résumé d'Unité Médicale) ou diagnostic relié (DR)), et/ou personnes hospitalisées au cours de l'année n pour tout autre motif avec un trouble du rythme ou de la conduction cardiaque comme complication ou morbidité associée (diagnostic associé (DA))	
CRTO_CT_IND_G12_AAAA	MFP_CAT_EXC	integer	number	3		2015			Maladies du foie ou du pancréas (hors mucoviscidose)	Personnes ayant une ALD (Affection de Longue Durée) au cours de l'année n, avec codes CIM-10 d'affections hépatiques ou pancréatiques, et/ou personnes hospitalisées pour ces mêmes motifs ou varices oesophagiennes au cours des années n à n-4 (diagnostic principal (DP) ou diagnostic relié (DR)), et/ou personnes hospitalisées au cours de l'année n pour tout autre motif avec une affection hépatique ou pancréatique comme complication ou morbidité associée (DP ou DR d'un des RUM (Résumé d'Unité Médicale) ou diagnostic associé (DA)), et/ou personnes ayant eu une délivrance à 3 dates différentes d'au moins un médicament spécifique au traitement des hépatites chroniques au cours de l'année n. Les personnes ayant une mucoviscidose sont exclues de ce groupe	
CRTO_CT_IND_G12_AAAA	MFP_CAT_INC	integer	number	3		2015			Maladies du foie ou du pancréas (avec ou sans mucoviscidose)	Personnes ayant une ALD (Affection de Longue Durée) au cours de l'année n, avec codes CIM-10 d'affections hépatiques ou pancréatiques, et/ou personnes hospitalisées pour ces mêmes motifs ou varices oesophagiennes au cours des années n à n-4 (diagnostic principal (DP) ou diagnostic relié (DR)), et/ou personnes hospitalisées au cours de l'année n pour tout autre motif avec une affection hépatique ou pancréatique comme complication ou morbidité associée (DP ou DR d'un des RUM (Résumé d'Unité Médicale) ou diagnostic associé (DA)), et/ou personnes ayant eu une délivrance à 3 dates différentes d'au moins un médicament spécifique au traitement des hépatites chroniques au cours de l'année n.	
CRTO_CT_IND_G12_AAAA	MFP_FOI_CAT	integer	number	3		2015			Maladies du foie (hors mucoviscidose)	Personnes ayant une ALD (Affection de Longue Durée) au cours de l'année n, avec codes CIM-10 d'affections hépatiques, et/ou personnes hospitalisées pour ces mêmes motifs ou varices oesophagiennes au cours des années n à n-4 (diagnostic principal (DP) ou diagnostic relié (DR)), et/ou personnes hospitalisées au cours de l'année n pour tout autre motif avec une affection hépatique comme complication ou morbidité associée (DP ou DR d'un des RUM (Résumé d'Unité Médicale) ou diagnostic associé (DA)), et/ou personnes ayant eu une délivrance à 3 dates différentes d'au moins un médicament spécifique au traitement des hépatites chroniques au cours de l'année n. Les personnes ayant une mucoviscidose sont exclues de ce groupe	
CRTO_CT_IND_G12_AAAA	MFP_FOI_HCC	integer	number	3		2015			Hépatite C chronique	Personnes ayant une hépatite C chronique	
CRTO_CT_IND_G12_AAAA	MFP_FOI_HCG	integer	number	3		2015			Hépatite C chronique ou guérie	Personnes ayant une hépatite C chronique ou ayant eu hépatite C guérie	
CRTO_CT_IND_G12_AAAA	MFP_PAN_CAT	integer	number	3		2015			Maladies du pancréas (hors mucoviscidose)	Personnes ayant une ALD (Affection de Longue Durée) au cours de l'année n, avec codes CIM-10 d'affections pancréatiques, et/ou personnes hospitalisées pour ces mêmes motifs au cours des années n à n-4 (diagnostic principal (DP) ou diagnostic relié (DR)), et/ou personnes hospitalisées au cours de l'année n pour tout autre motif avec une affection pancréatique comme complication ou morbidité associée (DP ou DR d'un des RUM (Résumé d'Unité Médicale) ou diagnostic associé (DA)). Les personnes ayant une mucoviscidose sont exclues de ce groupe	
CRTO_CT_IND_G12_AAAA	NEU_AUT_IND	integer	number	3		2015			Autres affections neurologiques	Personnes ayant une ALD (Affection de Longue Durée) n°9 (Forme grave des affections neurologiques et musculaires, épilepsie grave), n°20 (Paraplégie, mais avec codes CIM-10 autres) et n°25 (Sclérose en plaques, mais avec codes CIM-10 autres) (à l'exclusion de la démence, maladie de Parkinson, sclérose en plaque, paraplégie, myopathie, myasthénie, épilepsie), ainsi que les personnes avec ALD pour séquelles de poliomyélite ou pour certaines malformations congénitales du système nerveux, au cours de l'année n	
CRTO_CT_IND_G12_AAAA	NEU_CAT_CAT	integer	number	3		2015			Maladies neurologiques	Regroupement des pathologies démences (dont maladie d'Alzheimer), maladie de Parkinson, sclérose en plaque, paraplégie, myopathie ou myasthénie, epilepsie et autres affections neurologiques	
CRTO_CT_IND_G12_AAAA	NEU_DEM_ALZ	integer	number	3		2015			Maladie d'Alzheimer	Personnes ayant une ALD (Affection de Longue Durée) au cours de l'année n avec codes CIM-10 de maladie d'Alzheimer, et/ou personnes ayant reçu au moins 3 délivrances de médicaments de la maladie d'Alzheimer au cours de l'année n (à différentes dates), et/ou personnes ayant reçu au moins 3 délivrances de médicaments de la maladie d'Alzheimer au cours de l'année n-1 (à différentes dates), et/ou personnes hospitalisées pour maladie d'Alzheimer au cours des années n à n-4 (diagnostic principal (DP) ou diagnostic relié (DR) du PMSI-MCO), et/ou personnes hospitalisées au cours de l'année n pour tout autre motif avec une maladie d'Alzheimer comme complication ou morbidité associée (DP ou DR d'un des RUM (Résumé d'Unité Médicale) ou diagnostic associé (DA) du PMSI-MCO), et/ou personnes hospitalisées pour maladie d'Alzheimer au cours des années n à n-4 (DP ou DA du RIM-P)	
CRTO_CT_IND_G12_AAAA	NEU_DEM_AUT	integer	number	3		2015			Autres démences	Personnes ayant une ALD (Affection de Longue Durée) au cours de l'année n avec codes CIM-10 de démences, et/ou personnes hospitalisées pour démences (hormis la maladie d'Alzheimer) au cours des années n à n-4 (diagnostic principal (DP) ou diagnostic relié (DR) du PMSI-MCO), et/ou personnes hospitalisées au cours de l'année n pour tout autre motif avec une démence comme complication ou morbidité associée (DP ou DR d'un des RUM (Résumé d'Unité Médicale) ou diagnostic associé (DA) du PMSI-MCO), et/ou personnes hospitalisées pour démences (hormis la maladie d'Alzheimer) au cours des années n à n-4 (DP du RIM-P) (à l'exclusion de la démence en lien avec l'infection par le VIH et la maladie de Parkinson)	
CRTO_CT_IND_G12_AAAA	NEU_DEM_CAT	integer	number	3		2015			Démences (dont maladie d'Alzheimer)	Personnes ayant une ALD (Affection de Longue Durée) au cours de l'année n avec codes CIM-10 de démences, et/ou personnes ayant reçu au moins 3 délivrances de médicaments de la maladie d'Alzheimer au cours de l'année n (à différentes dates), et/ou personnes ayant reçu au moins 3 délivrances de médicaments de la maladie d'Alzheimer au cours de l'année n-1 (à différentes dates), et/ou personnes hospitalisées pour maladie d'Alzheimer ou autres démences au cours des années n à n-4 (diagnostic principal (DP) ou diagnostic relié (DR) du PMSI-MCO), et/ou personnes hospitalisées au cours de l'année n pour tout autre motif avec une démence comme complication ou morbidité associée (DP ou DR d'un des RUM (Résumé d'Unité Médicale) ou diagnostic associé (DA) du PMSI-MCO), et/ou personnes hospitalisées pour maladie d'Alzheimer ou autres démences au cours des années n à n-4 (DP ou DA du RIM-P) (à l'exclusion de la démence en lien avec l'infection par le VIH et la maladie de Parkinson)	
CRTO_CT_IND_G12_AAAA	NEU_EPI_IND	integer	number	3		2015			Épilepsie	Personnes ayant une ALD (Affection de Longue Durée) au cours de l'année n avec codes CIM-10 d'épilepsie ou d'état de mal épileptique, et/ou personnes hospitalisées pour ces mêmes motifs au cours des années n à n-4 (diagnostic principal (DP) ou diagnostic relié (DR))	
CRTO_CT_IND_G12_AAAA	NEU_LME_IND	integer	number	3		2015			Lésion médullaire	Personnes ayant une ALD (Affection de Longue Durée) au cours de l'année n avec codes CIM-10 de lésion médullaire, et/ou personnes hospitalisées pour ces mêmes motifs au cours des années n à n-4 (diagnostic principal (DP) ou diagnostic relié (DR))	
CRTO_CT_IND_G12_AAAA	NEU_LME_PSH	integer	number	3		2015			Paraplégie spastique héréditaire	Personnes ayant une ALD (Affection de Longue Durée) au cours de l'année n avec codes CIM-10 de paraplégie spastique héréditaire, et/ou personnes hospitalisées pour ces mêmes motifs au cours des années n à n-4 (diagnostic principal (DP) ou diagnostic relié (DR))	
CRTO_CT_IND_G12_AAAA	NEU_LME_SBI	integer	number	3		2015			Spina bifida	Personnes ayant une ALD (Affection de Longue Durée) au cours de l'année n avec codes CIM-10 de Spana bifida, et/ou personnes hospitalisées pour ces mêmes motifs au cours des années n à n-4 (diagnostic principal (DP) ou diagnostic relié (DR))	
CRTO_CT_IND_G12_AAAA	NEU_MMY_IND	integer	number	3		2015			Myopathie ou myasthénie	Personnes ayant une ALD (Affection de Longue Durée) au cours de l'année n avec codes CIM-10 d'affections musculaires ou neuromusculaires, et/ou personnes hospitalisées pour ces mêmes motifs au cours des années n à n-4 (diagnostic principal (DP) ou diagnostic relié (DR))	
CRTO_CT_IND_G12_AAAA	NEU_PRK_IND	integer	number	3		2015			Maladie de Parkinson	Personnes ayant une ALD (Affection de Longue Durée) au cours de l'année n avec code CIM-10 de maladie de Parkinson, et/ou personnes ayant reçu au moins trois délivrances d'un médicament spécifique au cours de l'année n (à différentes dates), et/ou personnes hospitalisées MCO (diagnostic principal (DP) ou diagnostic relié (DR)) ou RIM-P (DP ou diagnostic associé (DA)) pour maladie de Parkinson ou démence de la maladie de Parkinson au cours des années n à n-4 (DP ou DR), et/ou personnes hospitalisées MCO au cours de l'année n pour tout autre motif avec une maladie de Parkinson ou démence de la maladie de Parkinson comme complication ou morbidité associée (DP ou DR d'un des RUM (Résumé d'Unité Médicale) ou DA)	
CRTO_CT_IND_G12_AAAA	NEU_PTE_IND	integer	number	3		2015			Paraplégie	Personnes ayant une ALD (Affection de Longue Durée) au cours de l'année n avec code CIM-10 de paraplégie, et/ou personnes hospitalisées pour paraplégie au cours des années n à n-4 (diagnostic principal (DP) ou diagnostic relié (DR))	
CRTO_CT_IND_G12_AAAA	NEU_SEP_IND	integer	number	3		2015			Sclérose en plaques	Personnes ayant une ALD (Affection de Longue Durée) au cours de l'année n avec code CIM-10 de sclérose en plaque, et/ou personnes hospitalisées pour sclérose en plaque au cours des années n à n-4 (diagnostic principal (DP) ou diagnostic relié (DR))	
CRTO_CT_IND_G12_AAAA	NEW_COD_REG	string	string	2		2015			Région de résidence du bénéficiaire (nouveau codage)	Région du résidence du bénéficiaire lors de la dernière date de soins de l'année (régions en vigueur à partir du 1 janvier 2016)	
CRTO_CT_IND_G12_AAAA	OLD_COD_REG	string	string	2		2015			Région de résidence du bénéficiaire (ancien codage)	Région du résidence du bénéficiaire lors de la dernière date de soins de l'année (régions en vigueur jusqu'au 31 décembre 2015)	
CRTO_CT_IND_G12_AAAA	PETIT_REGIME	string	string	6		2015			Petit régime MSA au 31 décembre de l'année N	Petit régime agricole lors de la dernière date de soins de l'année des bénéficiaires ayant au moins une consommation au titre de la MSA (sal_agr : salarié agricole, exp_agr : exploitant agricole, aut_agr : autre catégorie)	
CRTO_CT_IND_G12_AAAA	PETIT_RGM_AUT_AGR	integer	number	3		2015			Au moins une consommation au titre dans un autre petit régime (MSA) dans l'année	Individu ayant eu au moins une consommation DCIR ou PMSI dans l’année au titre d’une autre catégorie de la MSA	
CRTO_CT_IND_G12_AAAA	PETIT_RGM_EXP_AGR	integer	number	3		2015			Au moins une consommation en tant qu'exploitant agricole (MSA) dans l'année	Individu ayant eu au moins une consommation DCIR ou PMSI dans l’année au titre du petit régime des exploitants agricoles de la MSA	
CRTO_CT_IND_G12_AAAA	PETIT_RGM_SAL_AGR	integer	number	3		2015			Au moins une consommation en tant que salarié agricole (MSA) dans l'année	Individu ayant eu au moins une consommation DCIR ou PMSI dans l’année au titre du petit régime des salariés agricoles de la MSA.	
CRTO_CT_IND_G12_AAAA	POP_PAT_IND	integer	number	3		2015			Au moins une pathologie	Regroupement des 49 pathologies identifiées dans la cartographie (variables commençant par "top" et ne se terminant pas par "med" à l'exclusion de la maternité)	
CRTO_CT_IND_G12_AAAA	POP_PMH_ABS	integer	number	3		2015			Pas de pathologies, traitements, maternité ou hospitalisations	Personnes n'ayant pas été repérée comme ayant une des 56 pathologies, traitements et événement de santé identifiés dans la cartographie (variables commençant par "top") et n'ayant pas eu d'hospitalisation ponctuelle (avec ou sans pathologies, traitements ou maternité)	
CRTO_CT_IND_G12_AAAA	POP_PMH_IND	integer	number	3		2015			Au moins une pathologie, traitement, maternité ou hospitalisation	Regroupement des 56 pathologies, traitements et événement de santé identifiés dans la cartographie (variables commençant par "top") avec l'ajout des hospitalisations ponctuelles (avec ou sans pathologies, traitements ou maternité)	
CRTO_CT_IND_G12_AAAA	POP_PTM_IND	integer	number	3		2015			Au moins une pathologie, traitement ou maternité	Regroupement des 56 pathologies, traitements et événement de santé identifiés dans la cartographie (variables commençant par "top")	
CRTO_CT_IND_G12_AAAA	POP_PTT_IND	integer	number	3		2015			Au moins une pathologie ou traitement	Regroupement des 55 pathologies et traitements identifiés dans la cartographie (variables commençant par "top" à l'exclusion de la maternité)	
CRTO_CT_IND_G12_AAAA	POP_TOT_ABS	integer	number	3		2015			Pas de pathologie, traitement, maternité, hospitalisation ou traitement antalgique ou anti-inflammatoire	Personnes n'ayant aucune des 56 pathologies, traitements et événement de santé identifiés dans la cartographie (variables commençant par "top"), ni hospitalisations ponctuelles, ni traitement antalgique ou anti-inflammatoire	
CRTO_CT_IND_G12_AAAA	POP_TOT_IND	integer	number	3		2015			Total consommants tous régimes	Personnes identifiées comme ayant eu une consommation de soins dans l'année  (dénominateur)	
CRTO_CT_IND_G12_AAAA	PST_CAT_CAT	integer	number	3		2015			Maladies psychiatriques ou psychotropes	Regroupement des pathologies troubles psychotiques, troubles névrotiques et de l'humeur, déficience mentale, troubles addictifs, troubles psychiatriques débutant dans l'enfance, autres troubles psychiatriques et des traitements antidépresseurs ou régulateurs de l'humeur (hors pathologies), traitements neuroleptiques (hors pathologies), traitements anxiolytiques (hors pathologies) et traitements hypnotiques (hors pathologies)	
CRTO_CT_IND_G12_AAAA	PSY_ADD_ALC	integer	number	3		2015			troubles addictifs liés à l'utilisation d'alcool	Personnes ayant une ALD au cours de l'année n avec codes CIM-10 de troubles mentaux ou du comportement liés à l'utilisation d'alcool, et/ou personnes hospitalisées pour ces mêmes motifs - dans un établissement de santé MCO (diagnostic principal (DP) ou diagnostic relié (DR)) et/ou psychiatrique (DP ou diagnostic associé (DA)) - au cours des années n à n-1	
CRTO_CT_IND_G12_AAAA	PSY_ADD_AUT	integer	number	3		2015			troubles addictifs liés à l'utilisation d'autres substances psycho-actives que l'alcool, le tabac et le cannabis	Personnes ayant une ALD au cours de l'année n avec codes CIM-10 de troubles mentaux ou du comportement liés à l'utilisation de substances psycho-actives (hormis ceux liés à l'utilisation d'alcool, du tabac et du cannabis), et/ou personnes hospitalisées pour ces mêmes motifs - dans un établissement de santé MCO (diagnostic principal (DP) ou diagnostic relié (DR)) et/ou psychiatrique (DP ou diagnostic associé (DA)) - au cours des années n à n-1	
CRTO_CT_IND_G12_AAAA	PSY_ADD_CAT	integer	number	3		2015			Troubles addictifs	Personnes ayant une ALD (Affection de Longue Durée) au cours de l'année n avec codes CIM-10 de troubles mentaux ou du comportement liés à l'utilisation de substances psycho-actives, et/ou personnes hospitalisées pour ces mêmes motifs - dans un établissement de santé MCO (diagnostic principal (DP) ou diagnostic relié (DR)) et/ou psychiatrique (DP ou diagnostic associé (DA)) - au cours des années n à n-1	
CRTO_CT_IND_G12_AAAA	PSY_ADD_CNB	integer	number	3		2015			troubles addictifs liés à l'utilisation de dérivés du cannabis	Personnes ayant une ALD au cours de l'année n avec codes CIM-10 de troubles mentaux ou du comportement liés à l'utilisation du cannabis, et/ou personnes hospitalisées pour ces mêmes motifs - dans un établissement de santé MCO (diagnostic principal (DP) ou diagnostic relié (DR)) et/ou psychiatrique (DP ou diagnostic associé (DA)) - au cours des années n à n-1	
CRTO_CT_IND_G12_AAAA	PSY_ADD_TAB	integer	number	3		2015			troubles addictifs liés à l'utilisation du tabac	Personnes ayant une ALD au cours de l'année n avec codes CIM-10 de troubles mentaux ou du comportement liés à l'utilisation du tabac, et/ou personnes hospitalisées pour ces mêmes motifs - dans un établissement de santé MCO (diagnostic principal (DP) ou diagnostic relié (DR)) et/ou psychiatrique (DP ou diagnostic associé (DA)) - au cours des années n à n-1	
CRTO_CT_IND_G12_AAAA	PSY_AUT_IND	integer	number	3		2015			Autres troubles psychiatriques	Personnes ayant une ALD (Affection de Longue Durée) au cours de l'année n avec codes CIM-10 de syndrome amnésique, délirium, autres troubles liés à une lésion cérébrale ou un dysfonctionnement cérébral, et à une maladie somatique, troubles de la personnalité et du comportement dus à une affection, une lésion et un dysfonctionnement cérébraux, trouble mental organique ou symptomatique sans précision ; syndromes comportementaux associés à des perturbations physiologiques et à des facteurs physiques ; troubles de la personnalité et du comportement chez l'adulte ou trouble mental sans précision, et/ou personnes hospitalisées pour ces mêmes motifs dans un établissement de santé MCO (diagnostic principal (DP) ou diagnostic relié (DR)) et/ou psychiatrique (DP ou diagnostic associé (DA)) - au cours des années n à n-1 et/ou personnes hospitalisées l'année n dans un établissement psychiatrique (RIM-P) sans diagnostic mentionné de trouble psychiatrique (quel que soit le groupe de pathologie psychiatrique), si le séjour ne comporte pas un diagnostic (DP ou DA) de démence F00 (Démence de la maladie d'Alzheimer), F01 (Démence vasculaire), F02 (Démence au cours d'autres maladies classées ailleurs), B22.0 (Démence par VIH), F03 (Démence, sans précision) G20 (Maladie de Parkinson)	
CRTO_CT_IND_G12_AAAA	PSY_CAT_CAT	integer	number	3		2015			Maladies psychiatriques	Regroupement des pathologies troubles psychotiques, troubles névrotiques et de l'humeur, déficience mentale, troubles addictifs, troubles psychiatriques débutant dans l'enfance et autres troubles psychiatriques	
CRTO_CT_IND_G12_AAAA	PSY_DME_IND	integer	number	3		2015			Déficience mentale	Personnes ayant une ALD (Affection de Longue Durée) au cours de l'année n avec codes CIM-10 de déficience mentale, et/ou personnes hospitalisées pour ce même motif - dans un établissement de santé MCO (diagnostic principal (DP) ou diagnostic relié (DR)) et/ou psychiatrique (DP ou diagnostic associé (DA)) - au cours des années n à n-1	
CRTO_CT_IND_G12_AAAA	PSY_ENF_IND	integer	number	3		2015			Troubles psychiatriques débutant dans l'enfance	Personnes ayant une ALD (Affection de Longue Durée) au cours de l'année n avec codes CIM-10 de troubles du développement psychologique, troubles du comportement ou troubles émotionnels apparaissant habituellement durant l'enfance et l'adolescence, et/ou personnes hospitalisées pour ces mêmes motifs - dans un établissement de santé MCO (diagnostic principal (DP) ou diagnostic relié (DR)) et/ou psychiatrique (DP ou diagnostic associé (DA)) - au cours des années n à n-1	
CRTO_CT_IND_G12_AAAA	PSY_PSC_IND	integer	number	3		2015			Troubles psychotiques	Personnes ayant une ALD (Affection de Longue Durée) au cours de l'année n avec codes CIM-10 de schizophrénie, trouble schizotypique, troubles délirants persistants, troubles psychotiques aigus et transitoires, trouble délirant induit, troubles schizo-affectifs, autres troubles psychotiques non organiques, psychose non organique sans précision, et/ou personnes hospitalisées pour ces mêmes motifs - dans un établissement de santé MCO (diagnostic principal (DP) ou diagnostic relié (DR)) et/ou psychiatrique (DP ou diagnostic associé (DA)) - au cours des années n à n-1, et/ou personnes hospitalisées pour ces mêmes motifs - dans un établissement de santé MCO (DP ou DR ou DA) et/ou psychiatrique (DP ou DA) - au cours des années n à n-4 et ayant reçu au moins 3 délivrances de neuroleptiques au cours de l'année n (à différentes dates) c'est à dire d'un médicament dont le code ATC (classification Anatomique, Thérapeutique et Chimique) débute par N05A à l'exception : des spécialités à base de Lithium (utilisé comme thymorégulateur) et de Neuriplège® (myorelaxant)	
CRTO_CT_IND_G12_AAAA	PSY_TNH_BIP	integer	number	3		2015			Troubles bipolaires	Personnes ayant une ALD (Affection de Longue Durée) au cours de l'année n avec codes CIM-10 de troubles maniaques ou bipolaires, et/ou personnes hospitalisées pour ces mêmes motifs - dans un établissement de santé MCO (diagnostic principal (DP) ou diagnostic relié (DR)) et/ou psychiatrique (DP ou diagnostic associé (DA)) - au cours des années n à n-1, et/ou personnes hospitalisées pour ces mêmes motifs - dans un établissement de santé MCO (DP ou DR) et/ou psychiatrique (DP ou DA) - au cours des années n à n-4 et ayant reçu au moins 3 délivrances de Lithium, Dépakote® ou Depamide® au cours de l'année n (à différentes dates) lorsqu'ils sont combinés à une hospitalisation pour motif correspondant.	
CRTO_CT_IND_G12_AAAA	PSY_TNH_CAT	integer	number	3		2015			Troubles névrotiques et de l'humeur	Personnes ayant une ALD (Affection de Longue Durée) au cours de l'année n avec codes CIM-10 de troubles névrotiques ou de l'humeur, et/ou personnes hospitalisées pour ces mêmes motifs - dans un établissement de santé MCO (diagnostic principal (DP) ou diagnostic relié (DR)) et/ou psychiatrique (DP ou diagnostic associé (DA)) - au cours des années n à n-1, et/ou personnes hospitalisées pour ces mêmes motifs - dans un établissement de santé MCO (DP ou DR) et/ou psychiatrique (DP ou DA) - au cours des années n à n-4 et ayant reçu au moins 3 délivrances d'antidépresseurs de la classe ATC (classification Anatomique, Thérapeutique et Chimique) N06A (à l'exception de la Lévotonine), ou de Lithium, Dépakote® ou Depamide® au cours de l'année n (à différentes dates)	
CRTO_CT_IND_G12_AAAA	PSY_TNH_DEP	integer	number	3		2015			Dépression et troubles de l'humeur autres que bipolaires	Personnes ayant une ALD (Affection de Longue Durée) au cours de l'année n avec codes CIM-10 de dépression et autres troubles de l'humeur, et/ou personnes hospitalisées pour ces mêmes motifs - dans un établissement de santé MCO (diagnostic principal (DP) ou diagnostic relié (DR)) et/ou psychiatrique (DP ou diagnostic associé (DA)) - au cours des années n à n-1, et/ou personnes hospitalisées pour ces mêmes motifs - dans un établissement de santé MCO (DP ou DR) et/ou psychiatrique (DP ou DA) - au cours des années n à n-4 et ayant reçu au moins 3 délivrances d'antidépresseurs au cours de l'année n (à différentes dates) lorsqu'ils sont combinés à une hospitalisation pour motif correspondant.	
CRTO_CT_IND_G12_AAAA	PSY_TNH_NEV	integer	number	3		2015			troubles névrotiques ou liés au stress ou somatoformes	Personnes ayant une ALD (Affection de Longue Durée) au cours de l'année n avec codes CIM-10 de troubles maniaques ou bipolaires, et/ou personnes hospitalisées pour ces mêmes motifs - dans un établissement de santé MCO (diagnostic principal (DP) ou diagnostic relié (DR)) et/ou psychiatrique (DP ou diagnostic associé (DA)) - au cours des années n à n-1, et/ou personnes hospitalisées pour ces mêmes motifs - dans un établissement de santé MCO (DP ou DR) et/ou psychiatrique (DP ou DA) - au cours des années n à n-4 et ayant reçu au moins 3 délivrances d'autres traitements antidépresseurs au cours de l'année n (à différentes dates) lorsqu'ils sont combinés à une hospitalisation pour motif correspondant.	
CRTO_CT_IND_G12_AAAA	RAR_CAT_CAT	integer	number	3		2015			Maladies rares	Personnes ayant une ALD (Affection de Longue Durée) au cours de l'année n avec codes CIM-10 de troubles névrotiques ou de l'humeur, et/ou personnes hospitalisées pour ces mêmes motifs - dans un établissement de santé MCO (diagnostic principal (DP) ou diagnostic relié (DR)) et/ou psychiatrique (DP ou diagnostic associé (DA)) - au cours des années n à n-1, et/ou personnes hospitalisées pour ces mêmes motifs - dans un établissement de santé MCO (DP ou DR) et/ou psychiatrique (DP ou DA) - au cours des années n à n-4 et ayant reçu au moins 3 délivrances d'antidépresseurs de la classe ATC (classification Anatomique, Thérapeutique et Chimique) N06A (à l'exception de la Lévotonine), ou de Lithium, Dépakote® ou Depamide® au cours de l'année n (à différentes dates)	
CRTO_CT_IND_G12_AAAA	RAR_HTH_AUT	integer	number	3		2015			troubles de l'hémostase graves	Personnes ayant une ALD (Affection de Longue Durée) au cours de l'année n, avec codes CIM-10 d'autres anomalies de la coagulation, dont Willebrand, carence en facteur XI et autres carences, ou purpura et autres affections hémorragiques	
CRTO_CT_IND_G12_AAAA	RAR_HTH_CAT	integer	number	3		2015			Hémophilie ou troubles de l'hémostase graves	Personnes ayant une ALD (Affection de Longue Durée) au cours de l'année n, avec codes CIM-10 de carence héréditaire en facteur VIII, carence héréditaire en facteur IX, autres anomalies de la coagulation ou purpura et autres affections hémorragiques, et/ou personnes hospitalisées pour carence héréditaire en facteur VIII ou en facteur IX au cours des années n à n-4 (diagnostic principal (DP) ou diagnostic relié (DR)), et/ou personnes hospitalisées au cours de l'année n pour tout autre motif avec une carence héréditaire en facteur VIII ou en facteur IX comme complication ou morbidité associée (DP ou DR d'un des RUM (Résumé d'Unité Médicale) ou diagnostic associé (DA))	
CRTO_CT_IND_G12_AAAA	RAR_HTH_HEM	integer	number	3		2015			Hémophilie	Personnes ayant une ALD (Affection de Longue Durée) au cours de l'année n, avec codes CIM-10 de carence héréditaire en facteur VIII ou carence héréditaire en facteur IX, et/ou personnes hospitalisées pour carence héréditaire en facteur VIII ou en facteur IX au cours des années n à n-4 (diagnostic principal (DP) ou diagnostic relié (DR)), et/ou personnes hospitalisées au cours de l'année n pour tout autre motif avec une carence héréditaire en facteur VIII ou en facteur IX comme complication ou morbidité associée (DP ou DR d'un des RUM (Résumé d'Unité Médicale) ou diagnostic associé (DA))	
CRTO_CT_IND_G12_AAAA	RAR_MMH_IND	integer	number	3		2015			Maladies métaboliques héréditaires ou amylose	Personnes ayant une ALD (Affection de Longue Durée) n°17 (Maladies métaboliques héréditaires) au cours de l'année n selon la liste CnamTS, et/ou personnes en ALD au cours de l'année n avec code CIM-10 d'amylose, et/ou personnes hospitalisées pour ces mêmes motifs au cours des années n à n-4 (diagnostic principal (DP) ou diagnostic relié (DR)), et/ou personnes hospitalisées au cours de l'année n pour tout autre motif avec une amylose comme complication ou morbidité associée (DP ou DR d'un des RUM (Résumé d'Unité Médicale) ou diagnostic associé (DA))	
CRTO_CT_IND_G12_AAAA	RAR_MUC_IND	integer	number	3		2015			Mucoviscidose	Personnes ayant une ALD (Affection de Longue Durée) au cours de l'année n avec code CIM-10 de fibrose kystique, et/ou personnes hospitalisées pour fibrose kystique au cours des années n à n-4 (diagnostic principal (DP) ou diagnostic relié (DR)), et/ou personnes hospitalisées au cours de l'année n pour tout autre motif avec une fibrose kystique comme complication ou morbidité associée (DP ou DR d'un des RUM (Résumé d'Unité Médicale) ou diagnostic associé (DA))	
CRTO_CT_IND_G12_AAAA	REGIME	string	string	6		2015			Régime du bénéficiaire au 31 décembre de l'année N	Régime social obligatoire du bénéficiaire lors de la dernière date de soins de l'année	
CRTO_CT_IND_G12_AAAA	RES_CAT_EXC	integer	number	3		2015			Maladies respiratoires chroniques (hors mucoviscidose)	Personnes ayant une ALD (Affection de Longue Durée) au cours de l'année n, avec codes CIM-10 de maladies chroniques des voies respiratoires inférieures, insuffisance respiratoire, et autres troubles respiratoires et/ou personnes hospitalisées pour ces mêmes motifs au cours des années n à n-4 (diagnostic principal (DP) ou diagnostic relié (DR)), et/ou personnes hospitalisées pour ces mêmes motifs au cours de l'année n (DP ou DR d'un des RUM (Résumé d'Unité Médicale) ou diagnostic associé (DA)), et/ou personnes ayant reçu au moins trois délivrances (à différentes dates) au cours de l'année n de médicaments spécifiques. Les personnes ayant une mucoviscidose sont exclues de ce groupe	
CRTO_CT_IND_G12_AAAA	RES_CAT_INC	integer	number	3		2015			Maladies respiratoires chroniques (avec ou sans mucoviscidose)	Personnes ayant une ALD (Affection de Longue Durée) au cours de l'année n, avec codes CIM-10 de maladies chroniques des voies respiratoires inférieures, insuffisance respiratoire, et autres troubles respiratoires et/ou personnes hospitalisées pour ces mêmes motifs au cours des années n à n-4 (diagnostic principal (DP) ou diagnostic relié (DR)), et/ou personnes hospitalisées pour ces mêmes motifs au cours de l'année n (DP ou DR d'un des RUM (Résumé d'Unité Médicale) ou diagnostic associé (DA)), et/ou personnes ayant reçu au moins trois délivrances (à différentes dates) au cours de l'année n de médicaments spécifiques	
CRTO_CT_IND_G12_AAAA	RGM_BDF	integer	number	3		2015			Au moins une consommation au régime de la Banque de France dans l'année	Individu ayant eu au moins une consommation DCIR ou PMSI dans l’année au titre du régime de la Banque de France	
CRTO_CT_IND_G12_AAAA	RGM_BORDEAUX	integer	number	3		2015			Au moins une consommation au régime du Port autonome de Bordeaux dans l'année	Individu ayant eu au moins une consommation DCIR ou PMSI dans l’année au titre du régime du Port Autonome de Bordeaux	
CRTO_CT_IND_G12_AAAA	RGM_CCI	integer	number	3		2015			Au moins une consommation au régime des Chambres de commerce et d'industrie dans l'année	Individu ayant eu au moins une consommation DCIR ou PMSI dans l’année au titre du régime des Chambres de commerce et d'industrie	
CRTO_CT_IND_G12_AAAA	RGM_CULTES	integer	number	3		2015			Au moins une consommation au régime des cultes dans l'année	Individu ayant eu au moins une consommation DCIR ou PMSI dans l’année au titre du régime des cultes	
CRTO_CT_IND_G12_AAAA	RGM_INCONNU	integer	number	3		2015			Au moins une consommation dans un régime inconnu dans l'année	Individu ayant eu au moins une consommation DCIR ou PMSI dans l’année au titre d'un régime inconnu	
CRTO_CT_IND_G12_AAAA	RGM_MARINS	integer	number	3		2015			Au moins une consommation au régime des marins dans l'année	Individu ayant eu au moins une consommation DCIR ou PMSI dans l’année au titre du régime des marins	
CRTO_CT_IND_G12_AAAA	RGM_MILITAIRES	integer	number	3		2015			Au moins une consommation au régime des militaires dans l'année	Individu ayant eu au moins une consommation DCIR ou PMSI dans l’année au titre du régime des militaires	
CRTO_CT_IND_G12_AAAA	RGM_MINES	integer	number	3		2015			Au moins une consommation au régime des mines dans l'année	Individu ayant eu au moins une consommation DCIR ou PMSI dans l’année au titre du régime des mines	
CRTO_CT_IND_G12_AAAA	RGM_MSA	integer	number	3		2015			Au moins une consommation à la MSA dans l'année	Individu ayant eu au moins une consommation DCIR ou PMSI dans l’année au titre de la MSA	
CRTO_CT_IND_G12_AAAA	RGM_NOTAIRES	integer	number	3		2015			Au moins une consommation au régime des notaires dans l'année	Individu ayant eu au moins une consommation DCIR ou PMSI dans l’année au titre du régime des notaires	
CRTO_CT_IND_G12_AAAA	RGM_RATP	integer	number	3		2015			Au moins une consommation au régime de la RATP dans l'année	Individu ayant eu au moins une consommation DCIR ou PMSI dans l’année au titre de la RATP	
CRTO_CT_IND_G12_AAAA	RGM_RG	integer	number	3		2015			Au moins une consommation au RG dans l'année	Individu ayant au moins une consommation DCIR dans l’année au titre du RG	
CRTO_CT_IND_G12_AAAA	RGM_RG_SLM	integer	number	3		2015			Au moins une consommation PMSI RG ou SLM (indéterminé) dans l'année	Individu ayant au moins une consommation PMSI dans l’année au titre du grand régime NOE_RGM = ‘01’	
CRTO_CT_IND_G12_AAAA	RGM_RG_SLM_2	integer	number	3		2015			Au moins une consommation RG ou SLM dans l'année	Individu ayant au moins une consommation DCIR ou PMSI dans l’année au titre du RG ou d'une SLM.	
CRTO_CT_IND_G12_AAAA	RGM_RSI	integer	number	3		2015			Au moins une consommation au RSI dans l'année	Individu ayant eu au moins une consommation DCIR ou PMSI dans l’année au titre du RSI	
CRTO_CT_IND_G12_AAAA	RGM_SLM	integer	number	3		2015			Au moins une consommation dans une SLM dans l'année	Individu ayant eu au moins une consommation DCIR ou PMSI dans l’année au titre d'une SLM	
CRTO_CT_IND_G12_AAAA	RGM_SNCF	integer	number	3		2015			Au moins une consommation au régime de la SNCF dans l'année	Individu ayant eu au moins une consommation DCIR ou PMSI dans l’année au titre de la SNCF	
CRTO_CT_IND_G12_AAAA	TAA_AIN_EXC	integer	number	3		2015			Traitements AINS (hors pathologies, traitements, maternité ou hospitalisations)	Personnes ayant reçu au moins 6 délivrances (à différentes dates) d'anti-inflammatoires non stéroïdiens, dans l'année n, mais qui n'ont pas de pathologies (donc en particulier sans prise en charge pour ALD) ou autres traitements chroniques repérés, ni de maternité, ni d'hospitalisations l'année n	
CRTO_CT_IND_G12_AAAA	TAA_AIN_INC	integer	number	3		2015			Traitements AINS (avec ou sans pathologies, traitements, maternité ou hospitalisations)	Personnes ayant reçu au moins 6 délivrances (à différentes dates) d'anti-inflammatoires non stéroïdiens, dans l'année n	
CRTO_CT_IND_G12_AAAA	TAA_ANT_EXC	integer	number	3		2015			Traitements antalgiques (hors pathologies, traitements, maternité ou hospitalisations)	Personnes ayant reçu au moins 6 délivrances (à différentes dates) d'antalgiques, dans l'année n, mais qui n'ont pas de pathologies (donc en particulier sans prise en charge pour ALD) ou autres traitements chroniques repérés, ni de maternité, ni d'hospitalisations l'année n	
CRTO_CT_IND_G12_AAAA	TAA_ANT_INC	integer	number	3		2015			Traitements antalgiques (avec ou sans pathologies, traitements, maternité ou hospitalisations)	Personnes ayant reçu au moins 6 délivrances (à différentes dates) d'antalgiques, dans l'année n	
CRTO_CT_IND_G12_AAAA	TAA_CAT_EXC	integer	number	3		2015			Traitements antalgiques ou anti-inflammatoires (hors pathologies, traitements, maternité ou hospitalisations)	Personnes ayant reçu au moins 6 délivrances (à différentes dates) d'antalgiques, et/ou 6 délivrances d'anti-inflammatoires non stéroïdiens, et/ou 6 délivrances de corticoïdes oraux, dans l'année n, mais qui n'ont pas de pathologies (donc en particulier sans prise en charge pour ALD) ou autres traitements chroniques repérés, ni de maternité, ni d'hospitalisations l'année n	
CRTO_CT_IND_G12_AAAA	TAA_CAT_INC	integer	number	3		2015			Traitements antalgiques ou anti-inflammatoires (avec ou sans pathologies, traitements, maternité ou hospitalisations)	Personnes ayant reçu au moins 6 délivrances (à différentes dates) d'antalgiques, et/ou 6 délivrances d'anti-inflammatoires non stéroïdiens, et/ou 6 délivrances de corticoïdes oraux, dans l'année n	
CRTO_CT_IND_G12_AAAA	TAA_COR_EXC	integer	number	3		2015			Traitements corticoides (hors pathologies, traitements, maternité ou hospitalisations)	Personnes ayant reçu au moins 6 délivrances (à différentes dates) de corticoïdes oraux, dans l'année n, mais qui n'ont pas de pathologies (donc en particulier sans prise en charge pour ALD) ou autres traitements chroniques repérés, ni de maternité, ni d'hospitalisations l'année n	
CRTO_CT_IND_G12_AAAA	TAA_COR_INC	integer	number	3		2015			Traitements corticoides (avec ou sans pathologies, traitements, maternité ou hospitalisations)	Personnes ayant reçu au moins 6 délivrances (à différentes dates) de corticoïdes oraux, dans l'année n	
CRTO_CT_IND_G12_AAAA	TFC_CAT_EXC	integer	number	3		2015			Traitements du risque vasculaire (hors pathologies)	Regroupement des traitements antihypertenseurs (hors pathologies) et traitements hypolipémiants (hors pathologies)	
CRTO_CT_IND_G12_AAAA	TFC_CAT_INC	integer	number	3		2015			Traitements du risque vasculaire (avec ou sans pathologies)	Regroupement des traitements antihypertenseurs (avec ou sans pathologies) et traitements hypolipémiants (avec ou sans pathologies)	
CRTO_CT_IND_G12_AAAA	TFC_HTA_EXC	integer	number	3		2015			Traitements antihypertenseurs (hors pathologies)	Personnes ayant reçu au moins 3 délivrances de médicaments spécifiques au cours de l'année n (à différentes dates), et en cas de grands conditionnements au moins 1 grand et 1 petit, ou 2 grands, mais n'étant pas identifiées comme ayant une maladie coronaire ou accident vasculaire cérébral ou insuffisance cardiaque - ni aigus ni chroniques -, ou artériopathie oblitérante des membres inférieurs, ou insuffisance rénale chronique terminale traitée, ou diabète. La liste comprend l'ensemble des médicaments ayant une indication thérapeutique remboursable dans le traitement de l'hypertension artérielle (et l'historique depuis le 1er janvier 2000). Sont exclus les médicaments à action antihypertensive des codes ATC (classification Anatomique, Thérapeutique et Chimique) commençant par C02, C07, C08, C09 n'ayant pas d'indication selon l'autorisation de mise sur le marché (AMM) dans le traitement de l'hypertension artérielle	
CRTO_CT_IND_G12_AAAA	TFC_HTA_INC	integer	number	3		2015			Traitements antihypertenseurs (avec ou sans pathologies)	Personnes ayant reçu au moins 3 délivrances de médicaments spécifiques au cours de l'année n (à différentes dates), et en cas de grands conditionnements au moins 1 grand et 1 petit, ou 2 grands. La liste comprend l'ensemble des médicaments ayant une indication thérapeutique remboursable dans le traitement de l'hypertension artérielle (et l'historique depuis le 1er janvier 2000). Sont exclus les médicaments à action antihypertensive des codes ATC (classification Anatomique, Thérapeutique et Chimique) commençant par C02, C07, C08, C09 n'ayant pas d'indication selon l'autorisation de mise sur le marché (AMM) dans le traitement de l'hypertension artérielle	
CRTO_CT_IND_G12_AAAA	TFC_LIP_EXC	integer	number	3		2015			Traitements hypolipémiants (hors pathologies)	Personnes ayant reçu au moins 3 délivrances de médicaments spécifiques au cours de l'année n (à différentes dates), et en cas de grands conditionnements au moins 1 grand et 1 petit, ou 2 grands, mais n'étant pas identifiées comme ayant une maladie coronaire ou accident vasculaire cérébral ou insuffisance cardiaque - ni aigus ni chroniques -, ou artériopathie oblitérante des membres inférieurs, ou insuffisance rénale chronique terminale traitée, ou diabète	
CRTO_CT_IND_G12_AAAA	TFC_LIP_INC	integer	number	3		2015			Traitements hypolipémiants (avec ou sans pathologies)	Personnes ayant reçu au moins 3 délivrances de médicaments spécifiques au cours de l'année n (à différentes dates), et en cas de grands conditionnements au moins 1 grand et 1 petit, ou 2 grands	
CRTO_CT_IND_G12_AAAA	TOP_C2S	integer	number	3		2019		2015,2016,2017,2018	Bénéficiaire de la complémentaire santé solidaire	Bénéficiaire au moins une fois dans l'année de la Complémentaire Santé solidaire (C2S). Attention, la complémentaire santé solidaire ayant été déployée que le 1er novembre 2019, la variable top_C2S n'est présente dans les tables ct_ind_G11_XXX et ct_dep_G11_XXX qu'à partir de l'année 2019. Régimes pour lesquels l'information n'est pas disponible dans les tables de la cartographie : Mines, Notaires, RATP, SLM, SNCF. Les personnes ne consommant que parmi ces régimes au cours de l'année n'ont pas les tops C2S correspondants renseignés.	
CRTO_CT_IND_G12_AAAA	TOP_C2S_GRA	integer	number	3		2021		2015,2016,2017,2018,2019,2020	Bénéficiaire de la complémentaire santé solidaire gratuite	Bénéficiaire au moins une fois dans l'année de la Complémentaire Santé solidaire (C2S) gratuite. Cette variable n'est présente dans les tables qu'à partir de l'année 2021.Les tops C2S sont alimentées à partir des informations contenues dans la variable BEN_C2S_TYP de la table ER_PRS_F de DCIR. A noter qu'une personne peut changer de contrat en cours d'année et être ainsi topée pour TOP_C2S_GRA et TOP_C2S_PAR. Si l'identifiant bénéficiaire (BEN_IDT_ANO) a eu au moins un soin dans le DCIR entre le 1er janvier (1er novembre pour 2019) et le 31 décembre avec un BEN_CMU_TOP égal à 1, alors cet identifiant verra sa variable TOP_C2S prendre la valeur 1. Si le BEN_C2S_TYP associé à cette prestation vaut « G89 », alors la variable TOP_C2S_GRA prend la valeur 1. Cette information n'étant pas fiable dans le PMSI, nous ne conservons que les informations du DCIR. Cette variable prend les valeurs « 0 » si l'identifiant n'a eu aucun soin avec une telle prise en charge dans l'année, « 1 » sinon. Ces variables peuvent avoir des données manquantes pour les identifiants appartenant à des régimes pour lesquels l'information correspondante est mal renseignée ou non alimentée. Régimes pour lesquels l'information n'est pas disponible dans les tables de la cartographie : Mines, Notaires, RATP, SLM, SNCF, MSA. Les personnes ne consommant que parmi ces régimes au cours de l'année n'ont pas les tops C2S correspondants renseignés.	
CRTO_CT_IND_G12_AAAA	TOP_C2S_PAR	integer	number	3		2021		2015,2016,2017,2018,2019,2020	Bénéficiaire de la complémentaire santé solidaire participative	Bénéficiaire au moins une fois dans l'année de la Complémentaire Santé solidaire (C2S) participative. Cette variable n'est présente dans les tables qu'à partir de l'année 2021.Les tops C2S sont alimentées à partir des informations contenues dans la variable BEN_C2S_TYP de la table ER_PRS_F de DCIR. A noter qu'une personne peut changer de contrat en cours d'année et être ainsi topée pour TOP_C2S_GRA et TOP_C2S_PAR. Si l'identifiant bénéficiaire (BEN_IDT_ANO) a eu au moins un soin dans le DCIR entre le 1er janvier (1er novembre pour 2019) et le 31 décembre avec un BEN_CMU_TOP égal à 1, alors cet identifiant verra sa variable TOP_C2S prendre la valeur 1. Si le BEN_C2S_TYP associé à cette prestation vaut « P89 », alors la variable TOP_C2S_PAR prend la valeur 1. Cette information n'étant pas fiable dans le PMSI, nous ne conservons que les informations du DCIR. Cette variable prend les valeurs « 0 » si l'identifiant n'a eu aucun soin avec une telle prise en charge dans l'année, « 1 » sinon. Ces variables peuvent avoir des données manquantes pour les identifiants appartenant à des régimes pour lesquels l'information correspondante est mal renseignée ou non alimentée. Régimes pour lesquels l'information n'est pas disponible dans les tables de la cartographie : Mines, Notaires, RATP, SLM, SNCF, MSA. Les personnes ne consommant que parmi ces régimes au cours de l'année n'ont pas les tops C2S correspondants renseignés.	
CRTO_CT_IND_G12_AAAA	TOP_EHPAD	integer	number	3		2015			Présence au moins un jour dans l'année dans un Établissement d'hébergement pour personnes âgées dépendantes	Les personnes indiquées comme étant résidentes d'un EHPAD pendant au moins un jour dans l'année dans le référentiel IR_ESM_R ont la modalité 1 pour cette variable.On estime que 90 % des établissements alimentent cette table. Du fait de cette absence d'exhaustivité, les personnes qui ne sont pas repérées dans IR_ESM_R ont une modalité à vide « . » et non pas à 0.	
CRTO_CT_IND_G12_AAAA	TOP_IND	integer	number	3		2019		2015,2016,2017,2018	Travailleur indépendant	Individu ayant eu au moins une consommation au titre du RSI dans le PMSI ou au moins une consommantion dans le DCIR au  RSI ou bien au Régime général avec un top PRS_FAC_TOP égal à 1 (top créé permettant d’identifier les factures de ces travailleurs indépendants au sein du Régime Général)	
CRTO_CT_IND_G12_AAAA	TOP_MT	integer	number	3		2015			Médecin traitant au 31 décembre de l'année N	Bénéficiaire ayant un médecin traitant déclaré au 31 décembre de l'année N	
CRTO_CT_IND_G12_AAAA	TPS_ADR_EXC	integer	number	3		2015			Traitements antidépresseurs ou thymorégulateurs (hors pathologies)	Personnes ayant reçu au moins 3 délivrances d'antidépresseurs de la classe ATC (classification Anatomique, Thérapeutique et Chimique) N06A (à l'exception de la lévotonine), de lithium, Depakote® ou Depamide® au cours de l'année n (à différentes dates), et qui n'ont pas de pathologie psychiatrique retrouvée	
CRTO_CT_IND_G12_AAAA	TPS_ADR_INC	integer	number	3		2015			Traitements antidépresseurs ou thymorégulateurs	Personnes ayant reçu au moins 3 délivrances d'antidépresseurs de la classe ATC (classification Anatomique, Thérapeutique et Chimique) N06A (à l'exception de la lévotonine), de lithium, Depakote® ou Depamide® au cours de l'année n (à différentes dates).	
CRTO_CT_IND_G12_AAAA	TPS_ANX_EXC	integer	number	3		2015			Traitements anxiolytiques (hors pathologies)	Personnes ayant reçu au moins 3 délivrances d'anxiolytiques au cours de l'année n (à différentes dates) c'est-à-dire d'un médicament dont le code ATC (classification Anatomique, Thérapeutique et Chimique) est dans la liste suivante : N05BA01, N05BA02, N05BA03, N05BA04, N05BA05, N05BA06, N05BA07, N05BA08, N05BA09, N05BA10, N05BA11, N05BA12, N05BA13, N05BA14, N05BA15, N05BA16, N05BA17, N05BA18, N05BA19, N05BA20, N05BA21, N05BA22, N05BA23, N05BB01, N05BB02,N05BC01,N05BE01,N05BX03, et qui n'ont pas de pathologie psychiatrique retrouvée	
CRTO_CT_IND_G12_AAAA	TPS_ANX_INC	integer	number	3		2015			Traitements anxiolytiques	Personnes ayant reçu au moins 3 délivrances d'anxiolytiques au cours de l'année n (à différentes dates) c'est-à-dire d'un médicament dont le code ATC (classification Anatomique, Thérapeutique et Chimique) est dans la liste suivante : N05BA01, N05BA02, N05BA03, N05BA04, N05BA05, N05BA06, N05BA07, N05BA08, N05BA09, N05BA10, N05BA11, N05BA12, N05BA13, N05BA14, N05BA15, N05BA16, N05BA17, N05BA18, N05BA19, N05BA20, N05BA21, N05BA22, N05BA23, N05BB01, N05BB02,N05BC01,N05BE01,N05BX03	
CRTO_CT_IND_G12_AAAA	TPS_CAT_EXC	integer	number	3		2015			Traitements psychotropes  (hors pathologies)	Regroupement des traitements antidépresseurs ou régulateurs de l'humeur (hors pathologies), traitements neuroleptiques (hors pathologies), traitements anxiolytiques (hors pathologies) et traitements hypnotiques (hors pathologies)	
CRTO_CT_IND_G12_AAAA	TPS_CAT_INC	integer	number	3		2015			Traitements psychotropes	Regroupement des traitements antidépresseurs ou régulateurs de l'humeur (avec ou sans pathologies), traitements neuroleptiques (avec ou sans pathologies), traitements anxiolytiques (avec ou sans pathologies) et traitements hypnotiques (avec ou sans pathologies)	
CRTO_CT_IND_G12_AAAA	TPS_HYP_EXC	integer	number	3		2015			Traitements hypnotiques (hors pathologies)	Personnes ayant reçu au moins 3 délivrances d'hypnotiques au cours de l'année n (à différentes dates) c'est-à-dire d'un médicament dont le code ATC (classification Anatomique, Thérapeutique et Chimique) est dans la liste suivante : N05CD02, N05CD03, N05CD04, N05CD05, N05CD06, N05CD07, N05CD08, N05CD09, N05CD10, N05CD11, N05CF01, N05CF02, N05BC51 , N05CM11, N05CM16 ou qui commence par N05CX, et qui n'ont pas de pathologie psychiatrique retrouvée	
CRTO_CT_IND_G12_AAAA	TPS_HYP_INC	integer	number	3		2015			Traitements hypnotiques	Personnes ayant reçu au moins 3 délivrances d'hypnotiques au cours de l'année n (à différentes dates) c'est-à-dire d'un médicament dont le code ATC (classification Anatomique, Thérapeutique et Chimique) est dans la liste suivante : N05CD02, N05CD03, N05CD04, N05CD05, N05CD06, N05CD07, N05CD08, N05CD09, N05CD10, N05CD11, N05CF01, N05CF02, N05BC51 , N05CM11, N05CM16 ou qui commence par N05CX	
CRTO_CT_IND_G12_AAAA	TPS_NLE_EXC	integer	number	3		2015			Traitements neuroleptiques (hors pathologies)	Personnes ayant reçu au moins 3 délivrances de neuroleptiques au cours de l'année n (à différentes dates) c'est-à-dire d'un médicament dont le code ATC (classification Anatomique, Thérapeutique et Chimique) débute par N05A, à l'exception des spécialités à base de lithium (utilisé comme thymorégulateur) et de Neuriplège® (myorelaxant), et qui n'ont pas de pathologie psychiatrique retrouvée	
CRTO_CT_IND_G12_AAAA	TPS_NLE_INC	integer	number	3		2015			Traitements neuroleptiques	Personnes ayant reçu au moins 3 délivrances de neuroleptiques au cours de l'année n (à différentes dates) c'est-à-dire d'un médicament dont le code ATC (classification Anatomique, Thérapeutique et Chimique) débute par N05A, à l'exception des spécialités à base de lithium (utilisé comme thymorégulateur) et de Neuriplège® (myorelaxant)	
CRTO_CT_RES_G12_AAAA	APL_MG_COMMUNE	string	string	8		2015		2020	Coefficient de l'accessibilité potentiel localisé aux médecins généralistes correspondant à la commune		
CRTO_CT_RES_G12_AAAA	APL_MG_INF65_COMMUNE	string	string	8		2015		2020	Coefficient de l'accessibilité potentiel localisé aux médecins généralistes de moins de 65 ans correspondant à la commune		
CRTO_CT_RES_G12_AAAA	BEN_IDT_ANO	string	string	18		2015			Identifiant synthétique du bénéficiaire dans le SNDS		
CRTO_CT_RES_G12_AAAA	CODE_ARRONDISSEMENT_INSEE	string	string	4		2015			Code de l'arrondissement correspondant à la commune		
CRTO_CT_RES_G12_AAAA	CODE_BASSIN_DE_VIE	string	string	5		2015			Code du bassin de vie correspondant à la commune (2012)		
CRTO_CT_RES_G12_AAAA	CODE_CANTON_INSEE	string	string	5		2015			Code du canton correspondant à la commune		
CRTO_CT_RES_G12_AAAA	CODE_COMMUNE_INSEE	string	string	5		2015			Code officiel géographique INSEE de la commune		
CRTO_CT_RES_G12_AAAA	CODE_DEPARTEMENT_INSEE	string	string	3		2015			Code du département correspondant à la commune		
CRTO_CT_RES_G12_AAAA	CODE_REGION_INSEE	string	string	2		2015			Code de la région correspondant à la commune		
CRTO_CT_RES_G12_AAAA	CODE_TVS	string	string	5		2015			Code du territoire de vie-santé correspondant à la commune		
CRTO_CT_RES_G12_AAAA	DECILE_DEFAVORISATION_2020	integer	number	1		2015			Décile de défavorisation 2020	Disponibilité des données : exhaustif.Source : INSERM + CEPIDC.SDES d'après LCSQA - Base de données Géod'Air.Exemple de valeur : 7	
CRTO_CT_RES_G12_AAAA	ESPER_VIE_FEMME_DEP	string	string	8		2015			Espérance de vie à la naissance des femmes (département)		
CRTO_CT_RES_G12_AAAA	ESPER_VIE_FEMME_REG	string	string	8		2015			Espérance de vie à la naissance des femmes (région)		
CRTO_CT_RES_G12_AAAA	ESPER_VIE_HOMME_DEP	string	string	8		2015			Espérance de vie à la naissance des hommes (département)		
CRTO_CT_RES_G12_AAAA	ESPER_VIE_HOMME_REG	string	string	8		2015			Espérance de vie à la naissance des hommes (région)		
CRTO_CT_RES_G12_AAAA	INDICE_DEFAVORISATION_2020	integer	number	8		2015			Indice de défavorisation sociale 2020	Disponibilité des données : Métropole.Source : INSERM + CEPIDC.Exemple de valeurs : -0,211262763	
CRTO_CT_RES_G12_AAAA	INTENSITE_PVT_DEP	string	string	8		2021	2022	2015,2016,2017,2018,2019,2020,2022,2023	Intensité de la pauvreté (département)		
CRTO_CT_RES_G12_AAAA	INTENSITE_PVT_REG	string	string	8		2021	2022	2015,2016,2017,2018,2019,2020,2022,2023	Intensité de la pauvreté (région)		
CRTO_CT_RES_G12_AAAA	LIB_ARRONDISSEMENT_INSEE	string	string	24		2015			Nom de l'arrondissement correspondant à la commune		
CRTO_CT_RES_G12_AAAA	LIB_BASSIN_DE_VIE	string	string	35		2015			Nom du bassin de vie correspondant à la commune (2012)		
CRTO_CT_RES_G12_AAAA	LIB_CANTON_INSEE	string	string	38		2015			Nom du canton correspondant à la commune		
CRTO_CT_RES_G12_AAAA	LIB_COMMUNE_INSEE	string	string	45		2015			Libellé correspondant au code officiel géographique INSEE de la commune		
CRTO_CT_RES_G12_AAAA	LIB_DEPARTEMENT_INSEE	string	string	43		2015			Nom du département correspondant à la commune		
CRTO_CT_RES_G12_AAAA	LIB_REGION_INSEE	string	string	26		2015			Nom de la région correspondant à la commune		
CRTO_CT_RES_G12_AAAA	LIB_TVS	string	string	30		2015			Nom du territoire de vie-santé correspondant à la commune		
CRTO_CT_RES_G12_AAAA	MEDIANE_NIVEAU_DE_VIE	string	string	8		2015	2021	2021,2022,2023	Médiane du niveau de vie correspondant à la commune		
CRTO_CT_RES_G12_AAAA	PART_20_24_SORTIS_NNDIP_COM	string	string	8		2021	2022	2015,2016,2017,2018,2019,2020,2022,2023	Part des non-diplômés chez les 20-24 ans sortis d'études (commune)		
CRTO_CT_RES_G12_AAAA	PART_20_24_SORTIS_NNDIP_DEP	string	string	8		2021	2022	2015,2016,2017,2018,2019,2020,2022,2023	Part des non-diplômés chez les 20-24 ans sortis d'études (département)		
CRTO_CT_RES_G12_AAAA	PART_20_24_SORTIS_NNDIP_REG	string	string	8		2021	2022	2015,2016,2017,2018,2019,2020,2022,2023	Part des non-diplômés chez les 20-24 ans sortis d'études (région)		
CRTO_CT_RES_G12_AAAA	PART_APA_PLUS75_DEP	string	string	8		2016	2023	2015,2023	Part des personnes de 75 ans ou plus bénéficiant de l'Aide Personnalisée d'Autonomie (APA, département)		
CRTO_CT_RES_G12_AAAA	PART_APA_PLUS75_REG	string	string	8		2016	2023	2015,2023	Part des personnes de 75 ans ou plus bénéficiant de l'Aide Personnalisée d'Autonomie (APA, région)		
CRTO_CT_RES_G12_AAAA	PART_CHOMEURS_LD_COM	string	string	8		2021	2022	2015,2016,2017,2018,2019,2020,2022,2023	Part des chômeurs de longue durée parmi les demandeurs d'emploi (commune)		
CRTO_CT_RES_G12_AAAA	PART_CHOMEURS_LD_DEP	string	string	8		2021	2022	2015,2016,2017,2018,2019,2020,2022,2023	Part des chômeurs de longue durée parmi les demandeurs d'emploi (département)		
CRTO_CT_RES_G12_AAAA	PART_CHOMEURS_LD_REG	string	string	8		2021	2022	2015,2016,2017,2018,2019,2020,2022,2023	Part des chômeurs de longue durée parmi les demandeurs d'emploi (région)		
CRTO_CT_RES_G12_AAAA	PART_JEUNES_NON_INSERES_COM	string	string	8		2021	2022	2015,2016,2017,2018,2019,2020,2022,2023	Part des jeunes (18-25 ans) non insérés (hors emploi et hors système scolaire, commune)		
CRTO_CT_RES_G12_AAAA	PART_JEUNES_NON_INSERES_DEP	string	string	8		2021	2022	2015,2016,2017,2018,2019,2020,2022,2023	Part des jeunes (18-25 ans) non insérés (hors emploi et hors système scolaire, département)		
CRTO_CT_RES_G12_AAAA	PART_JEUNES_NON_INSERES_REG	string	string	8		2021	2022	2015,2016,2017,2018,2019,2020,2022,2023	Part des jeunes (18-25 ans) non insérés (hors emploi et hors système scolaire, région)		
CRTO_CT_RES_G12_AAAA	PART_LOG_RES_PRINC_COM	string	string	8		2021	2022	2015,2016,2017,2018,2019,2020,2022,2023	Part des logements de type résidence principale (commune)		
CRTO_CT_RES_G12_AAAA	PART_LOG_RES_PRINC_DEP	string	string	8		2021	2022	2015,2016,2017,2018,2019,2020,2022,2023	Part des logements de type résidence principale (département)		
CRTO_CT_RES_G12_AAAA	PART_LOG_RES_SEC_COM	string	string	8		2021	2022	2015,2016,2017,2018,2019,2020,2022,2023	Part des logements de type résidence secondaire (commune)		
CRTO_CT_RES_G12_AAAA	PART_LOG_RES_SEC_DEP	string	string	8		2021	2022	2015,2016,2017,2018,2019,2020,2022,2023	Part des logements de type résidence secondaire (département)		
CRTO_CT_RES_G12_AAAA	PART_PLS_COM	string	string	8		2015			Part des logements sociaux dans l'ensemble des logements (commune)		
CRTO_CT_RES_G12_AAAA	PART_PLS_DEP	string	string	8		2015			Part des logements sociaux dans l'ensemble des logements (département)		
CRTO_CT_RES_G12_AAAA	PART_POP75_COM	string	string	8		2021	2022	2015,2016,2017,2018,2019,2020,2022,2023	Part des 75 ans ou plus dans la population (commune)		
CRTO_CT_RES_G12_AAAA	PART_POP75_DEP	string	string	8		2021	2022	2015,2016,2017,2018,2019,2020,2022,2023	Part des 75 ans ou plus dans la population (département)		
CRTO_CT_RES_G12_AAAA	PART_POP75_REG	string	string	8		2021	2022	2015,2016,2017,2018,2019,2020,2022,2023	Part des 75 ans ou plus dans la population (région)		
CRTO_CT_RES_G12_AAAA	POIDS_PRESTA_REVENU_REG	string	string	8		2021	2022	2015,2016,2017,2018,2019,2020,2022,2023	Poids des prestations sociales dans le revenu disponible moyen (région)		
CRTO_CT_RES_G12_AAAA	POPULATION_DERNIER_RECENSEMENT	string	string	8		2017		2015,2016	Population du dernier recensement correspondant à la commune		
CRTO_CT_RES_G12_AAAA	POPULATION_MUNICIPALE	string	string	8		2015	2022	2022,2023	Population légale correspondant à la commune		
CRTO_CT_RES_G12_AAAA	QUINTILE_DEFAVORISATION_2020	integer	number	1		2015			Quintile de défavorisation sociale 2020		
CRTO_CT_RES_G12_AAAA	REVENU_DECL_MEDIAN_DEP	string	string	8		2021	2022	2015,2016,2017,2018,2019,2020,2022,2023	Revenu fiscal déclaré médian par unité de consommation (département)	Disponibilité des données : Métropole.Source : INSERM + CEPIDC.Exemple de valeur : 3	
CRTO_CT_RES_G12_AAAA	REVENU_DECL_MEDIAN_REG	string	string	8		2021	2022	2015,2016,2017,2018,2019,2020,2022,2023	Revenu fiscal déclaré médian par unité de consommation (région)		
CRTO_CT_RES_G12_AAAA	STATUT_COMMUNE	string	string	12		2017	2018	2015,2016,2018,2019,2020,2021,2022,2023	Statut correspondant à la commune		
CRTO_CT_RES_G12_AAAA	TAUX_CHOM_BIT_FEMME_DEP	string	string	8		2015			Taux de chômage des femmes (au sens du BIT, département)		
CRTO_CT_RES_G12_AAAA	TAUX_CHOM_BIT_FEMME_REG	string	string	8		2015			Taux de chômage des femmes (au sens du BIT, région)		
CRTO_CT_RES_G12_AAAA	TAUX_CHOM_BIT_HOMME_DEP	string	string	8		2015			Taux de chômage des hommes (au sens du BIT, département)		
CRTO_CT_RES_G12_AAAA	TAUX_CHOM_BIT_HOMME_REG	string	string	8		2015			Taux de chômage des hommes (au sens du BIT, région)		
CRTO_CT_RES_G12_AAAA	TAUX_CHOM_BIT_TOTAL_DEP	string	string	8		2015			Taux de chômage (au sens du BIT, département)		
CRTO_CT_RES_G12_AAAA	TAUX_CHOM_BIT_TOTAL_REG	string	string	8		2015			Taux de chômage (au sens du BIT, région)		
CRTO_CT_RES_G12_AAAA	TAUX_CHOM_RP_TOTAL_COM	string	string	8		2021	2022	2015,2016,2017,2018,2019,2020,2022,2023	Taux de chômage (au sens du recensement, commune)		
CRTO_CT_RES_G12_AAAA	TAUX_CHOM_RP_TOTAL_DEP	string	string	8		2021	2022	2015,2016,2017,2018,2019,2020,2022,2023	Taux de chômage (au sens du recensement, département)		
CRTO_CT_RES_G12_AAAA	TAUX_CHOM_RP_TOTAL_REG	string	string	8		2021	2022	2015,2016,2017,2018,2019,2020,2022,2023	Taux de chômage (au sens du recensement, région)		
CRTO_CT_RES_G12_AAAA	TAUX_EMP_F_COM	string	string	8		2021	2022	2015,2016,2017,2018,2019,2020,2022,2023	Taux d'emploi des femmes (commune)		
CRTO_CT_RES_G12_AAAA	TAUX_EMP_F_DEP	string	string	8		2021	2022	2015,2016,2017,2018,2019,2020,2022,2023	Taux d'emploi des femmes (département)		
CRTO_CT_RES_G12_AAAA	TAUX_EMP_F_REG	string	string	8		2021	2022	2015,2016,2017,2018,2019,2020,2022,2023	Taux d'emploi des femmes (région)		
CRTO_CT_RES_G12_AAAA	TAUX_EMP_H_COM	string	string	8		2021	2022	2015,2016,2017,2018,2019,2020,2022,2023	Taux d'emploi des hommes (commune)		
CRTO_CT_RES_G12_AAAA	TAUX_EMP_H_DEP	string	string	8		2021	2022	2015,2016,2017,2018,2019,2020,2022,2023	Taux d'emploi des hommes (département)		
CRTO_CT_RES_G12_AAAA	TAUX_EMP_H_REG	string	string	8		2021	2022	2015,2016,2017,2018,2019,2020,2022,2023	Taux d'emploi des hommes (région)		
CRTO_CT_RES_G12_AAAA	TAUX_EMP_TOTAL_COM	string	string	8		2021	2022	2015,2016,2017,2018,2019,2020,2022,2023	Taux d'emploi des individus (commune)		
CRTO_CT_RES_G12_AAAA	TAUX_EMP_TOTAL_DEP	string	string	8		2021	2022	2015,2016,2017,2018,2019,2020,2022,2023	Taux d'emploi des individus (département)		
CRTO_CT_RES_G12_AAAA	TAUX_EMP_TOTAL_REG	string	string	8		2021	2022	2015,2016,2017,2018,2019,2020,2022,2023	Taux d'emploi des individus (région)		
CRTO_CT_RES_G12_AAAA	TAUX_LGMT_SUROCCUPES_COM	string	string	8		2021	2022	2015,2016,2017,2018,2019,2020,2022,2023	Part des logements en situation de sur-occupation (commune)		
CRTO_CT_RES_G12_AAAA	TAUX_LGMT_SUROCCUPES_DEP	string	string	8		2021	2022	2015,2016,2017,2018,2019,2020,2022,2023	Part des logements en situation de sur-occupation (département)		
CRTO_CT_RES_G12_AAAA	TAUX_LGMT_SUROCCUPES_REG	string	string	8		2021	2022	2015,2016,2017,2018,2019,2020,2022,2023	Part des logements en situation de sur-occupation (région)		
CRTO_CT_RES_G12_AAAA	TAUX_MORT_INFANT_DEP	string	string	8		2018		2015,2016,2017	Taux de mortalité infantile (pour 1000 enfants nés vivants entre 2015 et 2017, département)		
CRTO_CT_RES_G12_AAAA	TAUX_MORT_INFANT_REG	string	string	8		2018		2015,2016,2017	Taux de mortalité infantile (pour 1000 enfants nés vivants entre 2015 et 2017, région)		
CRTO_CT_RES_G12_AAAA	TAUX_PAUVRETE	string	string	8		2015	2021	2021,2022,2023	Taux de pauvreté correspondant à la commune		
CRTO_CT_RES_G12_AAAA	TAUX_PVT_TOTAL_DEP	string	string	8		2021	2022	2015,2016,2017,2018,2019,2020,2022,2023	Taux de pauvreté monétaire (60 % du niveau de vie médian) total (département)		
CRTO_CT_RES_G12_AAAA	TAUX_PVT_TOTAL_REG	string	string	8		2021	2022	2015,2016,2017,2018,2019,2020,2022,2023	Taux de pauvreté monétaire (60 % du niveau de vie médian) total (région)		
CRTO_CT_RES_G12_AAAA	TX_JEUNES_DIFF_LECTURE_DEP	string	string	8		2022		2015,2016,2017,2018,2019,2020,2021	Taux de jeunes en difficulté de lecture (16-17 ans, département)		
CRTO_CT_RES_G12_AAAA	TX_JEUNES_DIFF_LECTURE_REG	string	string	8		2022		2015,2016,2017,2018,2019,2020,2021	Taux de jeunes en difficulté de lecture (16-17 ans, région)		
CRTO_CT_RES_G12_AAAA	TYPE_COMMUNE	string	string	6		2017	2018	2015,2016,2018,2019,2020,2021,2022,2023	Type correspondant à la commune		
CRTO_CT_RES_G12_AAAA	TYPOLOGIE_DENSITE_4NIV	string	string	32		2019	2023	2015,2016,2017,2018,2023	Type de densité correspondant à la commune (4 niveaux)		
KI_CCI_R	ACC_DEB_COD	integer	number	1.0	DS_DEB_V	2006			Début de travail		
KI_CCI_R	ACC_LIA_COD	integer	number	1.0	DS_LIA_V	2006			Lieu d'accouchement		
KI_CCI_R	ACC_PST_COD	integer	number	1.0	DS_PST_V	2006			Présentation de l'enfant		
KI_CCI_R	BEN_DCD_AME	string	string	6.0		2006			Année et mois du décès		
KI_CCI_R	BEN_DCD_DTE	date	date		IR_DTE_V	2006			Date du décès		
KI_CCI_R	BEN_IDT_ANO	string	string	18.0		2006			Identifiant synthétique SNDS		
KI_CCI_R	BEN_IDT_TOP	integer	number	1.0		2006			Top identifiant synthétique SNDS		
KI_CCI_R	BEN_NAI_ANN	string	string	4.0		2006			Année de naissance		
KI_CCI_R	BEN_NAI_MOI	string	string	2.0		2006			Mois de naissance		
KI_CCI_R	BEN_NIR_ANO	string	string	17.0		2006			NIR pseudonymisé du bénéficiaire		
KI_CCI_R	BEN_RES_COM	string	string	3.0	IR_GEO_V	2006			Commune de domicile		
KI_CCI_R	BEN_RES_DPT	string	string	3.0	IR_DPT_V	2006			Département de domicile		
KI_CCI_R	BEN_SEX_COD	integer	number	1.0	IR_SEX_V	2006			Sexe		
KI_CCI_R	CAT_PCS_COD	string	string	4.0	DS_PC1_V	2006			Profession et catégorie socioprofessionnelle	Nomenclature PCS INSEE	
KI_CCI_R	CER_PRD_TYP	integer	number	1.0		2006			Type de codage utilisé	Codage des causes de décès de 2018 et 2019 en CIM10 - Document de travail N°2/2023 - CépiDc	
KI_CCI_R	CER_SUP_TYP	integer	number	1.0	DS_SUP_V	2006			Type de support		
KI_CCI_R	CER_VER_NUM	integer	number	1.0	DS_VER_V	2006			Version du certificat		
KI_CCI_R	DCD_ATT_COD	integer	number	1.0	DS_ATT_V	2006			Accident du travail		
KI_CCI_R	DCD_CAU_COD	integer	number	1.0	DS_CAU_V	2006			Recherche de la cause de décès		
KI_CCI_R	DCD_CIM_COD	string	string	4.0	IR_CCI_V	2006			Cause initiale de décès		
KI_CCI_R	DCD_CIM_VER	integer	number	1.0		2006			Version CIM utilisée pour coder les causes médicales de décès		
KI_CCI_R	DCD_CIR_COD	integer	number	1.0		2006			Circonstance apparente du décès		
KI_CCI_R	DCD_COM_COD	string	string	3.0	IR_GEO_V	2006			Commune de décès		
KI_CCI_R	DCD_DPT_COD	string	string	3.0	IR_DPT_V	2006			Département de décès		
KI_CCI_R	DCD_ENC_COD	integer	number	1.0		2006			Statut de grossesse si femme décédée		
KI_CCI_R	DCD_FIA_COD	integer	number	1.0		2006			Fiabilité de la date de décès		
KI_CCI_R	DCD_GRS_COD	integer	number	1.0	DS_GRS_V	2006			Contribution de la grossesse au décès		
KI_CCI_R	DCD_GRS_DEL	string	string	4.0		2006			Délai entre fin de grossesse et décès		
KI_CCI_R	DCD_IDT_ENC	string	string	64.0		2006			Identifiant décès encodé		
KI_CCI_R	DCD_IDT_TOP	integer	number	1.0		2006			Top apparié avec IR_BEN_R		
KI_CCI_R	DCD_LIE_COD	integer	number	1.0	DS_LIE_V	2006			Lieu du décès		
KI_CCI_R	DCD_MAI_INJ	string	string	5.0		2024					
KI_CCI_R	DCD_MSU_COD	integer	number	1.0		2006			Mort Subite		
KI_CCI_R	DCD_NEO_AGE	integer	number	1.0		2006			Mortalité néonatale groupe d'âge		
KI_CCI_R	DCD_NRS_COD	integer	number	1.0		2006			Mort inattendue du nourrisson		
KI_CCI_R	DCD_VER_COD	string	string	255.0		2024					
KI_CCI_R	ETA_MAR_COD	integer	number	1.0	DS_MAR_V	2006			Etat matrimonial		
KI_CCI_R	FLX_PER_ANN	string	string	4.0		2006			Année de décès		
KI_CCI_R	GRS_ORD_NUM	integer	number	1.0		2006			Numéro d'ordre de l'enfant si grossesse multiple		
KI_CCI_R	HOS_TRF_TOP	integer	number	1.0	DS_TRF_V	2006			Transfert ou hospitalisation particulière de l'enfant		
KI_CCI_R	LIE_LMV_COD	integer	number	1.0		2006			Codification du lieu de décès si mort violente		
KI_CCI_R	MER_MAR_COD	integer	number	1.0	DS_MAR_V	2006			Etat matrimonial de la mère		
KI_CCI_R	MER_NAI_ANN	string	string	4.0		2006			Année de naissance de la mère		
KI_CCI_R	MER_PFG_LIB	string	string	50.0		2006			Profession de la mère exercée pendant la grossesse		
KI_CCI_R	MER_PFS_COD	integer	number	1.0	DS_PFS_V	2006			Activité professionnelle de la mère		
KI_CCI_R	MER_SIT_TOP	integer	number	1.0	DS_SIT_V	2006			Top mère en couple		
KI_CCI_R	MOD_ACC_COD	integer	number	1.0	DS_ACC_V	2006			Mode d'accouchement		
KI_CCI_R	NEO_APG_SCO	integer	number	2.0		2006			Apgar à une minute		
KI_CCI_R	NEO_GES_AGE	integer	number	2.0		2006			Age gestationnel en semaines révolues d'aménorrhée		
KI_CCI_R	NEO_NAI_POI	integer	number	4.0		2006			Poids de naissance en grammes		
KI_CCI_R	PER_PFG_LIB	string	string	50.0		2006			Profession du père exercée pendant la grossesse		
KI_CCI_R	PER_PFS_COD	integer	number	1.0	DS_PFS_V	2006			Activité professionnelle du père		
KI_CCI_R	PFV_ACP_COD	integer	number	1.0	DS_ACP_V	2006			Activité professionnelle		
KI_CCI_R	PRD_SCR_COF	integer	number	4.0		2006			Score de confiance obtenu		
KI_CCI_R	RNG_NAI_TYP	integer	number	1.0	DS_NAI_V	2006			Type de naissance		
KI_CCI_R	TOT_ACC_NBR	integer	number	2.0		2006			Nombre total d'accouchements		
KI_CCI_R	TOT_GRS_NBR	integer	number	2.0		2006			Nombre total de grossesses		
KI_CCI_R	TRT_STA_COD	integer	number	1.0	DS_STA_V	2006			Statut de traitement		
KI_CCI_R	TYP_CER_COD	integer	number	1.0	DS_CER_V	2006			Type de certificat		
KI_CCI_R	TYP_VOL_COD	integer	number	1.0	DS_VOL_V	2006			Type de volet		
KI_ECD_R	BEN_DCD_AME	string	string	6.0		2006			Année et mois du décès		
KI_ECD_R	BEN_DCD_DTE	date	date		IR_DTE_V	2006			Date du décès		
KI_ECD_R	BEN_IDT_ANO	string	string	18.0		2006			Identifiant synthétique SNDS		
KI_ECD_R	BEN_IDT_TOP	integer	number	1.0		2006			Top identifiant synthétique SNDS		
KI_ECD_R	BEN_NIR_ANO	string	string	17.0		2006			NIR pseudonymisé du bénéficiaire		
KI_ECD_R	CER_LIG_NUM	integer	number	1.0		2006			Numéro de ligne du certificat de décès		
KI_ECD_R	DCD_IDT_ENC	string	string	64.0		2006			Identifiant décès encodé		
KI_ECD_R	DCD_IDT_TOP	integer	number	1.0		2006			Top apparié avec IR_BEN_R		
KI_ECD_R	ECD_CAU_LIB	string	string	400.0		2006			Libellé de la cause		
KI_ECD_R	ECD_CAU_RNG	integer	number	3.0		2006			Rang de la cause		
KI_ECD_R	ECD_CIM_COD	string	string	4.0	IR_CCI_V	2006			Code de la cause		
KI_ECD_R	FLX_PER_ANN	string	string	4.0		2006			Année du décès		
ER_ANO_F	DCT_ORD_NUM	integer	number	9		2006			Numéro d'ordre du décompte dans l'organisme		
ER_ANO_F	FLX_DIS_DTD	date	date	20	IR_DTE_V	2006			Date de mise à disposición des données		
ER_ANO_F	FLX_EMT_NUM	integer	number	4	IR_NEM_T	2006			Numéro d'émetteur du flux		
ER_ANO_F	FLX_EMT_ORD	integer	number	4		2006			Numéro de secuencia du flux		
ER_ANO_F	FLX_EMT_TYP	integer	number	3	IR_TYT_V	2006			Type d'émetteur		
ER_ANO_F	FLX_TRT_DTD	date	date	20	IR_DTE_V	2006			Date d'entrée des données dans le sistema d'information		
ER_ANO_F	ORG_CLE_NEW	string	string	9	IR_ORG_V	2006			Organisme de liquidation des prestations (après fusion)		
ER_ANO_F	ORG_CLE_NUM	string	string	9	IR_ORG_V	2006			Ancien organisme avant fusion (jusqu'au jour J de la fusion)		
ER_ANO_F	PRS_ANO_COD	string	string	10	IR_TAN_V	2006			Type d'anomalie ou code contrôle (signalement/rejet)		
ER_ANO_F	PRS_ANO_COM	string	string	50		2006			Commentaire rejet/signalement		
ER_ANO_F	PRS_ANO_DEF	string	string	50		2006			Valeur de remplacement		
ER_ANO_F	PRS_ANO_DON	string	string	11		2006			Code donnée impactée		
ER_ANO_F	PRS_ANO_ORI	string	string	50		2006			Valeur d'origine		
ER_ANO_F	PRS_ENT_COD	string	string	10		2006			Code entité		
ER_ANO_F	PRS_ENT_NUM	integer	number	3		2006			Numéro d'ordre de l'entité/type du remboursement		
ER_ANO_F	PRS_ORD_NUM	integer	number	5		2006			Numéro d'ordre de la prestation dans le décompte		
ER_ANO_F	REM_TYP_AFF	integer	number	1	IR_ASS_V	2006			Type de remboursement affiné		
ER_ARO_F	ARO_ASU_NAT	integer	number	3.0	IR_ASU_V	2006			Nature d'assurance (autre que régime obligatoire)		
ER_ARO_F	ARO_CPL_COD	integer	number	2.0	IR_CPA_V	2006			Complément d'acte (autre que régime obligatoire)		
ER_ARO_F	ARO_ENV_TYP	integer	number	3.0	IR_ENV_V	2006			Type d'enveloppe (autre que régime obligatoire)		
ER_ARO_F	ARO_FJH_TYP	integer	number	2.0	IR_FJH_V	2006			Type de prise en charge du forfait Journalier (autre que régime obligatoire)		
ER_ARO_F	ARO_FTA_COD	integer	number	2.0	IR_FOR_V	2006			Code forçage du taux (hors parcours de soins) autre que régime obligatoire		
ER_ARO_F	ARO_MIN_TAU	integer	number	7.2		2006			Taux modulé (hors parcours de Soins) du remboursement (autre que régime obligatoire)		
ER_ARO_F	ARO_MOD_MNT	integer	number	11.2		2006			Montant de la majoration de la participation de l'assuré (autre que régime obligatoire)		
ER_ARO_F	ARO_ORD_NUM	integer	number	3.0		2006			Numéro d'ordre du remboursement autre que régime obligatoire		
ER_ARO_F	ARO_PRS_NAT	integer	number	5.0	IR_NAT_V	2006			Nature de la prestation (autre que régime obligatoire)		
ER_ARO_F	ARO_REM_BSE	integer	number	11.2		2006			Base de remboursement (autre que régime obligatoire)		
ER_ARO_F	ARO_REM_MNT	integer	number	11.2		2006			Montant versé/remboursé (autre que régime obligatoire)		
ER_ARO_F	ARO_REM_PRU	integer	number	14.5		2006			Prix unitaire de l'acte (autre que régime obligatoire)		
ER_ARO_F	ARO_REM_SGN	integer	number	2.0	IR_SGN_V	2006			Signe du remboursement (autre que régime obligatoire)		
ER_ARO_F	ARO_REM_TAU	integer	number	7.2	IR_TAU_V	2006			Taux réel de remboursement (autre que régime obligatoire)		
ER_ARO_F	ARO_REM_TYP	integer	number	3.0	IR_TYR_V	2006			Type de remboursement (autre que régime obligatoire)	Pour identifier les remboursements des personnes couvertes par le régime d’Alsace Moselle : sélectionner les valeurs de la modulation du ticket modérateur MTM_NAT > 1 et filtrer sur le type de remboursement ARO_REM_TYP = 4 (remboursement de la part complémentaire).	
ER_ARO_F	ARO_THE_TAU	integer	number	7.2		2006			Taux théorique de remboursement (autre que régime obligatoire)		
ER_ARO_F	DCT_ORD_NUM	integer	number	9.0		2006			Numéro d'ordre du décompte dans l'organisme	Clé technique pour jointure	
ER_ARO_F	FLX_DIS_DTD	date	date	20.0		2006			Date de mise à disposition des données	Clé technique pour jointure	
ER_ARO_F	FLX_EMT_NUM	integer	number	4.0	IR_NEM_T	2006			Numéro d'émetteur du flux	Clé technique pour jointure. | Quand FLX_EMT_TYP = 1, l'émetteur du flux est identifié par le couple FLX_EMT_TYP/FLX_EMT_NUM. | dans ce cas, pour obtenir la liste des émetteurs et les libellés qui y sont associés, il faut rechercher les valeurs du type d'émetteur FLX_EMT_TYP et celles du numéro d'émetteur FLX_EMT_NUM dans la table de valeurs des émetteurs IR_NEM_T (et non IR_NEM_V), en associant la variable FLX_EMT_TYP avec la colonne TYT_COD de IR_NEM_T et la variable FLX_EMT_NUM avec la colonne EMT_NUM_RES de IR_NEM_T.	
ER_ARO_F	FLX_EMT_ORD	integer	number	4.0		2006			Numéro de séquence du flux	Clé technique pour jointure	
ER_ARO_F	FLX_EMT_TYP	integer	number	3.0	IR_TYT_V	2006			Type d'émetteur	Clé technique pour jointure. | Quand FLX_EMT_TYP = 1, l'émetteur du flux est identifié par le couple FLX_EMT_TYP/FLX_EMT_NUM. | dans ce cas, pour obtenir la liste des émetteurs et les libellés qui y sont associés, il faut rechercher les valeurs du type d'émetteur FLX_EMT_TYP et celles du numéro d'émetteur FLX_EMT_NUM dans la table de valeurs des émetteurs IR_NEM_T (et non IR_NEM_V), en associant la variable FLX_EMT_TYP avec la colonne TYT_COD de IR_NEM_T et la variable FLX_EMT_NUM avec la colonne EMT_NUM_RES de IR_NEM_T.	
ER_ARO_F	FLX_TRT_DTD	date	date	20.0	IR_DTE_V	2006			Date d'entrée des données dans le système d'information	Clé technique pour jointure	
ER_ARO_F	ORG_CLE_NEW	string	string	9.0	IR_ORG_V	2008		2006,2007	Organisme de liquidation des prestations (après fusion)		
ER_ARO_F	ORG_CLE_NUM	string	string	9.0	IR_ORG_V	2006			Ancien organisme avant fusion (jusqu’au jour J de la fusion)	Clé technique pour jointure	
ER_ARO_F	PRS_ORD_NUM	integer	number	5.0		2006			Numéro d'ordre de la prestation dans le décompte	Clé technique pour jointure	
ER_ARO_F	REM_TYP_AFF	integer	number	1.0		2006			Type de remboursement affiné	Cette variable répond au besoin d’affinage des majorations, et permet d’intégrer les lignes de remboursements liées à la participation assuré 18 euros dans la table des prestations. Attention lors des jointures avec les autres tables du modèle car les informations détaillées ne sont pas disponibles pour les codes prestations 1956 et 2285. | Si la nature de prestation correspond à une participation de l'assuré 18 euros codée 1956 (ambulatoire) ou 2285 (séjour), alors le type de remboursement affiné est différent de 1, et sinon il est égal à 1 (valeur par défaut).	
ER_BIO_F	BIO_ACT_QSN	integer	number	4	IR_BIO_R	2006			Quantite affinée signée de biologie	Sert à calculer la base de remboursement	
ER_BIO_F	BIO_ORD_NUM	integer	number	4		2006			Numéro d'ordre de l'acte affiné de biologie		
ER_BIO_F	BIO_PRS_IDE	integer	number	5		2006			Code acte affiné de biologie		
ER_BIO_F	DCT_ORD_NUM	integer	number	9		2006			Numéro d'ordre du décompte dans l'organisme	Clé technique pour jointure	
ER_BIO_F	FLX_DIS_DTD	date	date	20		2006			Date de mise à disposition des données	Clé technique pour jointure	
ER_BIO_F	FLX_EMT_NUM	integer	number	4	IR_NEM_T	2006			Numéro d'émetteur du flux	Clé technique pour jointure. | Quand FLX_EMT_TYP = 1, l'émetteur du flux est identifié par le couple FLX_EMT_TYP/FLX_EMT_NUM. | dans ce cas, pour obtenir la liste des émetteurs et les libellés qui y sont associés, il faut rechercher les valeurs du type d'émetteur FLX_EMT_TYP et celles du numéro d'émetteur FLX_EMT_NUM dans la table de valeurs des émetteurs IR_NEM_T (et non IR_NEM_V), en associant la variable FLX_EMT_TYP avec la colonne TYT_COD de IR_NEM_T et la variable FLX_EMT_NUM avec la colonne EMT_NUM_RES de IR_NEM_T.	
ER_BIO_F	FLX_EMT_ORD	integer	number	4		2006			Numéro de séquence du flux	Clé technique pour jointure	
ER_BIO_F	FLX_EMT_TYP	integer	number	3	IR_TYT_V	2006			Type d'émetteur	Clé technique pour jointure. | Quand FLX_EMT_TYP = 1, l'émetteur du flux est identifié par le couple FLX_EMT_TYP/FLX_EMT_NUM. | dans ce cas, pour obtenir la liste des émetteurs et les libellés qui y sont associés, il faut rechercher les valeurs du type d'émetteur FLX_EMT_TYP et celles du numéro d'émetteur FLX_EMT_NUM dans la table de valeurs des émetteurs IR_NEM_T (et non IR_NEM_V), en associant la variable FLX_EMT_TYP avec la colonne TYT_COD de IR_NEM_T et la variable FLX_EMT_NUM avec la colonne EMT_NUM_RES de IR_NEM_T.	
ER_BIO_F	FLX_TRT_DTD	date	date	20	IR_DTE_V	2006			Date d'entrée des données dans le système d'information	Clé technique pour jointure	
ER_BIO_F	ORG_CLE_NEW	string	string	9	IR_ORG_V	2008		2006,2007	Organisme de liquidation des prestations (après fusion)		
ER_BIO_F	ORG_CLE_NUM	string	string	9	IR_ORG_V	2006			Ancien organisme avant fusion (jusqu’au jour J de la fusion)	Clé technique pour jointure	
ER_BIO_F	PRS_ORD_NUM	integer	number	5		2006			Numéro d'ordre de la prestation dans le décompte	Clé technique pour jointure	
ER_BIO_F	REM_TYP_AFF	integer	number	1		2006			Type de remboursement affiné	Cette variable répond au besoin d’affinage des majorations, et permet d’intégrer les lignes de remboursements liées à la participation assuré 18 euros dans la table des prestations. Attention lors des jointures avec les autres tables du modèle car les informations détaillées ne sont pas disponibles pour les codes prestations 1956 et 2285. | Si la nature de prestation correspond à une participation de l'assuré 18 euros codée 1956 (ambulatoire) ou 2285 (séjour), alors le type de remboursement affiné est différent de 1, et sinon il est égal à 1 (valeur par défaut).	
ER_CAM_F	CAM_ACT_COD	string	string	1.0		2006			Code activité	Ce code permet, pour un même acte CCAM (même code acte CAM_PRS_IDE), de séparer les différentes activités constitutives de l’acte, par exemple de séparer l’activité chirurgicale (activité 1) de l’activité d’anesthésie (activité 4). Pour compter les actes, il faut tenir compte du code activité et du code phase de traitement afin de ne compter qu’une fois l’acte (et non, une fois au titre de l’acte chirurgical, en activité 1, et une fois au titre de l’anesthésie, en activité 4) ; le code descriptif détaillé d’un acte CCAM est constitué du triplet CAM_PRS_IDE (identifiant du code acte CCAM) + CAM_ACT_COD (code activité) + CAM_TRT_PHA (code phase de traitement).	
ER_CAM_F	CAM_ACT_PRU	integer	number	9.2		2006			Prix unitaire de la prestation affinée CCAM		
ER_CAM_F	CAM_ASS_COD	string	string	1.0		2006			Code association		
ER_CAM_F	CAM_CAB_IND	string	string	1.0		2006			Top supplément de charge en cabinet		
ER_CAM_F	CAM_DOC_EXT	string	string	1.0		2006			Extension documentaire		
ER_CAM_F	CAM_GRI_TAR	string	string	3.0		2006			Grille tarifaire		
ER_CAM_F	CAM_MI1_MNT	integer	number	9.2		2006			Montant Minoration due à association sur Modificateur1		
ER_CAM_F	CAM_MI2_MNT	integer	number	9.2		2006			Montant Minoration due à association sur Modificateur2		
ER_CAM_F	CAM_MI3_MNT	integer	number	9.2		2006			Montant Minoration due à association sur Modificateur3		
ER_CAM_F	CAM_MI4_MNT	integer	number	9.2		2006			Montant Minoration due à association sur Modificateur4		
ER_CAM_F	CAM_MM1_MNT	integer	number	9.2		2006			Montant Majoration Modificateur1		
ER_CAM_F	CAM_MM2_MNT	integer	number	9.2		2006			Montant Majoration Modificateur2		
ER_CAM_F	CAM_MM3_MNT	integer	number	9.2		2006			Montant Majoration Modificateur3		
ER_CAM_F	CAM_MM4_MNT	integer	number	9.2		2006			Montant Majoration Modificateur4		
ER_CAM_F	CAM_MOD_COD	string	string	4.0		2006			Codes modificateurs	La variable CAM_MOD_COD peut contenir jusqu'à 4 modificateurs. Exemple : ABCD, ou 8JK…	
ER_CAM_F	CAM_MOD_NEW	string	string	8.0		2013		2006,2007,2008,2009,2010,2011,2012	Codes modificateurs		
ER_CAM_F	CAM_MPU_MNT	integer	number	9.2		2006			Montant Minoration due à association sur PU de l' Acte		
ER_CAM_F	CAM_NRM_MNT	integer	number	9.2		2006			Montant Non Rmb du à annulation du tarif pr acte non rmb		
ER_CAM_F	CAM_ORD_NUM	integer	number	3.0		2006			Numéro d'ordre de la prestation affinée CCAM		
ER_CAM_F	CAM_PRS_IDE	string	string	13.0		2006			Code de la prestation affinée CCAM	Le code descriptif détaillé d’un acte CCAM est constitué du triplet CAM_PRS_IDE (identifiant du code acte CCAM) + CAM_ACT_COD (code activité) + CAM_TRT_PHA (code phase de traitement). Pour compter les actes, il faut tenir compte du code activité et du code phase de traitement afin de ne compter qu’une fois l’acte (et non, une fois au titre de l’acte chirurgical, en activité 1, et une fois au titre de l’anesthésie, en activité 4).	
ER_CAM_F	CAM_QUA_DEN	string	string	32.0		2006			Localisation dentaire	Cette zone n'est pas renseignée actuellement pour les dentistes. Avec la mise en oeuvre de la CCAM dentaire, chaque localisation dentaire devrait être renseignée sur 2 caractères, avec un maximum de 16 localisations dentaires (correspondant au 32 caractères de la longueur de la variable). | Une localisation dentaire correspondra soit à un numéro de dent (inclus les dents de lait), soit à une arcade (01, 02), soit à un quadrant (10, 20, 30, 40) ou soit à un sextant (03, 04, 05, 06, 07, 08).	
ER_CAM_F	CAM_RED_MNT	integer	number	9.2	IR_FOR_V	2006			Montant Reduction Tarif due à paraticien non conventionné		
ER_CAM_F	CAM_REM_BSE	integer	number	9.2		2006			Base de remboursement CCAM		
ER_CAM_F	CAM_REM_COD	string	string	1.0		2006			Code remboursement exceptionnel		
ER_CAM_F	CAM_SUP_MNT	integer	number	9.2		2006			Montant Supplement de Charge en Cabinet		
ER_CAM_F	CAM_TRT_PHA	integer	number	2.0		2006			Phase de traitement	Ce code permet, pour un même acte CCAM (CAM_PRS_IDE), de séparer les différentes phases de traitement constitutives de l’acte. Pour compter les actes, il faut tenir compte du code activité et du code phase de traitement afin de ne compter qu’une fois l’acte (et non, une fois au titre de l’acte chirurgical, en activité 1, et une fois au titre de l’anesthésie, en activité 4) ; le code descriptif détaillé d’un acte CCAM est constitué du triplet CAM_PRS_IDE (identifiant du code acte CCAM) + CAM_ACT_COD (code activité) + CAM_TRT_PHA (code phase de traitement).	
ER_CAM_F	DCT_ORD_NUM	integer	number	9.0		2006			Numéro d'ordre du décompte dans l'organisme	Clé technique pour jointure	
ER_CAM_F	FLX_DIS_DTD	date	date	20.0		2006			Date de mise à disposition des données	Clé technique pour jointure	
ER_CAM_F	FLX_EMT_NUM	integer	number	4.0	IR_NEM_T	2006			Numéro d'émetteur du flux	Clé technique pour jointure. | Quand FLX_EMT_TYP = 1, l'émetteur du flux est identifié par le couple FLX_EMT_TYP/FLX_EMT_NUM. | dans ce cas, pour obtenir la liste des émetteurs et les libellés qui y sont associés, il faut rechercher les valeurs du type d'émetteur FLX_EMT_TYP et celles du numéro d'émetteur FLX_EMT_NUM dans la table de valeurs des émetteurs IR_NEM_T (et non IR_NEM_V), en associant la variable FLX_EMT_TYP avec la colonne TYT_COD de IR_NEM_T et la variable FLX_EMT_NUM avec la colonne EMT_NUM_RES de IR_NEM_T.	
ER_CAM_F	FLX_EMT_ORD	integer	number	4.0		2006			Numéro de séquence du flux	Clé technique pour jointure	
ER_CAM_F	FLX_EMT_TYP	integer	number	3.0	IR_TYT_V	2006			Type d'émetteur	Clé technique pour jointure. | Quand FLX_EMT_TYP = 1, l'émetteur du flux est identifié par le couple FLX_EMT_TYP/FLX_EMT_NUM. | dans ce cas, pour obtenir la liste des émetteurs et les libellés qui y sont associés, il faut rechercher les valeurs du type d'émetteur FLX_EMT_TYP et celles du numéro d'émetteur FLX_EMT_NUM dans la table de valeurs des émetteurs IR_NEM_T (et non IR_NEM_V), en associant la variable FLX_EMT_TYP avec la colonne TYT_COD de IR_NEM_T et la variable FLX_EMT_NUM avec la colonne EMT_NUM_RES de IR_NEM_T.	
ER_CAM_F	FLX_TRT_DTD	date	date	20.0	IR_DTE_V	2006			Date d'entrée des données dans le système d'information	Clé technique pour jointure	
ER_CAM_F	ORG_CLE_NEW	string	string	9.0	IR_ORG_V	2008		2006,2007	Organisme de liquidation des prestations (après fusion)		
ER_CAM_F	ORG_CLE_NUM	string	string	9.0	IR_ORG_V	2006			Ancien organisme avant fusion (jusqu’au jour J de la fusion)	Clé technique pour jointure	
ER_CAM_F	PRS_ORD_NUM	integer	number	5.0		2006			Numéro d'ordre de la prestation dans le décompte	Clé technique pour jointure	
ER_CAM_F	REM_TYP_AFF	integer	number	1.0		2006			Type de remboursement affiné	Cette variable répond au besoin d’affinage des majorations, et permet d’intégrer les lignes de remboursements liées à la participation assuré 18 euros dans la table des prestations. Attention lors des jointures avec les autres tables du modèle car les informations détaillées ne sont pas disponibles pour les codes prestations 1956 et 2285. | Si la nature de prestation correspond à une participation de l'assuré 18 euros codée 1956 (ambulatoire) ou 2285 (séjour), alors le type de remboursement affiné est différent de 1, et sinon il est égal à 1 (valeur par défaut).	
ER_CPT_F	CPT_DEP_PER	string	string	6	IR_PCT_V				Periode comptable		
ER_CPT_F	CPT_EXC_RTC	string	string	5	IR_EXR_V				Exercice de rattachement		
ER_CPT_F	CPT_MIR_NUM	string	string	2					Numéro compte MIRCOSS		
ER_CPT_F	CPT_MVT_MNT	integer	number	11.2					Montant (signé) du mouvement comptable		
ER_CPT_F	CPT_MVT_SGN	integer	number	2	IR_SGN_V				Signe du mouvement comptable		
ER_CPT_F	CPT_MVT_SNS	string	string	1	IR_SNS_V				Sens du mouvement comptable		
ER_CPT_F	CPT_ORD_NUM	integer	number	3					Numéro ordre ventilation comptable		
ER_CPT_F	CPT_TRM_RGM	string	string	20					Numéro de compte régime		
ER_CPT_F	CPT_VEN_TYP	integer	number	3	IR_TYV_V				type de ventilation		
ER_CPT_F	DCT_ORD_NUM	integer	number	9					Numéro d'ordre du décompte dans l'organisme		
ER_CPT_F	FLX_DIS_DTD	date	date	2	IR_DTE_V				Date de mise à disposition des données		
ER_CPT_F	FLX_EMT_NUM	integer	number	4	IR_NEM_T				numéro d'émetteur du flux		
ER_CPT_F	FLX_EMT_ORD	integer	number	4					Numéro de séquence du flux		
ER_CPT_F	FLX_EMT_TYP	integer	number	3	IR_TYT_V				Type d'émetteur		
ER_CPT_F	FLX_TRT_DTD	date	date	20	IR_DTE_V				Date d'entrée des données dans le système d'information		
ER_CPT_F	GES_CPT_COD	string	string	5	IR_GES_V				Code gestion comptable mnemonique		
ER_CPT_F	GES_GRG_COD	integer	number	3	IR_GES_V				Grand régime de gestion comptable		
ER_CPT_F	ORG_CLE_NEW	string	string	9	IR_ORG_V				Code de l'organisme de liquidation		
ER_CPT_F	ORG_CLE_NUM	string	string	9	IR_ORG_V				organisme de liquidation des prestations (avant fusion des caisses)		
ER_CPT_F	PRS_ORD_NUM	integer	number	5					Numéro d'ordre de la prestation dans le décompte		
ER_CPT_F	REM_TYP_AFF	integer	number	1	IR_ASS_V				Type de remboursement affiné		
ER_DCT_F	AMO_DRT_NPJ	integer	number	3	IR_JDO_V	2013		2006,2007,2008,2009,2010,2011,2012	Données des justificatifs de droits AMO et AMC		
ER_DCT_F	DCT_ARC_DTE	date	date	20	IR_DTE_V	2006			Date liquidation		
ER_DCT_F	DCT_ARR_DTE	date	date	20	IR_DTE_V	2006			Date arrivée du dossier		
ER_DCT_F	DCT_CTL_COD	integer	number	3	IR_CLC_V	2006			Code du contrôle		
ER_DCT_F	DCT_CTL_TYP	string	string	1	IR_CTL_V	2006			Type de Controle		
ER_DCT_F	DCT_ENT_SUP	integer	number	3	IR_SAF_V	2006			Type de saisie affinée		
ER_DCT_F	DCT_FOR_AMO	string	string	3		2013		2006,2007,2008,2009,2010,2011,2012	Indicateur de forçage part AMO	AMO (assurance maladie obligatoire), qu'il y ait ou non une part AMC associée (assurance maladie complémentaire).	
ER_DCT_F	DCT_IND_MTR	string	string	1	IR_MTO_V	2013		2006,2007,2008,2009,2010,2011,2012	Indicateur tarification METEORe		
ER_DCT_F	DCT_INT_VER	string	string	2	IR_INT_V	2006			Type de Version interface Tiers		
ER_DCT_F	DCT_LOT_TCR	string	string	1	IR_TCR_V	2006			Type Certification du Lot		
ER_DCT_F	DCT_MAN_DTD	date	date	20	IR_DTE_V	2006			Date de mandatement Initial		
ER_DCT_F	DCT_MUT_CMP	string	string	1	IR_PMC_V	2006			Part Mutuelle Complementaire Dcpte		
ER_DCT_F	DCT_MVT_SYS	integer	number	2	IR_SAI_V	2006			Type de saisie		
ER_DCT_F	DCT_ORD_NUM	integer	number	9		2006			Numéro d'ordre du décompte dans l'organisme	Clé technique pour jointure	
ER_DCT_F	DCT_REM_DTD	date	date	20	IR_DTE_V	2006			Date de remboursement / recyclage		
ER_DCT_F	DCT_RGU_SNS	string	string	1	IR_RGU_V	2006			Sens de la Regul		
ER_DCT_F	FLX_DIS_DTD	date	date	20		2006			Date de mise à disposition des données	Clé technique pour jointure	
ER_DCT_F	FLX_EMT_NUM	integer	number	4	IR_NEM_T	2006			Numéro d'émetteur du flux	Clé technique pour jointure. | Quand FLX_EMT_TYP = 1, l'émetteur du flux est identifié par le couple FLX_EMT_TYP/FLX_EMT_NUM. | dans ce cas, pour obtenir la liste des émetteurs et les libellés qui y sont associés, il faut rechercher les valeurs du type d'émetteur FLX_EMT_TYP et celles du numéro d'émetteur FLX_EMT_NUM dans la table de valeurs des émetteurs IR_NEM_T (et non IR_NEM_V), en associant la variable FLX_EMT_TYP avec la colonne TYT_COD de IR_NEM_T et la variable FLX_EMT_NUM avec la colonne EMT_NUM_RES de IR_NEM_T.	
ER_DCT_F	FLX_EMT_ORD	integer	number	4		2006			Numéro de séquence du flux	Clé technique pour jointure	
ER_DCT_F	FLX_EMT_TYP	integer	number	3	IR_TYT_V	2006			Type d'émetteur	Clé technique pour jointure. | Quand FLX_EMT_TYP = 1, l'émetteur du flux est identifié par le couple FLX_EMT_TYP/FLX_EMT_NUM. | dans ce cas, pour obtenir la liste des émetteurs et les libellés qui y sont associés, il faut rechercher les valeurs du type d'émetteur FLX_EMT_TYP et celles du numéro d'émetteur FLX_EMT_NUM dans la table de valeurs des émetteurs IR_NEM_T (et non IR_NEM_V), en associant la variable FLX_EMT_TYP avec la colonne TYT_COD de IR_NEM_T et la variable FLX_EMT_NUM avec la colonne EMT_NUM_RES de IR_NEM_T.	
ER_DCT_F	FLX_TRT_DTD	date	date	20	IR_DTE_V	2006			Date d'entrée des données dans le système d'information	Clé technique pour jointure	
ER_DCT_F	ORG_CLE_NEW	string	string	9	IR_ORG_V	2008		2006,2007	Organisme de liquidation des prestations (après fusion)		
ER_DCT_F	ORG_CLE_NUM	string	string	9	IR_ORG_V	2006			Ancien organisme avant fusion (jusqu’au jour J de la fusion)	Clé technique pour jointure	
ER_DCT_F	REM_TYP_AFF	integer	number	1		2006	2007	2007,2008,2009,2010,2011,2012,2013,2014,2015,2016,2017,2018,2019,2020,2021,2022,2023,2024	Type de remboursement affiné	Variable vide pour cette table	
ER_DTR_F	DCT_ORD_NUM	integer	number	9.0		2006			Numéro d'ordre du décompte dans l'organisme	Clé technique pour jointure	
ER_DTR_F	FLX_DIS_DTD	date	date	20.0	IR_DTE_V	2006			Date de mise à disposition des données	Clé technique pour jointure	
ER_DTR_F	FLX_EMT_NUM	integer	number	4.0	IR_NEM_V	2006			Numéro d'émetteur du flux	Clé technique pour jointure. | Quand FLX_EMT_TYP = 1, l'émetteur du flux est identifié par le couple FLX_EMT_TYP/FLX_EMT_NUM. | dans ce cas, pour obtenir la liste des émetteurs et les libellés qui y sont associés, il faut rechercher les valeurs du type d'émetteur FLX_EMT_TYP et celles du numéro d'émetteur FLX_EMT_NUM dans la table de valeurs des émetteurs IR_NEM_T (et non IR_NEM_V), en associant la variable FLX_EMT_TYP avec la colonne TYT_COD de IR_NEM_T et la variable FLX_EMT_NUM avec la colonne EMT_NUM_RES de IR_NEM_T.	
ER_DTR_F	FLX_EMT_ORD	integer	number	4.0		2006			Numéro de séquence du flux	Clé technique pour jointure	
ER_DTR_F	FLX_EMT_TYP	integer	number	3.0		2006			Type d'émetteur	Clé technique pour jointure. | Quand FLX_EMT_TYP = 1, l'émetteur du flux est identifié par le couple FLX_EMT_TYP/FLX_EMT_NUM. | dans ce cas, pour obtenir la liste des émetteurs et les libellés qui y sont associés, il faut rechercher les valeurs du type d'émetteur FLX_EMT_TYP et celles du numéro d'émetteur FLX_EMT_NUM dans la table de valeurs des émetteurs IR_NEM_T (et non IR_NEM_V), en associant la variable FLX_EMT_TYP avec la colonne TYT_COD de IR_NEM_T et la variable FLX_EMT_NUM avec la colonne EMT_NUM_RES de IR_NEM_T.	
ER_DTR_F	FLX_TRT_DTD	date	date	20.0	IR_DTE_V	2006			Date d'entrée des données dans le système d'information	Clé technique pour jointure	
ER_DTR_F	ORG_CLE_NEW	string	string	9.0	IR_ORG_V	2008		2006,2007	Organisme de liquidation des prestations (après fusion)		
ER_DTR_F	ORG_CLE_NUM	string	string	9.0	IR_ORG_V	2006			Ancien organisme avant fusion (jusqu’au jour J de la fusion)	Clé technique pour jointure	
ER_DTR_F	PRS_ORD_NUM	integer	number	5.0		2006			Numéro d'ordre de la prestation dans le décompte	Clé technique pour jointure	
ER_DTR_F	REM_TYP_AFF	integer	number	1.0		2006			Type de remboursement affiné	Cette variable répond au besoin d’affinage des majorations, et permet d’intégrer les lignes de remboursements liées à la participation assuré 18 euros dans la table des prestations. Attention lors des jointures avec les autres tables du modèle car les informations détaillées ne sont pas disponibles pour les codes prestations 1956 et 2285. | Si la nature de prestation correspond à une participation de l'assuré 18 euros codée 1956 (ambulatoire) ou 2285 (séjour), alors le type de remboursement affiné est différent de 1, et sinon il est égal à 1 (valeur par défaut).	
ER_DTR_F	TRS_ACT_PRU	integer	number	12.5		2006			PU Prs Affinee Transport		
ER_DTR_F	TRS_ACT_QSN	integer	number	6.0		2006			Nb Km Factures/Forfaits/Supplements		
ER_DTR_F	TRS_ORD_NUM	integer	number	4.0		2006			N° Ordre Prs Aff Transport		
ER_DTR_F	TRS_PRS_IDE	integer	number	14.0	IR_DTR_V	2006			Code Affine Transport		
ER_DTR_F	TRS_TRS_MTF	integer	number	4.0	IR_MTR_V	2006			Motif du Transport		
ER_ETE_F	DCT_ORD_NUM	integer	number	9.0		2006			Numéro d'ordre du décompte dans l'organisme	Clé technique pour jointure	
ER_ETE_F	DDP_COD	integer	number	4.0	IR_DDP_V	2006			Discipline de Prs ou DMT		
ER_ETE_F	ETB_DCS_MCO	string	string	1.0	IR_MCO_V	2013		2006,2007,2008,2009,2010,2011,2012	Domaine d'activité		
ER_ETE_F	ETB_EXE_FIN	string	string	8.0		2006			N° FINESS de l'Etablissement		
ER_ETE_F	ETE_CAT_COD	integer	number	4.0	IR_CET_V	2006			Catg Etb Exe		
ER_ETE_F	ETE_ETA_TRF	string	string	15.0		2006			Numero d'etablissement de transfert		
ER_ETE_F	ETE_GHS_NUM	integer	number	5.0	IR_GHS_V	2006			Numero GHS		
ER_ETE_F	ETE_IND_TAA	integer	number	2.0	IR_TAA_V	2006			Indicateur T2A		
ER_ETE_F	ETE_MCO_COE	integer	number	7.4		2006			Coefficient (non signé) MCO		
ER_ETE_F	ETE_MCO_DDP	string	string	1.0	IR_MCO_V	2006			Code Discipline MCO		
ER_ETE_F	ETE_NAT_FSJ	string	string	1.0	IR_NFS_V	2006			Nature de fin de séjour		
ER_ETE_F	ETE_STJ_COD	integer	number	3.0	IR_SJE_V	2006			Statut Juridique Etb Exe		
ER_ETE_F	ETE_TYP_COD	integer	number	3.0	IR_TYE_V	2006			Type d'établissement de rattachement de l'exécutant ou lieu d'exécution des soins	Calculée à partir du statut juridique et du mode fixation des tarifs de l'établissement, | Contient Privé lucratif conventionné, Privé non lucratif non conventionné, …. | ETE_TYP_COD est obtenu par croisement de MFT_COD et de ETE_STJ_COD	
ER_ETE_F	FLX_DIS_DTD	date	date	20.0		2006			Date de mise à disposition des données	Clé technique pour jointure	
ER_ETE_F	FLX_EMT_NUM	integer	number	4.0	IR_NEM_T	2006			Numéro d'émetteur du flux	Clé technique pour jointure. | Quand FLX_EMT_TYP = 1, l'émetteur du flux est identifié par le couple FLX_EMT_TYP/FLX_EMT_NUM. | dans ce cas, pour obtenir la liste des émetteurs et les libellés qui y sont associés, il faut rechercher les valeurs du type d'émetteur FLX_EMT_TYP et celles du numéro d'émetteur FLX_EMT_NUM dans la table de valeurs des émetteurs IR_NEM_T (et non IR_NEM_V), en associant la variable FLX_EMT_TYP avec la colonne TYT_COD de IR_NEM_T et la variable FLX_EMT_NUM avec la colonne EMT_NUM_RES de IR_NEM_T.	
ER_ETE_F	FLX_EMT_ORD	integer	number	4.0		2006			Numéro de séquence du flux	Clé technique pour jointure	
ER_ETE_F	FLX_EMT_TYP	integer	number	3.0	IR_TYT_V	2006			Type d'émetteur	Clé technique pour jointure. | Quand FLX_EMT_TYP = 1, l'émetteur du flux est identifié par le couple FLX_EMT_TYP/FLX_EMT_NUM. | dans ce cas, pour obtenir la liste des émetteurs et les libellés qui y sont associés, il faut rechercher les valeurs du type d'émetteur FLX_EMT_TYP et celles du numéro d'émetteur FLX_EMT_NUM dans la table de valeurs des émetteurs IR_NEM_T (et non IR_NEM_V), en associant la variable FLX_EMT_TYP avec la colonne TYT_COD de IR_NEM_T et la variable FLX_EMT_NUM avec la colonne EMT_NUM_RES de IR_NEM_T.	
ER_ETE_F	FLX_TRT_DTD	date	date	20.0	IR_DTE_V	2006			Date d'entrée des données dans le système d'information	Clé technique pour jointure	
ER_ETE_F	MDT_COD	integer	number	3.0	IR_MDT_V	2006			Mode de Traitement		
ER_ETE_F	MFT_COD	integer	number	3.0	IR_MFT_V	2006			Mode de Fixation des Tarifs		
ER_ETE_F	ORG_CLE_NEW	string	string	9.0	IR_ORG_V	2008		2006,2007	Organisme de liquidation des prestations (après fusion)		
ER_ETE_F	ORG_CLE_NUM	string	string	9.0	IR_ORG_V	2006			Ancien organisme avant fusion (jusqu’au jour J de la fusion)	Clé technique pour jointure	
ER_ETE_F	PRS_ORD_NUM	integer	number	5.0		2006			Numéro d'ordre de la prestation dans le décompte	Clé technique pour jointure	
ER_ETE_F	PRS_PPU_SEC	integer	number	2.0		2006			Secteur d'activité (privé / public) de la prestation	Permet de différencier les actes exécutés en ambulatoire ou cliniques privées, des actes exécutés en établissements publics. | Si l'exécutant n'est pas un centre de santé et n'est pas un professionnel de santé et si ete_typ_cod in(1,2,3) alors Secteur=Public	
ER_ETE_F	REM_TYP_AFF	integer	number	1.0		2006			Type de remboursement affiné	Cette variable répond au besoin d’affinage des majorations, et permet d’intégrer les lignes de remboursements liées à la participation assuré 18 euros dans la table des prestations. Attention lors des jointures avec les autres tables du modèle car les informations détaillées ne sont pas disponibles pour les codes prestations 1956 et 2285. | Si la nature de prestation correspond à une participation de l'assuré 18 euros codée 1956 (ambulatoire) ou 2285 (séjour), alors le type de remboursement affiné est différent de 1, et sinon il est égal à 1 (valeur par défaut).	
ER_ETE_F	SEJ_RGP_TYP	string	string	1.0		2013		2006,2007,2008,2009,2010,2011,2012	Type de regroupement séjour		
ER_INV_F	DCT_ORD_NUM	integer	number	9		2006			Numéro d'ordre du décompte dans l'organisme	Clé technique pour jointure	
ER_INV_F	FLX_DIS_DTD	date	date	20		2006			Date de mise à disposition des données	Clé technique pour jointure	
ER_INV_F	FLX_EMT_NUM	integer	number	4	IR_NEM_T	2006			Numéro d'émetteur du flux	Clé technique pour jointure. | Quand FLX_EMT_TYP = 1, l'émetteur du flux est identifié par le couple FLX_EMT_TYP/FLX_EMT_NUM. | dans ce cas, pour obtenir la liste des émetteurs et les libellés qui y sont associés, il faut rechercher les valeurs du type d'émetteur FLX_EMT_TYP et celles du numéro d'émetteur FLX_EMT_NUM dans la table de valeurs des émetteurs IR_NEM_T (et non IR_NEM_V), en associant la variable FLX_EMT_TYP avec la colonne TYT_COD de IR_NEM_T et la variable FLX_EMT_NUM avec la colonne EMT_NUM_RES de IR_NEM_T.	
ER_INV_F	FLX_EMT_ORD	integer	number	4		2006			Numéro de séquence du flux	Clé technique pour jointure	
ER_INV_F	FLX_EMT_TYP	integer	number	3	IR_TYT_V	2006			Type d'émetteur	Clé technique pour jointure. | Quand FLX_EMT_TYP = 1, l'émetteur du flux est identifié par le couple FLX_EMT_TYP/FLX_EMT_NUM. | dans ce cas, pour obtenir la liste des émetteurs et les libellés qui y sont associés, il faut rechercher les valeurs du type d'émetteur FLX_EMT_TYP et celles du numéro d'émetteur FLX_EMT_NUM dans la table de valeurs des émetteurs IR_NEM_T (et non IR_NEM_V), en associant la variable FLX_EMT_TYP avec la colonne TYT_COD de IR_NEM_T et la variable FLX_EMT_NUM avec la colonne EMT_NUM_RES de IR_NEM_T.	
ER_INV_F	FLX_TRT_DTD	date	date	20	IR_DTE_V	2006			Date d'entrée des données dans le système d'information	Clé technique pour jointure	
ER_INV_F	INV_ATR_DTD	date	date	20	IR_DTE_V	2006			Date d'attribution de la pension d'invalidité		
ER_INV_F	INV_PEN_CAT	integer	number	3	IR_CIV_V	2006			Catégorie de la pension d'invalidité		
ER_INV_F	INV_PEN_ETA	integer	number	3	IR_EIN_V	2006			Etat de la pension d'invalidité		
ER_INV_F	ORG_CLE_NEW	string	string	9	IR_ORG_V	2008		2006,2007	Organisme de liquidation des prestations (après fusion)		
ER_INV_F	ORG_CLE_NUM	string	string	9	IR_ORG_V	2006			Ancien organisme avant fusion (jusqu’au jour J de la fusion)	Clé technique pour jointure	
ER_INV_F	PRS_ORD_NUM	integer	number	5		2006			Numéro d'ordre de la prestation dans le décompte	Clé technique pour jointure	
ER_INV_F	REM_TYP_AFF	integer	number	1		2006			Type de remboursement affiné	Cette variable répond au besoin d’affinage des majorations, et permet d’intégrer les lignes de remboursements liées à la participation assuré 18 euros dans la table des prestations. Attention lors des jointures avec les autres tables du modèle car les informations détaillées ne sont pas disponibles pour les codes prestations 1956 et 2285. | Si la nature de prestation correspond à une participation de l'assuré 18 euros codée 1956 (ambulatoire) ou 2285 (séjour), alors le type de remboursement affiné est différent de 1, et sinon il est égal à 1 (valeur par défaut).	
ER_LOT_F	DCT_ORD_NUM	integer	number	9		2008		2006,2007	Numéro d'ordre du décompte dans l'organisme	Clé technique pour jointure	
ER_LOT_F	FLX_DIS_DTD	date	date	20		2008		2006,2007	Date de mise à disposition des données	Clé technique pour jointure	
ER_LOT_F	FLX_EMT_NUM	integer	number	4	IR_NEM_T	2008		2006,2007	Numéro d'émetteur du flux	Clé technique pour jointure. | Quand FLX_EMT_TYP = 1, l'émetteur du flux est identifié par le couple FLX_EMT_TYP/FLX_EMT_NUM. | dans ce cas, pour obtenir la liste des émetteurs et les libellés qui y sont associés, il faut rechercher les valeurs du type d'émetteur FLX_EMT_TYP et celles du numéro d'émetteur FLX_EMT_NUM dans la table de valeurs des émetteurs IR_NEM_T (et non IR_NEM_V), en associant la variable FLX_EMT_TYP avec la colonne TYT_COD de IR_NEM_T et la variable FLX_EMT_NUM avec la colonne EMT_NUM_RES de IR_NEM_T.	
ER_LOT_F	FLX_EMT_ORD	integer	number	4		2008		2006,2007	Numéro de séquence du flux	Clé technique pour jointure	
ER_LOT_F	FLX_EMT_TYP	integer	number	3	IR_TYT_V	2008		2006,2007	Type d'émetteur	Clé technique pour jointure. | Quand FLX_EMT_TYP = 1, l'émetteur du flux est identifié par le couple FLX_EMT_TYP/FLX_EMT_NUM. | dans ce cas, pour obtenir la liste des émetteurs et les libellés qui y sont associés, il faut rechercher les valeurs du type d'émetteur FLX_EMT_TYP et celles du numéro d'émetteur FLX_EMT_NUM dans la table de valeurs des émetteurs IR_NEM_T (et non IR_NEM_V), en associant la variable FLX_EMT_TYP avec la colonne TYT_COD de IR_NEM_T et la variable FLX_EMT_NUM avec la colonne EMT_NUM_RES de IR_NEM_T.	
ER_LOT_F	FLX_TRT_DTD	date	date	20	IR_DTE_V	2008		2006,2007	Date d'entrée des données dans le système d'information	Clé technique pour jointure	
ER_LOT_F	LOT_ORD_NUM	integer	number	3		2008		2006,2007	N° Ordre Lot Prs Affinee Pharma		
ER_LOT_F	LOT_PHA_NUM	string	string	20		2008		2006,2007	N° Lot		
ER_LOT_F	LOT_PHA_QSN	integer	number	3		2008		2006,2007	Quantité signée conditionnement appartenant au même lot		
ER_LOT_F	LOT_PHA_TOP	string	string	1		2008		2006,2007	Top déconditionnement lot		
ER_LOT_F	LOT_SER_NUM	string	string	20		2008		2006,2007	N° Série		
ER_LOT_F	ORG_CLE_NEW	string	string	9	IR_ORG_V	2008		2006,2007	Organisme de liquidation des prestations (après fusion)		
ER_LOT_F	ORG_CLE_NUM	string	string	9	IR_ORG_V	2008		2006,2007	Ancien organisme avant fusion (jusqu’au jour J de la fusion)	Clé technique pour jointure	
ER_LOT_F	PHA_ORD_NUM	integer	number	4		2008		2006,2007	Numéro d'ordre de la prestation affinée pharmacie		
ER_LOT_F	PRS_ORD_NUM	integer	number	5		2008		2006,2007	Numéro d'ordre de la prestation dans le décompte	Clé technique pour jointure	
ER_LOT_F	REM_TYP_AFF	integer	number	1		2008		2006,2007	Type de remboursement affiné	Cette variable répond au besoin d’affinage des majorations, et permet d’intégrer les lignes de remboursements liées à la participation assuré 18 euros dans la table des prestations. Attention lors des jointures avec les autres tables du modèle car les informations détaillées ne sont pas disponibles pour les codes prestations 1956 et 2285. | Si la nature de prestation correspond à une participation de l'assuré 18 euros codée 1956 (ambulatoire) ou 2285 (séjour), alors le type de remboursement affiné est différent de 1, et sinon il est égal à 1 (valeur par défaut).	
ER_PHA_F	DCT_ORD_NUM	integer	number	9.0		2006			Numéro d'ordre du décompte dans l'organisme	Clé technique pour jointure	
ER_PHA_F	FLX_DIS_DTD	date	date	20.0		2006			Date de mise à disposition des données	Clé technique pour jointure	
ER_PHA_F	FLX_EMT_NUM	integer	number	4.0	IR_NEM_T	2006			Numéro d'émetteur du flux	Clé technique pour jointure. | Quand FLX_EMT_TYP = 1, l'émetteur du flux est identifié par le couple FLX_EMT_TYP/FLX_EMT_NUM. | dans ce cas, pour obtenir la liste des émetteurs et les libellés qui y sont associés, il faut rechercher les valeurs du type d'émetteur FLX_EMT_TYP et celles du numéro d'émetteur FLX_EMT_NUM dans la table de valeurs des émetteurs IR_NEM_T (et non IR_NEM_V), en associant la variable FLX_EMT_TYP avec la colonne TYT_COD de IR_NEM_T et la variable FLX_EMT_NUM avec la colonne EMT_NUM_RES de IR_NEM_T.	
ER_PHA_F	FLX_EMT_ORD	integer	number	4.0		2006			Numéro de séquence du flux	Clé technique pour jointure	
ER_PHA_F	FLX_EMT_TYP	integer	number	3.0	IR_TYT_V	2006			Type d'émetteur	Clé technique pour jointure. | Quand FLX_EMT_TYP = 1, l'émetteur du flux est identifié par le couple FLX_EMT_TYP/FLX_EMT_NUM. | dans ce cas, pour obtenir la liste des émetteurs et les libellés qui y sont associés, il faut rechercher les valeurs du type d'émetteur FLX_EMT_TYP et celles du numéro d'émetteur FLX_EMT_NUM dans la table de valeurs des émetteurs IR_NEM_T (et non IR_NEM_V), en associant la variable FLX_EMT_TYP avec la colonne TYT_COD de IR_NEM_T et la variable FLX_EMT_NUM avec la colonne EMT_NUM_RES de IR_NEM_T.	
ER_PHA_F	FLX_TRT_DTD	date	date	20.0	IR_DTE_V	2006			Date d'entrée des données dans le système d'information	Clé technique pour jointure	
ER_PHA_F	ORG_CLE_NEW	string	string	9.0	IR_ORG_V	2008		2006,2007	Organisme de liquidation des prestations (après fusion)		
ER_PHA_F	ORG_CLE_NUM	string	string	9.0	IR_ORG_V	2006			Ancien organisme avant fusion (jusqu’au jour J de la fusion)	Clé technique pour jointure	
ER_PHA_F	PHA_ACT_PRU	integer	number	12.5	IR_PHA_R	2006			Prix unitaire de la prestation affinée de pharmacie	Le prix unitaire sert à calculer la base de remboursement et le montant remboursé. Dans le cas d'un déconditionnement (PHA_DEC_TOP = D), cette variable n'est pas renseignée et le prix de l'unité délivrée dans le cadre du déconditionnement doit être recherché dans la variable PHA_DEC_PRU.	
ER_PHA_F	PHA_ACT_QSN	integer	number	4.0	IR_PHA_R	2006			Quantité affinée	Nombre de conditionnements facturés (exemple : nombre de boites)	
ER_PHA_F	PHA_CPA_PCP	string	string	3.0	IR_PHA_R	2006			Condition particulière de prise en charge	Cette donnée n’est pas alimentée pour le moment. A terme, les pharmaciens d’officine déconditionneront certains médicaments (stupéfiants) qui seront identifiés par la condition particulière de prise en charge.	
ER_PHA_F	PHA_DEC_PRU	integer	number	9.2	IR_PHA_R	2006			Prix unitaire de l'unité déconditionnée délivrée	Cette variable contient le prix unitaire de l'unité délivrée dans le cadre du déconditionnement (PHA_DEC_TOP = D). Ce prix unitaire correspond au prix du conditionnement divisé par le nombre d'unités de ce conditionnement. Cette zone doit obligatoirement être renseignée si le top déconditionnement est égal à la valeur D (PHA_DEC_TOP = D). | Exemple fictif : | Un pharmacien délivre 20 comprimés d'un produit SUBUTEX 0,4MG CPR (CIP 13 = 3400933944421). Le produit est conditionné par boîte de 7 comprimés. Le prix unitaire du comprimé = 2,89 euros (prix de la boite) / 7 = 0,41 euro (règle d’arrondi).	
ER_PHA_F	PHA_DEC_QSU	integer	number	4.0	IR_PHA_R	2006			Quantité complète de déconditionnement signée	Cette variable correspond au nombre d'unités fractionnées de médicament délivrées (exemple : le nombre de comprimés) dans le cadre du déconditionnement (PHA_DEC_TOP = D).	
ER_PHA_F	PHA_DEC_TOP	string	string	1.0	IR_TDU_V	2006			Top déconditionnement	Les pharmaciens sont amenés à déconditionner certains médicaments pour une délivrance fractionnée (exemple : ceux classés comme stupéfiants ou soumis à la réglementation des stupéfiants). Les médicaments ainsi déconditionnés sont identifiables avec le top déconditionnement (si déconditionnement, PHA_DEC_TOP = D).	
ER_PHA_F	PHA_IDE_CPL	integer	number	7.0		2006			Préfixe code affiné pharmacie		
ER_PHA_F	PHA_MOD_PRN	string	string	1.0	IR_MDP_V	2006			Mode de prescription		
ER_PHA_F	PHA_ORD_NUM	integer	number	4.0		2006			Numéro d'ordre de la prestation affinée pharmacie		
ER_PHA_F	PHA_PRS_C13	integer	number	14.0		2006			Code prestation affinée pharmacie (code CIP 13 délivré)	Le code CIP13 est le nouveau numéro à 13 chiffres de l’autorisation de mise sur le marché (AMM) attribué à chaque spécialité pharmaceutique.	
ER_PHA_F	PHA_PRS_IDE	integer	number	8.0	IR_PHA_R	2006			Code prestation affinée pharmacie (code CIP 7 du médicament délivré)	Le code CIP (Club Inter Pharmaceutique) est le numéro à sept chiffres de l’autorisation de mise sur le marché (AMM) attribué à chaque spécialité pharmaceutique.	
ER_PHA_F	PHA_SEQ_RNV	integer	number	3.0	IR_SEQ_V	2006			Séquence de renouvellement	Les pharmaciens sont autorisés à renouveler, sur la base d’une ordonnance expirée, la délivrance de médicaments aux patients dont les traitements chroniques risquent d’être interrompus, faute d’avoir demandé le renouvellement de leur prescription. La délivrance est limitée au conditionnement comportant le plus petit nombre d’unités de prise. La variable PHA_SEQ_RNV permet d'identifier ces délivrances.	
ER_PHA_F	PHA_SUB_MTF	integer	number	2.0	IR_SUB_V	2006			Motif de substitution du médicament	Les pharmaciens disposent d'un droit de substitution pour la délivrance de médicaments génériques en remplacement des produits prescrits. La variable PHA_SUB_MTF contient le motif de cette substitution.	
ER_PHA_F	PRS_ORD_NUM	integer	number	5.0		2006			Numéro d'ordre de la prestation dans le décompte	Clé technique pour jointure	
ER_PHA_F	REM_TYP_AFF	integer	number	1.0		2006			Type de remboursement affiné	Cette variable répond au besoin d’affinage des majorations, et permet d’intégrer les lignes de remboursements liées à la participation assuré 18 euros dans la table des prestations. Attention lors des jointures avec les autres tables du modèle car les informations détaillées ne sont pas disponibles pour les codes prestations 1956 et 2285. | Si la nature de prestation correspond à une participation de l'assuré 18 euros codée 1956 (ambulatoire) ou 2285 (séjour), alors le type de remboursement affiné est différent de 1, et sinon il est égal à 1 (valeur par défaut).	
ER_PRS_F	ACC_TIE_IND	integer	number	2.0		2006			Indication de tiers sur feuille de soins en cas d'accident	Donnée non contrôlée et renseignée uniquement pour les prestations en espèces dans DCIR et uniquement pour les prestations en nature dans BGNA (séjours)	
ER_PRS_F	AMC_ECL_TOP	string	string	2.0		2013		2006,2007,2008,2009,2010,2011,2012	Top éclatement des flux par l' organisme concentrateur technique (OCT) pour la part Assurance Maladie Complémentaire (AMC)		
ER_PRS_F	BEN_ACS_TOP	string	string	1.0		2006			Top contrat ACS Tiers payant Intégral		
ER_PRS_F	BEN_AMA_COD	integer	number	5.0	IR_AMA_V	2006			Age en mois (< 2ans) et années (≥ 2ans) du bénéficiaire à la date du soin	L’âge est calculé à partir de l’année et du mois de la date de début des soins (ou à défaut à partir de la date du jour) moins l’année et le mois de naissance du bénéficiaire. Si c’est un nourrisson (< 24 mois) alors l’âge est restitué en mois + 1000 (exemple : 1012 pour un nourrisson de 12 mois), et sinon l’âge est restitué en années (ou égal à 999 si la valeur de l’âge calculée est < à 0 ou > à la valeur maximum). Cette donnée concerne le bénéficiaire des soins. En cas de prestations rattachées à un identifiant SNIIRAM fictif, cette information n'a donc pas de sens.	
ER_PRS_F	BEN_C2S_TYP	string	string	3.0		2006			Type de Complémentaire Santé Solidaire du bénéficiaire (C2S)	Le type de Complémentaire Santé Solidaire du bénéficiaire (C2S) permet de distinguer : | - les bénéficiaires avec un contrat Complémentaire Santé Solidaire gratuite (contexte initial CMU-C ou CMU-C gratuite), | - les bénéficiaires avec un contrat Complémentaire Santé Solidaire participative (CMU-C participative). | L'alimentation s'effectue à partir des flux de liquidation des prestations, pour le régime général et pour les autres régimes. | Jusqu'à la fin 2020, seul l'ancien contexte initial de la CMU‐C est identifiable dans la facture (type de contrat BEN_CTA_TYP = 89) pour l'ensemble des bénéficiaires de la C2S. | Si le type de contrat complémentaire (BEN_CTA_TYP) est égal à 89 : | - si droits spécifiques (BEN_DRT_SPF) = P alors le type C2S = P89 (C2S participative), | - si droits spécifiques (BEN_DRT_SPF)  = ZZZ (sans objet)  alors le type C2S = G89 (C2S gratuite), | - sinon renseigner par valeur inconnue (I89). | Si le type de contrat complémentaire (BEN_CTA_TYP) est différent de 89 alors renseigner par sans objet (ZZZ).	
ER_PRS_F	BEN_CDI_NIR	string	string	2.0	IR_NIR_V	2006			Code identification du NIR	Cette variable permet de distinguer les identifiants SNIIRAM fictifs utilisés notamment en cas de prestations versées aux professionnels de santé d’une part (cas des rémunérations forfaitaires) ou de prestations pour lesquelles l’anonymat du bénéficiaire a été demandé d’autre part (cas des IVG).	
ER_PRS_F	BEN_CMU_CAT	string	string	1.0	IR_COC_V	2006			Catégorie d'organisme complémentaire CMU	Zone utilisée uniquement lorsque la prestation est servie dans le cadre de la CMU. Dans le cas où la part complémentaire est versée par l'organisme d'affiliation, report du numéro de l'organisme d'affiliation.	
ER_PRS_F	BEN_CMU_ORG	string	string	9.0	IR_ORG_V	2006			Organisme complémentaire CMU	La CMU-C gérée par le régime général pour le compte de l'état est identifiable par le ben_cmu_top = 1 et le numéro d'organisme complémentaire ben_cmu_org = 075689893. Pour la CMU-C gérée par les organismes privés (mutuelles, assurances, sociétés de prévoyance), l'information est transmise si il y a télétransmission entre la caisse qui gère le régime obligatoire et l'organisme qui gère la CMU-C.	
ER_PRS_F	BEN_CMU_TOP	string	string	1.0		2006			Top bénéficiaire de la CMU complémentaire	Le top cmu (ben_cmu_top) est positionné à 1 lorsque le type de contrat cmu est égal à 89 (bénéficiaire de la CMU complémentaire), sinon il est positionné à zéro. Un top = 1 indique un bénéficiaire de la CMU-C, mais qui n’est pas forcément en régime de CMU de Base. | Lorsque le patient est en ALD, le top CMU-c est forcé à 0 pour les prestations liquidées en rapport avec son ALD (celle-ci est prioritaire), et prend la valeur 1 pour les prestations liquidées non en rapport avec l'ald. | Anomalie : il y a des remboursements CMU complémentaire (prs_rem_typ = 5) alors que ben_cmu_top est positionné à 0 (il s'agit de forfait journalier de sortie , code prestation = 2252, avec les informations AME renseignées (N° organisme 075500017, catégorie d'organisme 5 - AME)).	
ER_PRS_F	BEN_CTA_TYP	integer	number	4.0		2006			Type de contrat complémentaire		
ER_PRS_F	BEN_DCD_AME	string	string	6.0		2006			Année et mois de décès du bénéficiaire	La donnée n'est pas alimentée dans la table du modèle, elle ne figure que dans la vue de restitution et elle est extraite avec la commande SQL suivante : TO_CHAR(BEN_DCD_DTE ,'YYYYMM'). Valeur par défaut si donnée non valide = 1er janvier de l'an 0001	
ER_PRS_F	BEN_DCD_DTE	date	date	20.0	IR_DTE_V	2006			Date de décès du bénéficiaire (jour + mois + année)	Valeur par défaut si donnée non valide = 1er janvier de l'an 0001	
ER_PRS_F	BEN_DRT_SPF	string	string	3.0	IR_DSP_V	2006			Droits spécifiques		
ER_PRS_F	BEN_EHP_TOP	string	string	1.0	IR_HAD_V	2006			Identification HAD	Anomalie dans l'alimentation. Donnée non utilisable actuellement. Correction en cours.	
ER_PRS_F	BEN_IAT_CAT	string	string	2.0	IR_CBI_V	2006			Catégorie du bénéficiaire (Invalidité / Rente accident du travail)		
ER_PRS_F	BEN_NAI_ANN	string	string	4.0		2006			Année de naissance du bénéficiaire	L'année est extraite de la date de naissance présente dans les lignes de prestations des bénéficiaires consommants. Cette donnée concerne le bénéficiaire des soins. En cas de prestations rattachées à un identifiant SNIIRAM fictif, cette information n'a donc pas de sens.	
ER_PRS_F	BEN_NIR_PSA	string	string	17.0		2006			Identifiant anonyme du patient dans le SNIIRAM	L'identifiant SNIIRAM du patient est composé du triplet "NIR de l'assuré + Date de naissance du bénéficiaire + Code sexe du bénéficiaire". Ce triplet est crypté et restitué aux utilisateurs dans la variable BEN_NIR_PSA sur 17 caractères. Des identifiants SNIIRAM fictifs de patients sont parfois utilisés par les caisses, notamment en cas de prestations versées aux professionnels de santé d’une part (cas des rémunérations forfaitaires) ou de prestations pour lesquelles l’anonymat du bénéficiaire a été demandé d’autre part (cas des IVG). | Cette variable est appelée NUM_ENQ pour les DEMEX et est restituée cryptée.	
ER_PRS_F	BEN_PAI_CMU	string	string	1.0	IR_TCM_V	2006			Type de procédure de paiement CMU		
ER_PRS_F	BEN_QAF_COD	integer	number	3.0	IR_QBA_V	2006			Qualité affinée du bénéficiaire		
ER_PRS_F	BEN_RES_COM	string	string	3.0	IR_GEO_V	2006			Commune de résidence du bénéficiaire	Rang de la commune dans son département, selon la codification géographique INSEE (ou destinataire du règlement pour quelques cas en norme NEC).	
ER_PRS_F	BEN_RES_DPT	string	string	3.0	IR_DPT_V	2006			Département de résidence du bénéficiaire	Au 11 mars 2013, le département de résidence du bénéficiaire était renseigné pour 75,3 % des lignes dans la table IR_BEN_R des consommants du SNIIRAM.	
ER_PRS_F	BEN_RNG_GEM	integer	number	2.0	IR_BER_V	2006			Rang du bénéficiaire	La règle de calcul du rang du bénéficiaire dans le SNIIRAM est la suivante : | - le rang de l’ouvreur de droits est toujours égal à 1, | - si un ayant droit a la même date de naissance que l’ouvreur de droits, son rang est égal à 2, | - un enfant né d’une naissance unique a un rang égal à 1, | - lorsqu’il y a des naissances multiples, chaque enfant est différencié par son rang (1 pour le 1er, 2 pour le second, …). Dans les faits, le rang n’est pas valorisé de la même manière pour chacun des régimes : | - pour le régime général, la règle de calcul du rang dans le SNIIRAM énoncée est appliquée ; | - pour le RSI, le rang est un numéro d’ordre séquentiel (ouvreur de droits = 0, 1er ayant droit = 1, 2ème ayant droit = 2, 3ème ayant droit = 3, etc…) ; | - pour la MSA, le rang du bénéficiaire est propre à chaque organisme : si dans le groupe familial, lors de l’ouverture des droits à la maladie dans l’organisme, un autre individu est déjà connu avec la même date de naissance, on lui attribue un rang égal à 2, sinon le rang est égal à 1.	
ER_PRS_F	BEN_SEX_COD	integer	number	2.0	IR_SEX_V	2006			Code sexe du bénéficiaire	L'information est extraite des flux de prestations des bénéficiaires consommants. Elle est systématiquement mise à jour par les nouveaux flux de consommations de soins, si elle n'est pas nulle.	
ER_PRS_F	BSE_FJH_TYP	integer	number	2.0	IR_FJH_V	2006			Type de prise en charge du forfait journalier (acte de base)		
ER_PRS_F	BSE_PRS_NAT	integer	number	5.0	IR_NAT_V	2006			Nature de la prestation (acte de base)		
ER_PRS_F	BSE_REM_BSE	integer	number	11.2		2006			Base de remboursement (acte de base)		
ER_PRS_F	BSE_REM_MNT	integer	number	11.2		2006			Montant versé/remboursé (acte de base)		
ER_PRS_F	BSE_REM_PRU	integer	number	14.5		2006			Prix unitaire de l'acte (acte de base)		
ER_PRS_F	BSE_REM_SGN	integer	number	2.0	IR_SGN_V	2006			Signe du remboursement (acte de base)		
ER_PRS_F	CPL_AFF_COD	integer	number	3.0	IR_CCA_V	2006			Code affiné du complément ou de la majoration		
ER_PRS_F	CPL_ANO_COD	integer	number	2.0	IR_ANC_V	2006			Code anomalie du complément ou de la majoration		
ER_PRS_F	CPL_FJH_TYP	integer	number	2.0	IR_FJH_V	2006			Type de prise en charge du forfait journalier (complément ou majoration)		
ER_PRS_F	CPL_FTA_COD	integer	number	2.0		2006			Code de forçage du taux pour les compléments d'actes		
ER_PRS_F	CPL_MAJ_TOP	integer	number	2.0		2006			Top complément / majoration		
ER_PRS_F	CPL_PRS_NAT	integer	number	5.0	IR_NAT_V	2006			Nature de la prestation (complément d'acte)		
ER_PRS_F	CPL_REM_BSE	integer	number	11.2		2006			Base de remboursement (complément d'acte)		
ER_PRS_F	CPL_REM_MNT	integer	number	11.2		2006			Montant versé/remboursé (complément d'acte)		
ER_PRS_F	CPL_REM_PRU	integer	number	14.5		2006			Prix unitaire de l'acte (complément d'acte)		
ER_PRS_F	CPL_REM_SGN	integer	number	2.0	IR_SGN_V	2006			Signe du remboursement (complément d'acte)		
ER_PRS_F	CPL_REM_TAU	integer	number	7.2		2006			Taux de remboursement des compléments d'actes		
ER_PRS_F	DCT_ORD_NUM	integer	number	9.0		2006			Numéro d'ordre du décompte dans l'organisme	Clé technique pour jointure	
ER_PRS_F	DPN_QLF	integer	number	3.0	IR_DEP_V	2006			Qualificatif de la dépense	Les mouvements de liquidation, rejets ou signalements qui correspondent à des décomptes sans remboursement ne sont pas chargés dans la table des prestations (prs_nat_ref <> 0 ou prs_pai_mnt <> 0 ou dpn_qlf <> 0). Les lignes de prestations pour lesquelles la variable DPN_QLF = 71 (consultations externes transmises au SNIIRAM pour information) doivent être exclues de toutes les exploitations, car on ne peut pas garantir le degré d’exhaustivité ni la qualité de ces informations.	
ER_PRS_F	DRG_AFF_NAT	string	string	2.0		2006			Code affiné du destinataire du règlement		
ER_PRS_F	DRG_MOD	integer	number	3.0	IR_MOD_V	2006			Mode de règlement		
ER_PRS_F	DRG_NAT	integer	number	3.0	IR_DRG_V	2006			Nature du destinataire du règlement	Cette variable donne la nature du destinataire du règlement.  La table de valeur IR_DRG_V permet de sélectionner les modalités correspondant au tiers payant (avec/sans tiers payant).	
ER_PRS_F	ETB_PRE_FIN	string	string	8.0		2006			Numéro FINESS géographique établissement prescripteur		
ER_PRS_F	EXE_CTX_BEN	string	string	4.0		2006			Contexte Bénéficiaire		
ER_PRS_F	EXE_CTX_PFS	string	string	4.0		2006			Contexte Professionnels de santé		
ER_PRS_F	EXE_LIE_COD	integer	number	2.0	IR_LIE_V	2006			Lieu d'exécution de l'acte médical		
ER_PRS_F	EXE_SOI_AMD	string	string	6.0	IR_DTE_V	2006			Année et mois de début de soin / exécution	Valeur par défaut = mois de janvier de l'an 0001	
ER_PRS_F	EXE_SOI_AMF	string	string	6.0	IR_DTE_V	2006			Année et mois de fin de soin / exécution	Valeur par défaut = mois de janvier de l'an 0001	
ER_PRS_F	EXE_SOI_DTD	date	date	20.0	IR_DTE_V	2006			Date de début des soins / Date d'exécution de la prestation (jour + mois + année)	Valeur par défaut = 1er janvier de l'an 0001	
ER_PRS_F	EXE_SOI_DTF	date	date	20.0	IR_DTE_V	2006			Date de fin des soins / Date de fin d'exécution de la prestation (jour + mois + année)	Valeur par défaut = 1er janvier de l'an 0001	
ER_PRS_F	EXO_MTF	integer	number	3.0	IR_EXO_V	2006			Motif d'exonération du ticket modérateur		
ER_PRS_F	FLX_DIS_DTD	date	date	20.0		2006			Date de mise à disposition des données	Clé technique pour jointure	
ER_PRS_F	FLX_EMT_NUM	integer	number	4.0	IR_NEM_T	2006			Numéro d'émetteur du flux	Clé technique pour jointure. | Quand FLX_EMT_TYP = 1, l'émetteur du flux est identifié par le couple FLX_EMT_TYP/FLX_EMT_NUM. | dans ce cas, pour obtenir la liste des émetteurs et les libellés qui y sont associés, il faut rechercher les valeurs du type d'émetteur FLX_EMT_TYP et celles du numéro d'émetteur FLX_EMT_NUM dans la table de valeurs des émetteurs IR_NEM_T (et non IR_NEM_V), en associant la variable FLX_EMT_TYP avec la colonne TYT_COD de IR_NEM_T et la variable FLX_EMT_NUM avec la colonne EMT_NUM_RES de IR_NEM_T.	
ER_PRS_F	FLX_EMT_ORD	integer	number	4.0		2006			Numéro de séquence du flux	Clé technique pour jointure	
ER_PRS_F	FLX_EMT_TYP	integer	number	3.0	IR_TYT_V	2006			Type d'émetteur	Clé technique pour jointure. | Quand FLX_EMT_TYP = 1, l'émetteur du flux est identifié par le couple FLX_EMT_TYP/FLX_EMT_NUM. | dans ce cas, pour obtenir la liste des émetteurs et les libellés qui y sont associés, il faut rechercher les valeurs du type d'émetteur FLX_EMT_TYP et celles du numéro d'émetteur FLX_EMT_NUM dans la table de valeurs des émetteurs IR_NEM_T (et non IR_NEM_V), en associant la variable FLX_EMT_TYP avec la colonne TYT_COD de IR_NEM_T et la variable FLX_EMT_NUM avec la colonne EMT_NUM_RES de IR_NEM_T.	
ER_PRS_F	FLX_TRT_DTD	date	date	20.0	IR_DTE_V	2006			Date d'entrée des données dans le système d'information	Clé technique pour jointure	
ER_PRS_F	IJR_EMP_NUM	integer	number	15.0		2006			Numéro d’employeur pour les indemnités journalières	Depuis le 16/05/2013 (en date de traitement), le numéro SIRET d'employeur IJR_EMP_NUM est transmis pour tous les arrêts de travail. Avant cette évolution, le numéro ne pouvait être transmis qu'en cas de subrogation (paiement à l'employeur) au travers du destinataire du réglement. Pour les seules SLM concernées (hors mutuelles de fonctionnaires et d'étudiants), cette évolution sera intégrée courant septembre 2013 (avec une montée en charge progressive). Pour le régime RSI, les IJ sont versés à leurs assurés indépendants, lesquels n’ont pas d’employeurs par définition (donc pas de n° d’employeur renseigné pour le RSI). Pour les autres régimes (norme NTEIR), le numéro n'est pas véhiculé actuellement.	
ER_PRS_F	IJR_RVL_NAT	string	string	2.0	IR_RVL_V	2006			Nature de la revalorisation pour les indemnités journalières		
ER_PRS_F	MTM_NAT	integer	number	2.0	IR_MTM_V	2006			Modulation du ticket modérateur	Pour identifier les remboursements des personnes couvertes par le régime d’Alsace Moselle : sélectionner les valeurs de la modulation du ticket modérateur MTM_NAT > 1 et filtrer sur le type de remboursement ARO_REM_TYP = 4 (remboursement de la part complémentaire).	
ER_PRS_F	ORB_BSE_NUM	string	string	6.0	IR_CAI_V	2006			Organisme de base d'affiliation du bénéficiaire		
ER_PRS_F	ORG_AFF_BEN	string	string	9.0	IR_ORG_V	2006			Organisme d'affiliation du bénéficiaire	La variable ORG_AFF_BEN dans la table IR_BEN_R des consommants du SNIIRAM était alimentée, à tort, avec le code de l’organisme qui liquide les prestations. Depuis le 28 février 2012, la donnée est correctement renseignée avec le code de l’organisme d’affiliation pour chaque nouvel individu consommant des soins qui est ajouté dans la table lors de la mise à jour mensuelle. Et pour les anciens individus déjà répertoriés dans la table, la correction s’effectue progressivement au fur et à mesure des mises à jour, dès lors que l’individu a consommé des soins.	
ER_PRS_F	ORG_CLE_NEW	string	string	9.0	IR_ORG_V	2008		2006,2007	Organisme de liquidation des prestations (après fusion)		
ER_PRS_F	ORG_CLE_NUM	string	string	9.0	IR_ORG_V	2006			Ancien organisme avant fusion (jusqu’au jour J de la fusion)	Clé technique pour jointure	
ER_PRS_F	ORL_BSE_NUM	string	string	6.0	IR_CAI_V	2006			Organisme de base de liquidation des prestations	Exemple : ORL_BSE_NUM = ’01C281’ (CPAM de Chartres)	
ER_PRS_F	PCB_FOR_AMC	string	string	3.0		2006			Indicateur de forçage part AMC (assurance maladie complémentaire)		
ER_PRS_F	PEN_TYP_COD	string	string	2.0		2006			Type de pension d'invalidité		
ER_PRS_F	PFS_EXE_NUM	string	string	8.0		2006			Numéro du professionnel de santé exécutant	Pour certaines catégories d'utilisateur, le numéro du professionnel de santé exécutant est restitué crypté (identifiant PS anonyme, de type alphanumérique et de longueur 17).	
ER_PRS_F	PFS_PRE_NUM	string	string	8.0		2006			Numéro du professionnel de santé prescripteur	Pour certaines catégories d'utilisateur, le numéro du professionnel de santé exécutant est restitué crypté (identifiant PS anonyme, de type alphanumérique et de longueur 17).	
ER_PRS_F	PRE_IND_PEL	string	string	2.0		2006			Indicateur Prescription en Ligne		
ER_PRS_F	PRE_JOU_NBR	integer	number	8.0		2013		2006,2007,2008,2009,2010,2011,2012	Nombre de jours de présence		
ER_PRS_F	PRE_PRE_AMD	string	string	6.0	IR_DTE_V	2006			Année et mois de prescription	Extraction du mois de prescription à partir de la date de prescription PRE_PRE_DTD. Valeur par défaut = mois de janvier de l'an 0001	
ER_PRS_F	PRE_PRE_DTD	date	date	20.0	IR_DTE_V	2006			Date de prescription (jour + mois + année)	Valeur par défaut = 1er janvier de l'an 0001	
ER_PRS_F	PRE_REN_COD	string	string	1.0	IR_REN_V	2006			Type de renouvellement de la prescription (opticien / pharmacien)	La variable PRE_REN_COD est alimentée depuis février 2011. | ATTENTION : Une anomalie a été détectée dans l'alimentation de cette variable pour les régimes en norme NEC (régime général, SLM, ...). Le champ est parfois valorisé à blanc, à tort, au lieu d'être renseigné. Une correction a été opérée en production le 08/08/2012.	
ER_PRS_F	PRS_ACT_CFT	integer	number	9.2		2006			Coefficient (non signé) de l'acte		
ER_PRS_F	PRS_ACT_COG	integer	number	11.2		2006			Coefficient (signé) global		
ER_PRS_F	PRS_ACT_NBR	integer	number	4.0		2006			Dénombrement (signé) d'actes		
ER_PRS_F	PRS_ACT_QTE	integer	number	4.0		2006			Quantité (signée) d'actes	Il faut utiliser PRS_ACT_NBR pour compter le nombre d’indemnités journalières, sinon on compte les revalorisations. Idem pour le nombre d’indemnités kilométrique ou le nombre de transports, sinon on compte les kilomètres facturés.	
ER_PRS_F	PRS_CRD_OPT	string	string	1.0	IR_TOC_V	2006			Top option de coordination		
ER_PRS_F	PRS_DEP_MNT	integer	number	11.2		2006			Montant (signé) du dépassement	Cette variable contient le montant du dépassement lorsque les prestations sont des honoraires. | La règle de calcul est la suivante : montant du dépassement = montant de la dépense - base de remboursement. MSA (inclus APRIA-AMEXA), RSI, CANSSM, SNCF, RATP, ENIM, ASSEMBLEE NATIONALE, SENAT, PORT AUTONOME DE BORDEAUX, et CCIP (avant janvier 2013). Pour les données du régime social des indépendants (RSI), cette variable est valorisée à tort à 0 dès lors que le qualificatif de la dépense DPN_QLF est égal à 0, pour l'historique des données avant novembre 2009 (en date de traitement).	
ER_PRS_F	PRS_DIS_PRE	string	string	2.0		2006			Dispositif de prévention		
ER_PRS_F	PRS_DPN_QLP	integer	number	3.0	IR_DEP_V	2006			Qualificatif de la dépense transmis		
ER_PRS_F	PRS_DRA_AME	string	string	6.0		2011		2006,2007,2008,2009,2010	Date réelle (année et mois) de l'accouchement		
ER_PRS_F	PRS_DRA_DTD	date	date	20.0		2006	2011	2011,2012,2013,2014,2015,2016,2017,2018,2019,2020,2021,2022,2023,2024	Date de l'accouchement		
ER_PRS_F	PRS_ETA_RAC	integer	number	11.2		2006			Reste à charge de l'établissement	En raison de la présence d’anomalies, il ne faut pas tenir compte pour le moment des informations contenues dans cette zone.	
ER_PRS_F	PRS_FAC_TOP	string	string	1.0		2006			Top facture travailleurs indépendants		
ER_PRS_F	PRS_GRS_DTD	date	date	20.0	IR_DTE_V	2006			Date présumée de grossesse	Cette date indique soit la date présumée de début de grossesse, soit la date d'accouchement (car la période d'exonération du ticket modérateur est recalculée en fonction de la date réélle d'accouchement). Valeur par défaut = 1er janvier de l'an 0001	
ER_PRS_F	PRS_HOS_AMD	string	string	6.0	IR_DTE_V	2006			Année et mois de début d'hospitalisation	Extraction du mois d'hospitalisation à partir de la date d'hospitalisation PRE_HOS_DTD. Valeur par défaut = mois de janvier de l'an 0001	
ER_PRS_F	PRS_HOS_DTD	date	date	20.0	IR_DTE_V	2006			Date de début d'hospitalisation (jour + mois + année)	Valeur par défaut = 1er janvier de l'an 0001	
ER_PRS_F	PRS_MNT_MAJ	integer	number	7.2		2006			Montant de la majoration		
ER_PRS_F	PRS_MTT_NUM	string	string	8.0		2006			Numéro de médecin traitant	Pour certaines catégories d'utilisateur, le numéro du médecin traitant est restitué crypté (identifiant PS anonyme, de type alphanumérique et de longueur 17).	
ER_PRS_F	PRS_NAT_REF	integer	number	5.0	IR_NAT_V	2006			Nature de la prestation de référence	Cette donnée contient l’acte générateur auquel une majoration ou un complément est associé.	
ER_PRS_F	PRS_OPS_TRF	integer	number	2.0	IR_TOP_V	2006			Indicateur de tarif opposable		
ER_PRS_F	PRS_ORD_NUM	integer	number	5.0		2006			Numéro d'ordre de la prestation dans le décompte	Clé technique pour jointure	
ER_PRS_F	PRS_PAI_MNT	integer	number	11.2		2006			Montant (signé) de la dépense		
ER_PRS_F	PRS_PDS_QCP	integer	number	3.0	IR_QPS_V	2006			Qualificatif du parcours de soins calculé	La variable PRS_PDS_QTP correspond à l'indicateur transmis en entrée du flux pour permettre l’exclusion de certains cas particuliers dans la gestion du parcours de soins. En fonction de ce qualificatif du flux "entrée", et des données du bénéficiaire et du praticien, le système calcule un qualificatif du flux « sortie » qui induit le taux de remboursement et sert à la facturation. Il faut donc privilégier l'utilisation de la variable PRS_PDS_QCP qui correspond à l'indicateur calculé en sortie et permet de déterminer si le soin est réalisé dans ou hors parcours de soins.	
ER_PRS_F	PRS_PDS_QTP	integer	number	3.0	IR_QPE_V	2006			Qualificatif du parcours de soins transmis	La variable PRS_PDS_QTP correspond à l'indicateur transmis en entrée du flux pour permettre l’exclusion de certains cas particuliers dans la gestion du parcours de soins. En fonction de ce qualificatif du flux "entrée", et des données du bénéficiaire et du praticien, le système calcule un qualificatif du flux « sortie » qui induit le taux de remboursement et sert à la facturation. Il faut donc privilégier l'utilisation de la variable PRS_PDS_QCP qui correspond à l'indicateur calculé en sortie et permet de déterminer si le soin est réalisé dans ou hors parcours de soins.	
ER_PRS_F	PRS_PPF_COD	string	string	1.0	IR_PAF_V	2006			Prise en compte de la participation forfaitaire		
ER_PRS_F	PRS_PRE_MTT	integer	number	2.0	IR_TMT_V	2006			Origine de la prescription	Donnée permettant de toper le médecin traitant prescripteur	
ER_PRS_F	PRS_QTT_MAJ	integer	number	4.0		2006			Quantité de majorations		
ER_PRS_F	PRS_REF_KIN	string	string	2.0	IR_REK_V	2006			Indicateur Référentiel EPK		
ER_PRS_F	PRS_REJ_TOP	string	string	1.0		2006			Top rejet ou signalement	Rejet ou signalement lié aux contrôles miroirs du SNIIRAM	
ER_PRS_F	PRS_TOP_ENP	integer	number	2.0	IR_TEK_V	2006			Indicateur Top Entente Préalable		
ER_PRS_F	PRS_TYP_KIN	string	string	1.0	IR_TPR_V	2006			Type de prestation Kiné		
ER_PRS_F	PRS_TYP_MAJ	string	string	2.0	IR_MAJ_V	2006			Type de majoration		
ER_PRS_F	PRS_TYP_MIN	string	string	2.0		2006			Type de minoration GHS		
ER_PRS_F	PRS_ZON_FIL	string	string	17.0		2006			Filler zone prestation	Donnée renommée en février 2021 (en lien avec la suppression de la variable BEN_NIR_IDT dans le modèle des données). Champ non alimenté et non utilisé.	
ER_PRS_F	PSE_ACT_NAT	integer	number	3.0	IR_ACT_V	2006			Nature d'activité du PS exécutant		
ER_PRS_F	PSE_CNV_COD	integer	number	2.0	IR_CNV_V	2006			Code convention du PS exécutant	Le code convention est fonction du numéro du professionnel de santé, de la zone tarif du professionnel de santé, et du code de la convention national.	
ER_PRS_F	PSE_PPS_CLE	string	string	1.0		2013		2006,2007,2008,2009,2010,2011,2012	Clé du numéro du PS		
ER_PRS_F	PSE_PPS_NUM	string	string	10.0		2013		2006,2007,2008,2009,2010,2011,2012	Numéro du PS sans clé		
ER_PRS_F	PSE_REF_ADH	string	string	1.0		2006			Top prestation exécuté par un professionnel de santé adhérent à l'option référent		
ER_PRS_F	PSE_SPE_COD	integer	number	3.0	IR_SPE_V	2006			Spécialité médicale du PS exécutant	Il n'est pas possible pour le moment d'identifier individuellement les médecins salariés exerçant en établissements hospitaliers, et donc de déterminer leur spécialité. En effet, l’identifiant utilisé est le numéro de l’établissement dans lequel ils exercent. En l’absence de transmission d’information pour ces cas, le code spécialité est souvent renseigné à tort à la valeur 1 (et non "99-inconnue"). Il est donc conseillé de prendre en compte le mode d’exercice du PS (variables PSP_STJ_COD et PSE_STJ_COD) lorsque l’on étudie la spécialité. | Pour les médecins exerçant en milieu hospitalier, nous préconisons aux utilisateurs de forcer la spécialité à 99 au lieu de 1 dans leurs traitements.	
ER_PRS_F	PSE_STJ_COD	integer	number	3.0	IR_SJP_V	2006			Statut Juridique ou mode d'exercice du PS exécutant		
ER_PRS_F	PSP_ACT_NAT	integer	number	3.0	IR_ACT_V	2006			Nature d'activité du PS prescripteur		
ER_PRS_F	PSP_CNV_COD	integer	number	2.0	IR_CNV_V	2006			Code convention du PS prescripteur	Le code convention est fonction du numéro du professionnel de santé, de la zone tarif du professionnel de santé, et du code de la convention national.	
ER_PRS_F	PSP_PPS_NUM	string	string	10.0		2006			Numéro RPPS du prescripteur	Identifiant du professionnel de santé prescripteur issu du nouveau Répertoire Partagé des Professionnels de Santé (RPPS). La mise en place progressive du RPPS permettra l'identification de tous les professionnels de santé, y compris les prescripteurs exerçant dans les établissements de santé. Dans une première étape, le numéro RPPS est transmis pour les prescripteurs et il est optionnel pour les PS libéraux. | Pour certaines catégories d'utilisateur, le numéro RPPS prescripteur est restitué crypté (identifiant PS anonyme, de type alphanumérique et de longueur 17).	
ER_PRS_F	PSP_REF_ADH	string	string	1.0		2006			Top prestation prescrite par un professionnel de santé adhérent à l'option référent		
ER_PRS_F	PSP_SPE_COD	integer	number	3.0	IR_SPE_V	2006			Spécialité médicale du PS prescripteur	Il n'est pas possible pour le moment d'identifier individuellement les médecins salariés exerçant en établissements hospitaliers, et donc de déterminer leur spécialité. En effet, l’identifiant utilisé est le numéro de l’établissement dans lequel ils exercent. En l’absence de transmission d’information pour ces cas, le code spécialité est souvent renseigné à tort à la valeur 1 (et non "99-inconnue"). Il est donc conseillé de prendre en compte le mode d’exercice du PS (variables PSP_STJ_COD et PSE_STJ_COD) lorsque l’on étudie la spécialité. | Pour les médecins exerçant en milieu hospitalier, nous préconisons aux utilisateurs de forcer la spécialité à 99 au lieu de 1 dans leurs traitements.	
ER_PRS_F	PSP_STJ_COD	integer	number	3.0	IR_SJP_V	2006			Statut Juridique ou mode d'exercice du PS prescripteur	Pour le moment, cette information n'est pas disponible pour les régimes suivants : MSA (inclus APRIA-AMEXA), RSI, CANSSM, SNCF, RATP, ENIM, ASSEMBLEE NATIONALE, SENAT, PORT AUTONOME DE BORDEAUX, et CCIP (avant janvier 2013). Pour ces régimes, PSP_STJ_COD = 90 (valeur inconnue).	
ER_PRS_F	PSP_SVI_PPS	integer	number	3.0	IR_SVI_V	2006			Indicateur fiabilite du numero RPPS		
ER_PRS_F	REM_TYP_AFF	integer	number	1.0		2006			Type de remboursement affiné	Cette variable répond au besoin d’affinage des majorations, et permet d’intégrer les lignes de remboursements liées à la participation assuré 18 euros dans la table des prestations. Attention lors des jointures avec les autres tables du modèle car les informations détaillées ne sont pas disponibles pour les codes prestations 1956 et 2285. | Si la nature de prestation correspond à une participation de l'assuré 18 euros codée 1956 (ambulatoire) ou 2285 (séjour), alors le type de remboursement affiné est différent de 1, et sinon il est égal à 1 (valeur par défaut).	
ER_PRS_F	RGM_COD	integer	number	4.0	IR_RGM_V	2006			Petit régime du bénéficiaire	Le petit régime d'affiliation doit toujours être accompagné de la variable grand régime dans les exploitations (car un même code petit régime peut-être commun à plusieurs grands régimes).	
ER_PRS_F	RGM_GRG_COD	integer	number	3.0	IR_RGM_V	2006			Grand régime de liquidation du bénéficiaire	Cette donnée correspond au grand régime de la caisse de liquidation.	
ER_PRS_F	RGO_ASU_NAT	integer	number	3.0	IR_ASU_V	2006			Nature de l'assurance (régime obligatoire)	=max(nvl(ASU_NAT),Valeur/defaut )	
ER_PRS_F	RGO_ENV_TYP	integer	number	3.0	IR_ENV_V	2006			Type d'enveloppe (régime obligatoire)		
ER_PRS_F	RGO_FTA_COD	integer	number	2.0	IR_FOR_V	2006			Forçage du taux (hors parcours de soins) (part obligatoire)		
ER_PRS_F	RGO_MIN_TAU	integer	number	7.2		2006			Taux de remboursement modulé (hors parcours de Soins) (régime obligatoire)		
ER_PRS_F	RGO_MOD_MNT	integer	number	11.2		2006			Montant de la majoration de la participation de l'assuré (régime obligatoire)		
ER_PRS_F	RGO_REM_TAU	integer	number	7.2		2006	2013	2013,2014,2015,2016,2017,2018,2019,2020,2021,2022,2023,2024	Taux de remboursement réel (régime obligatoire)	Le taux de remboursement RGO_REM_TAU correspond au taux réel de remboursement de l'acte de base. | En cas de complément non associé à un acte de base, le taux est alimenté avec le taux renseigné pour le complément.	
ER_PRS_F	RGO_THE_TAU	integer	number	7.2	IR_TAU_V	2006	2013	2013,2014,2015,2016,2017,2018,2019,2020,2021,2022,2023,2024	Taux de remboursement théorique (régime obligatoire)	Si le code forçage du taux est égal à 1 ou 2 (taux minoré et taux minoré plafonné) alors : le taux théorique de la part de base = taux de remboursement du flux (taux minoré) + la valeur de la modulation, le taux théorique pour le supplément Alsace-Moselle =  90% - le taux de remboursement théorique de la part de base, et le taux théorique pour le TM CMU-C et l’Aide Médicale d’Etat = 100% - le taux de remboursement théorique de la part de base - le taux de remboursement théorique du supplément Alsace-moselle. Et sinon, le taux théorique = le taux de remboursement du flux (dit "taux réel").	
ER_RAT_F	ATT_NAT	integer	number	3.0	IR_ATT_V	2006			Nature de l'accident du travail		
ER_RAT_F	BEN_RAT_ANO	string	string	17.0		2006			Numéro anonyme de rente Accident du travail / Maladie professionnelle		
ER_RAT_F	DCT_ORD_NUM	integer	number	9.0		2006			Numéro d'ordre du décompte dans l'organisme	Clé technique pour jointure	
ER_RAT_F	FLX_DIS_DTD	date	date	20.0		2006			Date de mise à disposition des données	Clé technique pour jointure	
ER_RAT_F	FLX_EMT_NUM	integer	number	4.0	IR_NEM_T	2006			Numéro d'émetteur du flux	Clé technique pour jointure. | Quand FLX_EMT_TYP = 1, l'émetteur du flux est identifié par le couple FLX_EMT_TYP/FLX_EMT_NUM. | dans ce cas, pour obtenir la liste des émetteurs et les libellés qui y sont associés, il faut rechercher les valeurs du type d'émetteur FLX_EMT_TYP et celles du numéro d'émetteur FLX_EMT_NUM dans la table de valeurs des émetteurs IR_NEM_T (et non IR_NEM_V), en associant la variable FLX_EMT_TYP avec la colonne TYT_COD de IR_NEM_T et la variable FLX_EMT_NUM avec la colonne EMT_NUM_RES de IR_NEM_T.	
ER_RAT_F	FLX_EMT_ORD	integer	number	4.0		2006			Numéro de séquence du flux	Clé technique pour jointure	
ER_RAT_F	FLX_EMT_TYP	integer	number	3.0	IR_TYT_V	2006			Type d'émetteur	Clé technique pour jointure. | Quand FLX_EMT_TYP = 1, l'émetteur du flux est identifié par le couple FLX_EMT_TYP/FLX_EMT_NUM. | dans ce cas, pour obtenir la liste des émetteurs et les libellés qui y sont associés, il faut rechercher les valeurs du type d'émetteur FLX_EMT_TYP et celles du numéro d'émetteur FLX_EMT_NUM dans la table de valeurs des émetteurs IR_NEM_T (et non IR_NEM_V), en associant la variable FLX_EMT_TYP avec la colonne TYT_COD de IR_NEM_T et la variable FLX_EMT_NUM avec la colonne EMT_NUM_RES de IR_NEM_T.	
ER_RAT_F	FLX_TRT_DTD	date	date	20.0	IR_DTE_V	2006			Date d'entrée des données dans le système d'information	Clé technique pour jointure	
ER_RAT_F	ORG_CLE_NEW	string	string	9.0	IR_ORG_V	2008		2006,2007	Organisme de liquidation des prestations (après fusion)		
ER_RAT_F	ORG_CLE_NUM	string	string	9.0	IR_ORG_V	2006			Ancien organisme avant fusion (jusqu’au jour J de la fusion)	Clé technique pour jointure	
ER_RAT_F	PRS_ORD_NUM	integer	number	5.0		2006			Numéro d'ordre de la prestation dans le décompte	Clé technique pour jointure	
ER_RAT_F	RAT_IPP_DTE	date	date	20.0	IR_DTE_V	2006			Date d'effet du taux d'incapacité permanente (IPP)		
ER_RAT_F	RAT_IPP_TAU	integer	number	7.2		2006			Taux d'incapacité permanente (IPP)		
ER_RAT_F	REM_TYP_AFF	integer	number	1.0		2006			Type de remboursement affiné	Cette variable répond au besoin d’affinage des majorations, et permet d’intégrer les lignes de remboursements liées à la participation assuré 18 euros dans la table des prestations. Attention lors des jointures avec les autres tables du modèle car les informations détaillées ne sont pas disponibles pour les codes prestations 1956 et 2285. | Si la nature de prestation correspond à une participation de l'assuré 18 euros codée 1956 (ambulatoire) ou 2285 (séjour), alors le type de remboursement affiné est différent de 1, et sinon il est égal à 1 (valeur par défaut).	
ER_TIP_F	DCT_ORD_NUM	integer	number	9.0		2006			Numéro d'ordre du décompte dans l'organisme	Clé technique pour jointure	
ER_TIP_F	FLX_DIS_DTD	date	date	20.0		2006			Date de mise à disposition des données	Clé technique pour jointure	
ER_TIP_F	FLX_EMT_NUM	integer	number	4.0	IR_NEM_T	2006			Numéro d'émetteur du flux	Clé technique pour jointure. | Quand FLX_EMT_TYP = 1, l'émetteur du flux est identifié par le couple FLX_EMT_TYP/FLX_EMT_NUM. | dans ce cas, pour obtenir la liste des émetteurs et les libellés qui y sont associés, il faut rechercher les valeurs du type d'émetteur FLX_EMT_TYP et celles du numéro d'émetteur FLX_EMT_NUM dans la table de valeurs des émetteurs IR_NEM_T (et non IR_NEM_V), en associant la variable FLX_EMT_TYP avec la colonne TYT_COD de IR_NEM_T et la variable FLX_EMT_NUM avec la colonne EMT_NUM_RES de IR_NEM_T.	
ER_TIP_F	FLX_EMT_ORD	integer	number	4.0		2006			Numéro de séquence du flux	Clé technique pour jointure	
ER_TIP_F	FLX_EMT_TYP	integer	number	3.0	IR_TYT_V	2006			Type d'émetteur	Clé technique pour jointure. | Quand FLX_EMT_TYP = 1, l'émetteur du flux est identifié par le couple FLX_EMT_TYP/FLX_EMT_NUM. | dans ce cas, pour obtenir la liste des émetteurs et les libellés qui y sont associés, il faut rechercher les valeurs du type d'émetteur FLX_EMT_TYP et celles du numéro d'émetteur FLX_EMT_NUM dans la table de valeurs des émetteurs IR_NEM_T (et non IR_NEM_V), en associant la variable FLX_EMT_TYP avec la colonne TYT_COD de IR_NEM_T et la variable FLX_EMT_NUM avec la colonne EMT_NUM_RES de IR_NEM_T.	
ER_TIP_F	FLX_TRT_DTD	date	date	20.0	IR_DTE_V	2006			Date d'entrée des données dans le système d'information	Clé technique pour jointure	
ER_TIP_F	LPP_ECT_MNT	integer	number	9.2		2006			Montant Total de l'écart Indemnisable		
ER_TIP_F	LPP_ECU_MNT	integer	number	9.2		2006			Montant Unitaire de l'écart Indemnisable		
ER_TIP_F	ORG_CLE_NEW	string	string	9.0	IR_ORG_V	2008		2006,2007	Organisme de liquidation des prestations (après fusion)		
ER_TIP_F	ORG_CLE_NUM	string	string	9.0	IR_ORG_V	2006			Ancien organisme avant fusion (jusqu’au jour J de la fusion)	Clé technique pour jointure	
ER_TIP_F	PRS_ORD_NUM	integer	number	5.0		2006			Numéro d'ordre de la prestation dans le décompte	Clé technique pour jointure	
ER_TIP_F	REM_TYP_AFF	integer	number	1.0		2006			Type de remboursement affiné	Cette variable répond au besoin d’affinage des majorations, et permet d’intégrer les lignes de remboursements liées à la participation assuré 18 euros dans la table des prestations. Attention lors des jointures avec les autres tables du modèle car les informations détaillées ne sont pas disponibles pour les codes prestations 1956 et 2285. | Si la nature de prestation correspond à une participation de l'assuré 18 euros codée 1956 (ambulatoire) ou 2285 (séjour), alors le type de remboursement affiné est différent de 1, et sinon il est égal à 1 (valeur par défaut).	
ER_TIP_F	TIP_ACL_DTD	date	date	20.0		2006			Date Debt Location ou Achat		
ER_TIP_F	TIP_ACL_DTF	date	date	20.0	IR_DTE_V	2006			Date Fin Location		
ER_TIP_F	TIP_ACT_PRU	integer	number	12.5	IR_DTE_V	2006			PU de la Prs Affinee LPP		
ER_TIP_F	TIP_ACT_QSN	integer	number	4.0		2006			Quantité Signée Affinée LPP	Dans le cas d'une prestation d'oxygénothérapie, la variable tip_act_qsn correspond au nombre de forfaits hebdomadaires d'oxygénothérapie facturés.	
ER_TIP_F	TIP_ORD_NUM	integer	number	4.0		2006			N° Ordre Prs Affinee LPP		
ER_TIP_F	TIP_PRS_IDE	integer	number	14.0		2006			Code Affine Dispositif Medical LPP		
ER_TIP_F	TIP_PRS_TYP	integer	number	2.0		2006			Type de Prs Fournie LPP		
ER_TIP_F	TIP_PUB_PRX	integer	number	9.2	IR_PRF_V	2006			PU Public		
ER_TIP_F	TIP_SIR_NUM	string	string	14.0		2006			N° SIRET Fabriquant/Importateur		
ER_TRS_F	DCT_ORD_NUM	integer	number	9		2008		2006,2007	Numéro d'ordre du décompte dans l'organisme	Clé technique pour jointure	
ER_TRS_F	FLX_DIS_DTD	date	date	20		2008		2006,2007	Date de mise à disposition des données	Clé technique pour jointure	
ER_TRS_F	FLX_EMT_NUM	integer	number	4	IR_NEM_T	2008		2006,2007	Numéro d'émetteur du flux	Clé technique pour jointure. | Quand FLX_EMT_TYP = 1, l'émetteur du flux est identifié par le couple FLX_EMT_TYP/FLX_EMT_NUM. | dans ce cas, pour obtenir la liste des émetteurs et les libellés qui y sont associés, il faut rechercher les valeurs du type d'émetteur FLX_EMT_TYP et celles du numéro d'émetteur FLX_EMT_NUM dans la table de valeurs des émetteurs IR_NEM_T (et non IR_NEM_V), en associant la variable FLX_EMT_TYP avec la colonne TYT_COD de IR_NEM_T et la variable FLX_EMT_NUM avec la colonne EMT_NUM_RES de IR_NEM_T.	
ER_TRS_F	FLX_EMT_ORD	integer	number	4		2008		2006,2007	Numéro de séquence du flux	Clé technique pour jointure	
ER_TRS_F	FLX_EMT_TYP	integer	number	3	IR_TYT_V	2008		2006,2007	Type d'émetteur	Clé technique pour jointure. | Quand FLX_EMT_TYP = 1, l'émetteur du flux est identifié par le couple FLX_EMT_TYP/FLX_EMT_NUM. | dans ce cas, pour obtenir la liste des émetteurs et les libellés qui y sont associés, il faut rechercher les valeurs du type d'émetteur FLX_EMT_TYP et celles du numéro d'émetteur FLX_EMT_NUM dans la table de valeurs des émetteurs IR_NEM_T (et non IR_NEM_V), en associant la variable FLX_EMT_TYP avec la colonne TYT_COD de IR_NEM_T et la variable FLX_EMT_NUM avec la colonne EMT_NUM_RES de IR_NEM_T.	
ER_TRS_F	FLX_TRT_DTD	date	date	20	IR_DTE_V	2008		2006,2007	Date d'entrée des données dans le système d'information	Clé technique pour jointure	
ER_TRS_F	ITR_ORD_NUM	integer	number	4		2008		2006,2007	Numéro d'ordre de l'information détaillée du transport		
ER_TRS_F	ORG_CLE_NEW	string	string	9	IR_ORG_V	2008		2006,2007	Organisme de liquidation des prestations (après fusion)		
ER_TRS_F	ORG_CLE_NUM	string	string	9	IR_ORG_V	2008		2006,2007	Ancien organisme avant fusion (jusqu’au jour J de la fusion)	Clé technique pour jointure	
ER_TRS_F	PRS_ORD_NUM	integer	number	4		2008		2006,2007	Numéro d'ordre de la prestation dans le décompte	Clé technique pour jointure	
ER_TRS_F	REM_TYP_AFF	integer	number	1		2008		2006,2007	Type de remboursement affiné	Cette variable répond au besoin d’affinage des majorations, et permet d’intégrer les lignes de remboursements liées à la participation assuré 18 euros dans la table des prestations. Attention lors des jointures avec les autres tables du modèle car les informations détaillées ne sont pas disponibles pour les codes prestations 1956 et 2285. | Si la nature de prestation correspond à une participation de l'assuré 18 euros codée 1956 (ambulatoire) ou 2285 (séjour), alors le type de remboursement affiné est différent de 1, et sinon il est égal à 1 (valeur par défaut).	
ER_TRS_F	TRS_ACP_NOM	string	string	11		2013		2006,2007,2008,2009,2010,2011,2012	Nom de l'accompagnateur diplômé du véhicule		
ER_TRS_F	TRS_ARR_CDP	string	string	5		2008		2006,2007	Code postal du lieu d'arrivée du transport		
ER_TRS_F	TRS_CDR_NOM	string	string	11		2013		2006,2007,2008,2009,2010,2011,2012	Nom du conducteur diplômé du véhicule		
ER_TRS_F	TRS_DEP_CDP	string	string	5		2008		2006,2007	Code postal du lieu de départ du transport		
ER_TRS_F	TRS_DIS_NIV	integer	number	3		2013		2006,2007,2008,2009,2010,2011,2012	Niveau de certification		
ER_TRS_F	TRS_DIS_REL	integer	number	5		2013		2006,2007,2008,2009,2010,2011,2012	Distance réelle parcourue		
ER_TRS_F	TRS_DIS_USG	string	string	2		2013		2006,2007,2008,2009,2010,2011,2012	Top utilisation du distancier		
ER_TRS_F	TRS_DTD_AME	string	string	6		2010		2006,2007,2008,2009	Année et mois de départ du transport (format AAAAMM)		
ER_TRS_F	TRS_DTD_DTE	date	date	20		2010		2006,2007,2008,2009	Date de départ du transport		
ER_TRS_F	TRS_DTF_AME	string	string	6		2010		2006,2007,2008,2009	Année et mois d'arrivée du transport (format AAAAMM)		
ER_TRS_F	TRS_DTF_DTE	date	date	20		2010		2006,2007,2008,2009	Date d'arrivée du transport		
ER_TRS_F	TRS_TRP_HRA	integer	number	5		2008		2006,2007	Heure d'arrivée du transport		
ER_TRS_F	TRS_TRP_HRD	integer	number	5		2008		2006,2007	Heure de départ du transport		
ER_TRS_F	TRS_VEH_NUM	string	string	9		2013		2006,2007,2008,2009,2010,2011,2012	Numéro minéralogique du véhicule		
ER_UCD_F	DCT_ORD_NUM	integer	number	9.0		2007		2006	Numéro d'ordre du décompte dans l'organisme	Clé technique pour jointure	
ER_UCD_F	FLX_DIS_DTD	date	date	20.0		2007		2006	Date de mise à disposition des données	Clé technique pour jointure	
ER_UCD_F	FLX_EMT_NUM	integer	number	4.0	IR_NEM_T	2007		2006	Numéro d'émetteur du flux	Clé technique pour jointure. | Quand FLX_EMT_TYP = 1, l'émetteur du flux est identifié par le couple FLX_EMT_TYP/FLX_EMT_NUM. | dans ce cas, pour obtenir la liste des émetteurs et les libellés qui y sont associés, il faut rechercher les valeurs du type d'émetteur FLX_EMT_TYP et celles du numéro d'émetteur FLX_EMT_NUM dans la table de valeurs des émetteurs IR_NEM_T (et non IR_NEM_V), en associant la variable FLX_EMT_TYP avec la colonne TYT_COD de IR_NEM_T et la variable FLX_EMT_NUM avec la colonne EMT_NUM_RES de IR_NEM_T.	
ER_UCD_F	FLX_EMT_ORD	integer	number	4.0		2007		2006	Numéro de séquence du flux	Clé technique pour jointure	
ER_UCD_F	FLX_EMT_TYP	integer	number	3.0	IR_TYT_V	2007		2006	Type d'émetteur	Clé technique pour jointure. | Quand FLX_EMT_TYP = 1, l'émetteur du flux est identifié par le couple FLX_EMT_TYP/FLX_EMT_NUM. | dans ce cas, pour obtenir la liste des émetteurs et les libellés qui y sont associés, il faut rechercher les valeurs du type d'émetteur FLX_EMT_TYP et celles du numéro d'émetteur FLX_EMT_NUM dans la table de valeurs des émetteurs IR_NEM_T (et non IR_NEM_V), en associant la variable FLX_EMT_TYP avec la colonne TYT_COD de IR_NEM_T et la variable FLX_EMT_NUM avec la colonne EMT_NUM_RES de IR_NEM_T.	
ER_UCD_F	FLX_TRT_DTD	date	date	20.0	IR_DTE_V	2007		2006	Date d'entrée des données dans le système d'information	Clé technique pour jointure	
ER_UCD_F	ORG_CLE_NEW	string	string	9.0	IR_ORG_V	2008		2006,2007	Organisme de liquidation des prestations (après fusion)		
ER_UCD_F	ORG_CLE_NUM	string	string	9.0	IR_ORG_V	2007		2006	Ancien organisme avant fusion (jusqu’au jour J de la fusion)	Clé technique pour jointure	
ER_UCD_F	PRS_ORD_NUM	integer	number	5.0		2007		2006	Numéro d'ordre de la prestation dans le décompte	Clé technique pour jointure	
ER_UCD_F	REM_TYP_AFF	integer	number	1.0		2007		2006	Type de remboursement affiné	Cette variable répond au besoin d’affinage des majorations, et permet d’intégrer les lignes de remboursements liées à la participation assuré 18 euros dans la table des prestations. Attention lors des jointures avec les autres tables du modèle car les informations détaillées ne sont pas disponibles pour les codes prestations 1956 et 2285. | Si la nature de prestation correspond à une participation de l'assuré 18 euros codée 1956 (ambulatoire) ou 2285 (séjour), alors le type de remboursement affiné est différent de 1, et sinon il est égal à 1 (valeur par défaut).	
ER_UCD_F	UCD_ACH_PRU	integer	number	9.2		2007		2006	Prix d'achat unitaire		
ER_UCD_F	UCD_CAL_PRU	integer	number	9.2		2007		2006	Prix unitaire calculé		
ER_UCD_F	UCD_DLV_NBR	integer	number	4.0		2007		2006	Nombre d'unités délivrées		
ER_UCD_F	UCD_ECT_MNT	integer	number	9.2		2007		2006	Montant total de l'écart indemnisable		
ER_UCD_F	UCD_ECU_MNT	integer	number	9.2		2007		2006	Montant unitaire de l'écart indemnisable		
ER_UCD_F	UCD_FAC_PRU	integer	number	9.2		2007		2006	Prix unitaire facturé		
ER_UCD_F	UCD_FRC_COE	integer	number	7.4		2007		2006	Coefficient de fractionnement	Une unité commune de dispensation (UCD) peut-être divisée en plusieurs doses. Exemple : une UCD divisée en 4 représente 4 doses et un coefficient de fractionnement  de 0,25.	
ER_UCD_F	UCD_LGN_NUM	integer	number	4.0		2007		2006	Numéro de ligne UCD		
ER_UCD_F	UCD_MAR_MNT	integer	number	9.2		2007		2006	Montant TTC de la marge de rétrocession		
ER_UCD_F	UCD_ORD_NUM	integer	number	4.0		2007		2006	Numéro d'Ordre de la Prestation Affinée UCD		
ER_UCD_F	UCD_RCT_COU	integer	number	9.2		2007		2006	Cout de reconstitution du médicament	Certains médicaments peuvent être reconstitués à partir de plusieurs composants. Le coût de reconstitution correspond au cumul des coûts des composants utilisés.	
ER_UCD_F	UCD_TOP_UCD	integer	number	2.0		2007		2006	Top UCD	La table du codage affiné ER_UCD_F permet de suivre les remboursements des médicaments codés en Unité Commune de Dispensation (UCD), suite à la nouvelle réglementation sur la tarification des médicaments dans les établissements. | Deux cas de dispensation des médicaments sont possibles : dans le cadre de la rétrocession hospitalière (pour un patient qui vient à l’hôpital en journée pour recevoir ses médicaments dans le cadre de traitements lourds), ou dans le cadre de la tarification à l’activité (TAA) en sus du coût du séjour (GHS), lorsque le patient est hospitalisé. | Dans la table de codage affinée UCD, cette distinction s’opère via un top (UCD_TOP_UCD) : le top est égal à 0 dans le cas des médicaments rétrocédés et à 1 pour les médicaments délivés en sus du GHS.	
ER_UCD_F	UCD_TTF_MNT	integer	number	9.2		2007		2006	Montant total TTC facturé		
ER_UCD_F	UCD_UCD_COD	string	string	13.0		2007		2006	Code UCD	Le code UCD (Unité Commune de Dispensation) correspond au plus petit conditionnement pharmaceutique (ex : 1 comprimé, 1 flacon, etc). C'est un numéro à 7 chiffres commençant par 9. Il doit évolué ultérieurement vers 13 caractères. Par anticipation, la variable UCD_UCD_COD qui contient le code UCD est déjà restituée sur 13 positions. Aujourd'hui, ce champ contient donc des zéros sur les 6 premières positions (000000) et le code UCD à 7 chiffres sur les 7 dernières positions (9xxxxxx). L'anomalie observée pour quelques codes UCD (valeur différente de 0 en position 5 est résolue depuis mars 2011 (date de traitement). | Les médicaments présents dans la table ER_UCD_F sont des codes UCD remboursables (ou ayant été remboursables).	
T_HADaaA	ACT_COD	string	string	1	IR_ACT_COD	2010		2006,2007,2008,2009	Code de l'activité		
T_HADaaA	CCAM_COD	string	string	7	XC_ACT_R	2010		2006,2007,2008,2009	Code de l'acte		
T_HADaaA	DEL_DAT_ENT	string	string	5		2020		2006,2007,2008,2009,2010,2011,2012,2013,2014,2015,2016,2017,2018,2019	Délai à la date d'entrée (par rapport à l'acte)		
T_HADaaA	DEL_DEB_SSEQ	integer	number	8		2010	2019	2006,2007,2008,2009,2020,2021,2022,2023,2024	Délai depuis le début de la sousséquence		
T_HADaaA	ETA_NUM_EPMSI	string	string	9		2010		2006,2007,2008,2009	N° FINESS		
T_HADaaA	ETA_NUM_GEO	string	string	9		2017		2006,2007,2008,2009,2010,2011,2012,2013,2014,2015,2016	N° FINESS géographique		
T_HADaaA	ETA_NUM_TWO	string	string	9		2010	2016	2006,2007,2008,2009,2017,2018,2019,2020,2021,2022,2023,2024	Second n° FINESS		
T_HADaaA	EXT_DOC	string	string	1		2010		2006,2007,2008,2009	Extension documentaire		
T_HADaaA	EXT_PMSI	string	string	2		2015		2006,2007,2008,2009,2010,2011,2012,2013,2014	Extension PMSI	La notice indique qu’en 2016, la saisie de « l’extension PMSI » est recommandée, mais qu’en 2017 l’utilisation de cette extension pour les codes subdivisés ou créés sera obligatoire avec groupage en erreur si l’information est manquante.	
T_HADaaA	FAC_NUM	string	string	5		2020		2006,2007,2008,2009,2010,2011,2012,2013,2014,2015,2016,2017,2018,2019	Numéro de facture		
T_HADaaA	PHA_COD	string	string	1		2010		2006,2007,2008,2009	Code de la phase		
T_HADaaA	REAL_NBR	integer	number	8		2010		2006,2007,2008,2009	Nombre de réalisations		
T_HADaaA	RHAD_NUM	string	string	5		2010		2006,2007,2008,2009	N° séquentiel de séjour d'HAD		
T_HADaaA	SEQ_NUM	string	string	2		2010		2006,2007,2008,2009	N° de la séquence dans le séjour		
T_HADaaA	SSEQ_NUM	string	string	3		2010		2006,2007,2008,2009	N° de la sous-séquence		
T_HADaaA	VAL_DAT_SSEQ	string	string	1		2010		2006,2007,2008,2009	Dates de validité de l'acte compatibles avec les dates de la sousséquence		
T_HADaaB	AGE_ANN	integer	number	3.0		2006			Age en années	calculé par Paprica	
T_HADaaB	AGE_JOU	integer	number	3.0		2006			Age en jours	calculé par Paprica	
T_HADaaB	AVQ_ALI	string	string	1.0		2006			Cotation dépendance AVQ, alimentation		
T_HADaaB	AVQ_CON	string	string	1.0		2006			Cotation dépendance AVQ, continence		
T_HADaaB	AVQ_CPT	string	string	1.0		2006			Cotation dépendance AVQ, comportement		
T_HADaaB	AVQ_HAB	string	string	1.0		2006			Cotation dépendance AVQ, habillage/toilette		
T_HADaaB	AVQ_LOC	string	string	1.0		2006			Cotation dépendance AVQ, locomotion		
T_HADaaB	AVQ_REL	string	string	1.0		2006			Cotation dépendance AVQ, relation		
T_HADaaB	BDI_COD	string	string	5.0		2006			Code géographique	calculé par Paprica	
T_HADaaB	BDI_DEP	string	string	2.0		2006			Code département		
T_HADaaB	COD_CONF	string	string	1.0		2006			Confirmation de codage		
T_HADaaB	COD_POST	string	string	5.0		2006			Code postal		
T_HADaaB	COD_SEX	string	string	1.0		2006			Sexe du patient		
T_HADaaB	DEP_COT	string	string	3.0		2006			Cotation dépendance selon Karnofsky		
T_HADaaB	DGN_PAL	string	string	6.0	MS_CIM_V	2006			Diagnostic principal		
T_HADaaB	DGN_PAL1	string	string	6.0		2006			Diagnostic associé 1		
T_HADaaB	DGN_PAL2	string	string	6.0		2006			Diagnostic associé 2		
T_HADaaB	DGN_PAL3	string	string	6.0		2006			Diagnostic associé 3		
T_HADaaB	DGN_PAL4	string	string	6.0		2006			Diagnostic associé 4		
T_HADaaB	DGN_PAL5	string	string	6.0		2006			Diagnostic associé 5		
T_HADaaB	DGN_PAL6	string	string	6.0		2006			Diagnostic associé 6		
T_HADaaB	DGN_PAL7	string	string	6.0		2006			Diagnostic associé 7		
T_HADaaB	ENT_MOD	string	string	1.0	MS_PRV_V	2006			Mode d’entrée		
T_HADaaB	ENT_PRV	string	string	1.0	MS_PRV_V	2006			Provenance		
T_HADaaB	ETA_GRP_GHPC	string	string	4.0		2006			Groupage établissement : n° du GHPC		
T_HADaaB	ETA_GRP_RET	string	string	3.0		2006			Groupage établissement : code retour		
T_HADaaB	ETA_GRP_VER	string	string	2.0		2006			Groupage établissement : version de la classification		
T_HADaaB	ETA_NUM_EHPA	string	string	9.0		2006			Numéro FINESS EHPA		
T_HADaaB	ETA_NUM_EPMSI	string	string	9.0		2006			N° FINESS		
T_HADaaB	ETA_NUM_ESMS	string	string	9.0		2006			Numéro FINESS ESMS/SSIAD/SPASAD		
T_HADaaB	ETA_NUM_GEO	string	string	9.0		2006			Numéro FINESS  géographique		
T_HADaaB	ETA_NUM_JUR	string	string	9.0		2006			N° FINESS de l’établissement (code géographique)		
T_HADaaB	ETA_NUM_TWO	string	string	9.0		2006			Second n° FINESS		
T_HADaaB	ETB_TAR_NBR	integer	number	2.0		2006			Groupage établissement : nombre de zones tarifaires établissement (1 à 4)		
T_HADaaB	FAC_NUM	string	string	5.0		2006			N° séquentiel de facture		
T_HADaaB	FIN_ANN_SEQ	string	string	4.0		2006			Année de la date de fin de la séquence		
T_HADaaB	FIN_MOI_SEQ	string	string	2.0		2006			Mois de la date de fin de la séquence		
T_HADaaB	MOT_NFACT_AM	string	string	1.0		2006			Motif de la non facturation à l'assurance maladie		
T_HADaaB	NBR_ACT	integer	number	3.0		2006			Nombre d'actes		
T_HADaaB	NBR_DGN	integer	number	2.0		2006			Nombre de diagnostics associés		
T_HADaaB	NBR_DGN_MPA	integer	number	1.0		2006			Nombre de diagnostics liés au MPA (n2)		
T_HADaaB	NBR_DGN_MPP	integer	number	1.0		2006			Nombre de diagnostics liés au MPP (n1)		
T_HADaaB	PAT_TYP_DOM	string	string	1.0		2006			Type de lieu de domicile du patient		
T_HADaaB	PEC_ASS	string	string	2.0	IR_HAD_PEC_PAL	2006			Mode de prise en charge associé		
T_HADaaB	PEC_MOD_ASSO1	string	string	2.0		2006			Mode de prise en charge associé documentaire 1		
T_HADaaB	PEC_MOD_ASSO2	string	string	2.0		2006			Mode de prise en charge associé documentaire 2		
T_HADaaB	PEC_MOD_ASSO3	string	string	2.0		2006			Mode de prise en charge associé documentaire 3		
T_HADaaB	PEC_MOD_ASSO4	string	string	2.0		2006			Mode de prise en charge associé documentaire 4		
T_HADaaB	PEC_MOD_ASSO5	string	string	2.0		2006			Mode de prise en charge associé documentaire 5		
T_HADaaB	PEC_PAL	string	string	2.0	IR_HAD_PEC_PAL	2006			Mode de prise en charge principal		
T_HADaaB	POST_DEP	string	string	2.0		2006			Code postal		
T_HADaaB	RAPSS_NUM	string	string	3.0		2006			N° de version du format de RAPSS	H22 (inscrit par Paprica)	
T_HADaaB	RHAD_NUM	string	string	5.0		2006			N° séquentiel de séjour d'HAD	calculé par Paprica	
T_HADaaB	RPSS_VER	string	string	3.0		2006			N° de version du format du RPSS		
T_HADaaB	SEJ_FACT_AM	string	string	1.0		2006			Séjour facturable à l'assurance maladie		
T_HADaaB	SEJ_NAT	string	string	2.0		2006			Nature du séjour		
T_HADaaB	SEJ_NBJ	integer	number	3.0		2006			Nombre de journées dans le séjour	calculé par Paprica	
T_HADaaB	SEQ_DER	string	string	1.0		2006			Dernière séquence	calculé par Paprica, 1=oui, 2=non	
T_HADaaB	SEQ_NBJ	integer	number	3.0		2006			Nombre de journées dans la séquence	calculé par Paprica	
T_HADaaB	SEQ_NUM	string	string	2.0		2006			N° de la séquence dans le séjour	calculé par Paprica	
T_HADaaB	SEQ_SEJ	string	string	4.0		2006			Numéro de la séquence dans le séjour		
T_HADaaB	SEQ_SEJ_NBJ	integer	number	3.0		2006			Nombre de journées entre le début de la séquence et la date d’entrée du séjour	calculé par Paprica	
T_HADaaB	SOR_ANN	string	string	4.0		2006			Année de la date de sortie du séjour		
T_HADaaB	SOR_ANN_SSEQ	string	string	4.0		2006			Année de sortie de la sous-séquence	calculé par Paprica	
T_HADaaB	SOR_DES	string	string	1.0	MS_SOR_V	2006			Destination		
T_HADaaB	SOR_MOD	string	string	1.0	MS_SOR_V	2006			Mode de sortie		
T_HADaaB	SOR_MOI	string	string	2.0		2006			Mois de la date de sortie du séjour		
T_HADaaB	SOR_MOI_SSEQ	string	string	2.0		2006			Mois de sortie de la sous-séquence	calculé par Paprica	
T_HADaaB	SSEQ_NBJ	integer	number	3.0		2006			Nombre de journées de la sous-séquence	calculé par Paprica	
T_HADaaB	SSEQ_NUM	string	string	3.0		2006			Numéro de sous-séquence		
T_HADaaB	SSEQ_SEJ_DER	string	string	1.0		2006			Dernière sous séquence du séjour		
T_HADaaB	SSEQ_SEQ_DER	string	string	1.0		2006			Dernière sous-séquence de la séquence	calculé par Paprica, 1=oui, 2=non	
T_HADaaB	SSEQ_SEQ_NBJ	integer	number	3.0		2006			Nombre de journées entre le début de la sous-séquence et le début de la séquence	calculé par Paprica	
T_HADaaB	STC_URG	string	string	1.0		2006			Passage par une structure d'urgence		
T_HADaaB	ETA_NUM_EPMSI	string	string			2006			N° FINESS		
T_HADaaB	AUT_TYP_B	string	string			2006					
T_HADaaC	ART_51	string	string	1.0		2006			Article 51	Cette variable permet d’Identifier les séjours et actes et consultations externes relevant des expérimentations de l’article 51	
T_HADaaC	ART_51_RET	string	string	1.0		2006			Code retour contrôle Article 51		
T_HADaaC	COH_NAI_RET	string	string	1.0		2006			Code retour controle date de naissance		
T_HADaaC	COH_SEX_RET	string	string	1.0		2006			code retour controle coherence sexe		
T_HADaaC	DAT_RET	string	string	1.0		2006			Contrôle de cohérence de date	Les valeurs possibles appartiennent à l'ensemble {0,1}	
T_HADaaC	ENT_ANN	string	string	4.0		2006			Année d'entrée		
T_HADaaC	ENT_DAT	string	string	8.0		2006			Date d'entrée		
T_HADaaC	ENT_MOI	string	string	2.0		2006			Mois d'entrée		
T_HADaaC	ETA_NUM_EPMSI	string	string	9.0		2006			N° FINESS		
T_HADaaC	ETA_NUM_GEO	string	string	9.0		2006			Numéro FINESS de l’établissement (code géographique)		
T_HADaaC	ETA_NUM_JUR	string	string	9.0		2006			N° FINESS de l’établissement (code géographique)		
T_HADaaC	ETA_NUM_RET	string	string	1.0		2006			Code retour contrôle "N° FINESS d’inscription e-PMSI"		
T_HADaaC	ETA_NUM_TWO	string	string	9.0		2006			Second n° FINESS		
T_HADaaC	EXE_SOI_AMD	string	string	6.0		2006			Date d'entrée (format Année Mois)		
T_HADaaC	EXE_SOI_AMF	string	string	6.0		2006			Date de sortie (format Année Mois)		
T_HADaaC	EXE_SOI_DTD	date	date			2006			Date d'entrée (format date)		
T_HADaaC	EXE_SOI_DTF	date	date			2006			Date de sortie (format date)		
T_HADaaC	FHO_RET	string	string	1.0		2006			Code retour "fusion ANO_HOSP et HOSP-PMSI"	Les valeurs possibles appartiennent à l'ensemble {0,1,2,3}	
T_HADaaC	FORMAT	string	string	3.0		2006			N° format		
T_HADaaC	IPP_BEN_ANO	string	string	44.0		2006			N° d'identification permanent du patient anonymisé	valable pour un Finess PMSI, dans tous les champs d'hospitalisation; vide si IPP non renseigné ; à 44 X si IPP égal à 20 X.	
T_HADaaC	IPP_BEN_ANO_RET	string	string	1.0		2006			Code retour contrôle " N° d'identification permanent du patient"		
T_HADaaC	NAI_RET	string	string	1.0		2006			Code retour contrôle " date de naissance "	Résultat du contrôle de la variable " date de naissance ". Les valeurs possibles appartiennent à l’ensemble {0, 1, 2, 3, 4}	
T_HADaaC	NIR_ANO_17	string	string	17.0		2006			N° anonyme		
T_HADaaC	NIR_RET	string	string	1.0		2006			Code retour contrôle " n° sécurité sociale "	Résultat du contrôle de la variable " n° de sécurité sociale ". Les valeurs possibles appartiennent à l’ensemble {0, 1, 2, 3, 4}	
T_HADaaC	NUM_DAT_AT	string	string	9.0		2006			Numéro accident du travail ou date d’accident de droit commun		
T_HADaaC	NUM_DAT_AT_RET	string	string	1.0		2006			Code retour contrôle " Numéro accident du travail ou date d’accident de droit commun"	par défaut à 0 pour ex-OQN	
T_HADaaC	ORG_CPL_NUM	string	string	10.0		2006			N° d’organisme complémentaire		
T_HADaaC	ORG_CPL_NUM_RET	string	string	1.0		2006			Code retour contrôle " N° d’organisme complémentaire"	par défaut à 0 pour ex-OQN	
T_HADaaC	PMS_RET	string	string	1.0		2006			Code retour "fusion ANO-PMSI et fichier PMSI "	Les valeurs possibles appartiennent à l'ensemble {0,1}	
T_HADaaC	RHAD_NUM	string	string	5.0		2006			N° séquentiel de séjour d'HAD		
T_HADaaC	RNG_BEN	string	string	3.0		2006			Rang du bénéficiaire	Uniquement pour ex-DG,Attention différent de BEN_RNG_GEM	
T_HADaaC	RNG_BEN_RET	string	string	1.0		2006			Code retour contrôle « Rang du bénéficiaire »	par défaut à 0 pour ex-OQN ?	
T_HADaaC	RNG_NAI	string	string	1.0		2006			Rang de naissance	Uniquement pour ex-DG,Attention différent de BEN_RNG_GEM	
T_HADaaC	RNG_NAI_RET	string	string	1.0		2006			Code retour contrôle « Rang de naissance »	par défaut à 0 pour ex-OQN ?	
T_HADaaC	SEJ_LUN_ANN	string	string	4.0		2006			Année de la date d'entrée de séjour		
T_HADaaC	SEJ_LUN_MOI	string	string	2.0		2006			Mois de la date d'entrée de séjour		
T_HADaaC	SEJ_NUM	string	string	4.0		2006			N° de séjour		
T_HADaaC	SEJ_RET	string	string	1.0		2006			Code retour contrôle " n° d’identification administratif de séjour "	Résultat du contrôle de la variable " n° d’identification administratif de séjour ". Les valeurs possibles appartiennent à l’ensemble {0, 1}	
T_HADaaC	SEX_RET	string	string	1.0		2006			Code retour contrôle " sexe "	Résultat du contrôle de la variable " sexe ". Les valeurs possibles appartiennent à l’ensemble {0, 1, 2}	
T_HADaaC	SOR_ANN	string	string	4.0		2006			Année de sortie		
T_HADaaC	SOR_DAT	string	string	8.0		2006			Date de sortie		
T_HADaaC	SOR_MOI	string	string	2.0		2006			Mois de sortie		
T_HADaaC	VID_HOSP_FOR	string	string	3.0		2006			N° format VID-HOSP		
T_HADaaC	ETA_NUM_EPMSI	string	string			2006			N° FINESS		
T_HADaaD	DGN_ASS	string	string	6	MS_CIM_V	2010		2006,2007,2008,2009	Diagnostic associé		
T_HADaaD	ETA_NUM_EPMSI	string	string	9		2010		2006,2007,2008,2009	N° FINESS		
T_HADaaD	ETA_NUM_GEO	string	string	9		2017		2006,2007,2008,2009,2010,2011,2012,2013,2014,2015,2016	Numéro FINESS de l’établissement (code géographique)		
T_HADaaD	ETA_NUM_TWO	string	string	9		2010	2016	2006,2007,2008,2009,2017,2018,2019,2020,2021,2022,2023,2024	Second n° FINESS		
T_HADaaD	FAC_NUM	string	string	5		2020		2006,2007,2008,2009,2010,2011,2012,2013,2014,2015,2016,2017,2018,2019	Numéro de facture		
T_HADaaD	RHAD_NUM	string	string	5		2010		2006,2007,2008,2009	N° séquentiel de séjour d'HAD		
T_HADaaD	SEQ_NUM	string	string	2		2010		2006,2007,2008,2009	N° de la séquence dans le séjour		
T_HADaaD	SSEQ_NUM	string	string	3		2010		2006,2007,2008,2009	N° de la sous-séquence		
T_HADaaDMPA	DGN_ASS_MPA	string	string	6.0	MS_CIM_V	2006			Diagnostic lié au MPA		
T_HADaaDMPA	ETA_NUM_EPMSI	string	string	9.0		2006			N° FINESS		
T_HADaaDMPA	ETA_NUM_GEO	string	string	9.0		2006			Numéro FINESS de l’établissement (code géographique)		
T_HADaaDMPA	ETA_NUM_TWO	string	string	9.0		2006			Second n° FINESS		
T_HADaaDMPA	FAC_NUM	string	string	5.0		2006			Numéro de facture		
T_HADaaDMPA	RHAD_NUM	string	string	5.0		2006			N° séquentiel de séjour d'HAD		
T_HADaaDMPA	SEQ_NUM	string	string	2.0		2006			N° de la séquence dans le séjour		
T_HADaaDMPA	SSEQ_NUM	string	string	3.0		2006			N° de la sous-séquence		
T_HADaaDMPP	DGN_ASS_MPP	string	string	6.0	MS_CIM_V	2006			Diagnostic lié au MPP		
T_HADaaDMPP	ETA_NUM_EPMSI	string	string	9.0		2006			N° FINESS		
T_HADaaDMPP	ETA_NUM_GEO	string	string	9.0		2006			Numéro FINESS de l’établissement (code géographique)		
T_HADaaDMPP	ETA_NUM_TWO	string	string	9.0		2006			Second n° FINESS		
T_HADaaDMPP	FAC_NUM	string	string	5.0		2006			Numéro de facture		
T_HADaaDMPP	RHAD_NUM	string	string	5.0		2006			N° séquentiel de séjour d'HAD		
T_HADaaDMPP	SEQ_NUM	string	string	2.0		2006			N° de la séquence dans le séjour		
T_HADaaDMPP	SSEQ_NUM	string	string	3.0		2006			N° de la sous-séquence		
T_HADaaE	ANN_TRT	string	string	7		2006			N° du trimestre PMSI transmis		
T_HADaaE	COM_ETA	string	string	50		2020		2006,2007,2008,2009,2010,2011,2012,2013,2014,2015,2016,2017,2018,2019	Commentaires		
T_HADaaE	ETA_NUM	string	string	9		2006			N°FINESS		
T_HADaaE	ETB_EXE_FIN	string	string	8		2006			N°FINESS sans clef		
T_HADaaE	REG_ETA	string	string	22		2006			Région		
T_HADaaE	SOC_RAI	string	string	60		2006			Raison sociale		
T_HADaaE	STA_ETA	string	string	3		2006			Statut de l'établissement		
T_HADaaE	VAL_ETA	string	string	20		2006			Validation des données		
T_HADaaEHPA	ANN	string	string	4		2010		2006,2007,2008,2009	Année période		
T_HADaaEHPA	DAT_DEB_CON	string	string	8		2010		2006,2007,2008,2009	Date de début de la convention	Format JJMMAAAA	
T_HADaaEHPA	DAT_FIN_CON	string	string	8		2010		2006,2007,2008,2009	Date de fin de la convention	Format JJMMAAAA. Peut être laissé à blanc	
T_HADaaEHPA	ETA_NUM_EHPA	string	string	9		2010	2017	2006,2007,2008,2009,2018,2019,2020,2021,2022,2023,2024	N° FINESS ESMS		
T_HADaaEHPA	ETA_NUM_EPMSI	string	string	9		2010		2006,2007,2008,2009	N° FINESS		
T_HADaaEHPA	ETA_NUM_ESMS	string	string	2		2018		2006,2007,2008,2009,2010,2011,2012,2013,2014,2015,2016,2017	Type d'établissement	Liste disponible : circulaire n° DGOS/R4/DGCS/2013/107 du 18 mars 2013	
T_HADaaEHPA	ETA_TYP_ESMS	string	string	2		2015		2006,2007,2008,2009,2010,2011,2012,2013,2014	Type d'établissement	Liste disponible : circulaire n° DGOS/R4/DGCS/2013/107 du 18 mars 2013	
T_HADaaEHPA	FFT_COD	string	string	1		2010		2006,2007,2008,2009	Code forfait de soins		
T_HADaaEHPA	FIC_TYP	string	string	3		2010		2006,2007,2008,2009	Type de fichier	D01	
T_HADaaEHPA	MOI	string	string	2		2014		2006,2007,2008,2009,2010,2011,2012,2013	N° période (mois)		
T_HADaaEHPA	MOIS	string	string	2		2010	2011	2006,2007,2008,2009,2012,2013,2014,2015,2016,2017,2018,2019,2020,2021,2022,2023,2024	N° période (mois)		
T_HADaaFA	AGE_ANN	integer	number	3		2014		2006,2007,2008,2009,2010,2011,2012,2013	Age		
T_HADaaFA	AGE_JOU	integer	number	5		2020		2006,2007,2008,2009,2010,2011,2012,2013,2014,2015,2016,2017,2018,2019	Age en jours	en nombre de jours (date d'entrée du séjour - date de naissance) ; pour les moins d'1 an	
T_HADaaFA	BDI_COD	string	string	5		2020		2006,2007,2008,2009,2010,2011,2012,2013,2014,2015,2016,2017,2018,2019	Code géographique		
T_HADaaFA	BDI_DEP	string	string	2		2020		2006,2007,2008,2009,2010,2011,2012,2013,2014,2015,2016,2017,2018,2019	Code département		
T_HADaaFA	CMU_BEN_PAT	string	string	1		2012		2006,2007,2008,2009,2010,2011	Patient bénéficiaire de la CMU		
T_HADaaFA	COD_CIV	string	string	1		2010		2006,2007,2008,2009	Code civilité		
T_HADaaFA	COD_PEC	string	string	1		2017		2006,2007,2008,2009,2010,2011,2012,2013,2014,2015,2016	Code de prise en charge		
T_HADaaFA	COD_POST	string	string	5		2020		2006,2007,2008,2009,2010,2011,2012,2013,2014,2015,2016,2017,2018,2019	Code postal	Obligatoire dans le cas d'un RAPSS généré automatiquement : reporté automatiquement dans le RAPSS	
T_HADaaFA	COD_SEX	string	string	1		2010		2006,2007,2008,2009	Sexe		
T_HADaaFA	CON_TYP	string	string	2		2010		2006,2007,2008,2009	Type de contrat souscrit auprès d'un organisme complémentaire		
T_HADaaFA	ENT_ANN	string	string	4		2010	2019	2006,2007,2008,2009,2020,2021,2022,2023,2024	Année de la date d'entrée		
T_HADaaFA	ENT_MOI	string	string	2		2010	2019	2006,2007,2008,2009,2020,2021,2022,2023,2024	Mois de la date d'entrée		
T_HADaaFA	ETA_NUM_EPMSI	string	string	9		2010		2006,2007,2008,2009	N° FINESS		
T_HADaaFA	ETA_NUM_GEO	string	string	9		2017		2006,2007,2008,2009,2010,2011,2012,2013,2014,2015,2016	Numéro FINESS géographique		
T_HADaaFA	ETA_NUM_TWO	string	string	9		2010	2016	2006,2007,2008,2009,2017,2018,2019,2020,2021,2022,2023,2024	Second n° FINESS		
T_HADaaFA	EXE_SOI_AMD	string	string	6		2020		2006,2007,2008,2009,2010,2011,2012,2013,2014,2015,2016,2017,2018,2019	Date d'entrée du séjour (format Mois - Année)		
T_HADaaFA	EXE_SOI_AMF	string	string	6		2020		2006,2007,2008,2009,2010,2011,2012,2013,2014,2015,2016,2017,2018,2019	Date de sortie du séjour (format Mois - Année)		
T_HADaaFA	EXE_SOI_DTD	date	date	8		2020		2006,2007,2008,2009,2010,2011,2012,2013,2014,2015,2016,2017,2018,2019	Date d'entrée du séjour		
T_HADaaFA	EXE_SOI_DTF	date	date	8		2020		2006,2007,2008,2009,2010,2011,2012,2013,2014,2015,2016,2017,2018,2019	Date de sortie du séjour		
T_HADaaFA	EXO_TM	string	string	1		2010		2006,2007,2008,2009	Justification d'exonération du TM		
T_HADaaFA	FAC_ETL	string	string	1		2010		2006,2007,2008,2009	Etat de liquidation de la facture		
T_HADaaFA	FAC_NUM	string	string	5		2010		2006,2007,2008,2009	N° séquentiel de facture (idem RAPSS)		
T_HADaaFA	GES_COD	string	string	2		2017		2006,2007,2008,2009,2010,2011,2012,2013,2014,2015,2016	Code gestion		
T_HADaaFA	HON_AM_MNR	integer	number	8		2010		2006,2007,2008,2009	Total honoraire remboursable AM		
T_HADaaFA	HON_MNT	integer	number	2		2010		2006,2007,2008,2009	Total honoraire Facturé		
T_HADaaFA	HON_OC_MNR	integer	number	8		2010		2006,2007,2008,2009	Total remboursable OC pour les honoraires		
T_HADaaFA	NAT_ASS	string	string	2		2010		2006,2007,2008,2009	Nature assurance		
T_HADaaFA	NOE_RGM	string	string	2		2010		2006,2007,2008,2009	Code Gd régime		
T_HADaaFA	NUM_DAT_AT	string	string	9		2015		2006,2007,2008,2009,2010,2011,2012,2013,2014	Numéro accident du travail ou date d’accident de droit commun		
T_HADaaFA	OPE_NAT	string	string	1		2010		2006,2007,2008,2009	Nature opération		
T_HADaaFA	ORG_CPL_NUM	string	string	10		2015		2006,2007,2008,2009,2010,2011,2012,2013,2014	N° d’organisme complémentaire		
T_HADaaFA	PAS_OC_MNT	integer	number	8		2010		2006,2007,2008,2009	Total participation assuré avant OC		
T_HADaaFA	PH_AMO_MNR	integer	number	8		2010		2006,2007,2008,2009	Total remboursable AMO Prestation hospitalières		
T_HADaaFA	PH_BRM	integer	number	8		2010		2006,2007,2008,2009	Total Base Remboursement Prestation hospitalière		
T_HADaaFA	PH_MNT	integer	number	8		2010		2006,2007,2008,2009	Montant total facturé pour  PH		
T_HADaaFA	PH_OC_MNR	integer	number	8		2010		2006,2007,2008,2009	Total remboursable OC pour les PH		
T_HADaaFA	POST_DEP	string	string	2		2020		2006,2007,2008,2009,2010,2011,2012,2013,2014,2015,2016,2017,2018,2019	Code postal		
T_HADaaFA	RHAD_NUM	string	string	5		2010		2006,2007,2008,2009	Numéro séquentiel d'entrée (idem RAPSS)		
T_HADaaFA	RNG_BEN	string	string	3		2016		2006,2007,2008,2009,2010,2011,2012,2013,2014,2015	Rang de bénéficiaire		
T_HADaaFA	RNG_NAI	string	string	1		2016		2006,2007,2008,2009,2010,2011,2012,2013,2014,2015	Rang de naissance		
T_HADaaFA	SOR_ANN	string	string	4		2010	2019	2006,2007,2008,2009,2020,2021,2022,2023,2024	Année de la date de sortie		
T_HADaaFA	SOR_MOI	string	string	2		2010	2019	2006,2007,2008,2009,2020,2021,2022,2023,2024	Mois de la date de sortie		
T_HADaaFA	TYP_ART	string	string	1	MS_ENR_V	2010		2006,2007,2008,2009	Type d'enregistrement		
T_HADaaFB	ACT_COD	string	string	5	IR_ACT_COD	2010		2006,2007,2008,2009	Code acte		
T_HADaaFB	ACT_COE	string	string	5		2010		2006,2007,2008,2009	Cœfficient		
T_HADaaFB	ACT_NBR	integer	number	3		2010		2006,2007,2008,2009	Quantité		
T_HADaaFB	AMC_MNR	integer	number	7		2010		2006,2007,2008,2009	Montant remboursable par l'organisme complémentaire (AMC)		
T_HADaaFB	AMO_MNR	integer	number	8		2010		2006,2007,2008,2009	Montant Remboursable par la caisse (AMO)		
T_HADaaFB	DEL_DAT_ENT	integer	number	5		2013		2006,2007,2008,2009,2010,2011,2012	delai par rapport à la date d'entrée		
T_HADaaFB	ENT_ANN	string	string	4		2010	2019	2006,2007,2008,2009,2020,2021,2022,2023,2024	Année de la date de début de séjour		
T_HADaaFB	ENT_MOI	string	string	2		2010	2019	2006,2007,2008,2009,2020,2021,2022,2023,2024	Mois de la date de début de séjour		
T_HADaaFB	ETA_NUM_EPMSI	string	string	9		2010		2006,2007,2008,2009	N° FINESS		
T_HADaaFB	ETA_NUM_GEO	string	string	9		2017		2006,2007,2008,2009,2010,2011,2012,2013,2014,2015,2016	Numéro FINESS  géographique		
T_HADaaFB	ETA_NUM_TWO	string	string	9		2010	2016	2006,2007,2008,2009,2017,2018,2019,2020,2021,2022,2023,2024	Second n° FINESS		
T_HADaaFB	ETE_GHS_NUM	integer	number	4		2010		2006,2007,2008,2009	N° GHS		
T_HADaaFB	EXE_SOI_AMD	string	string	6		2020		2006,2007,2008,2009,2010,2011,2012,2013,2014,2015,2016,2017,2018,2019	Date d'entrée du séjour (format Mois - Année)		
T_HADaaFB	EXE_SOI_AMF	string	string	6		2020		2006,2007,2008,2009,2010,2011,2012,2013,2014,2015,2016,2017,2018,2019	Date de sortie du séjour (format Mois - Année)		
T_HADaaFB	EXE_SOI_DTD	date	date	8		2020		2006,2007,2008,2009,2010,2011,2012,2013,2014,2015,2016,2017,2018,2019	Date d'entrée du séjour		
T_HADaaFB	EXE_SOI_DTF	date	date	8		2020		2006,2007,2008,2009,2010,2011,2012,2013,2014,2015,2016,2017,2018,2019	Date de sortie du séjour		
T_HADaaFB	EXO_TM	string	string	1		2010		2006,2007,2008,2009	Justification exonération TM		
T_HADaaFB	FAC_MNT	integer	number	8		2010		2006,2007,2008,2009	Montant total de la dépense		
T_HADaaFB	FAC_NUM	string	string	5		2010		2006,2007,2008,2009	N° séquentiel de facture (idem RAPSS)		
T_HADaaFB	FJ_COD_PEC	string	string	1		2010		2006,2007,2008,2009	Code prise en charge FJ		
T_HADaaFB	GHT_NUM	string	string	4		2010		2006,2007,2008,2009	N° de GHT		
T_HADaaFB	HAD_COE	integer	number	5		2010		2006,2007,2008,2009	Cœfficient HAD		
T_HADaaFB	NOE_MNR	integer	number	8		2010		2006,2007,2008,2009	Montant remboursé NOEMIE Retour		
T_HADaaFB	NOE_OPE	string	string	3		2010		2006,2007,2008,2009	Nature opération récupération NOEMIE Retour		
T_HADaaFB	PRI_UNI	integer	number	7		2010		2006,2007,2008,2009	Prix Unitaire		
T_HADaaFB	PSH_DMT	string	string	3		2010		2006,2007,2008,2009	Discipline de prestation (ex DMT)		
T_HADaaFB	PSH_MDT	string	string	2		2010		2006,2007,2008,2009	Mode de traitement		
T_HADaaFB	REM_BAS	integer	number	8		2010		2006,2007,2008,2009	Montant Base remboursement		
T_HADaaFB	REM_TAU	integer	number	3		2010		2006,2007,2008,2009	Taux applicable à la prestation		
T_HADaaFB	RHAD_NUM	string	string	5		2010		2006,2007,2008,2009	Numéro séquentiel d'entrée (idem RAPSS)		
T_HADaaFB	SOR_ANN	string	string	4		2010	2019	2006,2007,2008,2009,2020,2021,2022,2023,2024	Année de la date de fin de séjour		
T_HADaaFB	SOR_MOI	string	string	2		2010	2019	2006,2007,2008,2009,2020,2021,2022,2023,2024	Mois de la date de fin de séjour		
T_HADaaFB	TYP_ART	string	string	1	MS_ENR_V	2010		2006,2007,2008,2009	Type d'enregistrement		
T_HADaaFC	ACT_ANN	string	string	4		2010	2019	2006,2007,2008,2009,2020,2021,2022,2023,2024	Année de la date de l'acte		
T_HADaaFC	ACT_COD	string	string	5	IR_ACT_COD	2010		2006,2007,2008,2009	Code acte		
T_HADaaFC	ACT_COE	integer	number	6		2010		2006,2007,2008,2009	Cœfficient		
T_HADaaFC	ACT_DNB	integer	number	2		2010		2006,2007,2008,2009	Dénombrement		
T_HADaaFC	ACT_MOI	string	string	2		2010	2019	2006,2007,2008,2009,2020,2021,2022,2023,2024	Mois de la date de l'acte		
T_HADaaFC	ACT_NBR	integer	number	2		2010		2006,2007,2008,2009	Quantité		
T_HADaaFC	AMC_MNR	integer	number	6		2010		2006,2007,2008,2009	Montant remboursable par AMC		
T_HADaaFC	AMO_MNR	integer	number	7		2010		2006,2007,2008,2009	Montant Remboursable par AMO		
T_HADaaFC	DEL_DAT_ENT	integer	number	5		2013		2006,2007,2008,2009,2010,2011,2012	delai par rapport à la date d'entrée		
T_HADaaFC	ETA_NUM_EPMSI	string	string	9		2010		2006,2007,2008,2009	N° FINESS		
T_HADaaFC	ETA_NUM_GEO	string	string	9		2017		2006,2007,2008,2009,2010,2011,2012,2013,2014,2015,2016	Numéro FINESS géographique		
T_HADaaFC	ETA_NUM_TWO	string	string	9		2010	2016	2006,2007,2008,2009,2017,2018,2019,2020,2021,2022,2023,2024	Second n° FINESS		
T_HADaaFC	EXE_SOI_AMD	string	string	6		2020		2006,2007,2008,2009,2010,2011,2012,2013,2014,2015,2016,2017,2018,2019	Date d'entrée du séjour (format Mois - Année)		
T_HADaaFC	EXE_SOI_DTD	date	date	8		2020		2006,2007,2008,2009,2010,2011,2012,2013,2014,2015,2016,2017,2018,2019	Date d'entrée du séjour		
T_HADaaFC	EXE_SPE	string	string	2		2017		2006,2007,2008,2009,2010,2011,2012,2013,2014,2015,2016	Spécialité exécutant		
T_HADaaFC	EXO_TM	string	string	1		2010		2006,2007,2008,2009	Justification exo TM		
T_HADaaFC	FAC_NUM	string	string	5		2010		2006,2007,2008,2009	N° séquentiel de facture (idem RAPSS)		
T_HADaaFC	HON_MNT	integer	number	7		2010		2006,2007,2008,2009	Montant des honoraire (dépassement compris)		
T_HADaaFC	NOE_MNR	integer	number	8		2010		2006,2007,2008,2009	Montant remboursé NOEMIE Retour		
T_HADaaFC	NOE_OPE	string	string	3		2010		2006,2007,2008,2009	Nature opération récupération NOEMIE Retour		
T_HADaaFC	PRI_UNI	integer	number	7		2010		2006,2007,2008,2009	Prix Unitaire		
T_HADaaFC	PSH_DMT	string	string	3		2010		2006,2007,2008,2009	Discipline de prestation (ex DMT)		
T_HADaaFC	PSH_MDT	string	string	2		2010		2006,2007,2008,2009	Mode de traitement		
T_HADaaFC	REM_BAS	integer	number	7		2010		2006,2007,2008,2009	Montant Base remboursement		
T_HADaaFC	REM_TAU	integer	number	3		2010		2006,2007,2008,2009	Taux Remboursement		
T_HADaaFC	RHAD_NUM	string	string	5		2010		2006,2007,2008,2009	Numéro séquentiel d'entrée (idem RAPSS)		
T_HADaaFC	TYP_ART	string	string	1	MS_ENR_V	2010		2006,2007,2008,2009	Type d'enregistrement		
T_HADaaFH	ACH_PRI	integer	number	7		2010		2006,2007,2008,2009	Prix d'achat unitaire TTC		
T_HADaaFH	COD_LES	string	string	7		2018		2006,2007,2008,2009,2010,2011,2012,2013,2014,2015,2016,2017	Code indication des spécialités pharmaceutiques inscrites sur la liste en sus	code_LES sur https://www.atih.sante.fr/unites-communes-de-dispensation-prises-en-charge-en-sus	
T_HADaaFH	COD_UCD	string	string	7	NU_UCD_R	2010		2006,2007,2008,2009	Code UCD		
T_HADaaFH	COE_TAU	integer	number	5		2010		2006,2007,2008,2009	Coefficient de fractionnement		
T_HADaaFH	DEL_DAT_ENT	integer	number	5		2013		2006,2007,2008,2009,2010,2011,2012	delai par rapport à la date d'entrée		
T_HADaaFH	ENT_ANN	string	string	4		2010	2019	2006,2007,2008,2009,2020,2021,2022,2023,2024	Année de la date de début de séjour		
T_HADaaFH	ENT_MOI	string	string	2		2010	2019	2006,2007,2008,2009,2020,2021,2022,2023,2024	Mois de la date de début de séjour		
T_HADaaFH	ETA_NUM_EPMSI	string	string	9		2010		2006,2007,2008,2009	Numéro FINESS		
T_HADaaFH	ETA_NUM_GEO	string	string	9		2017		2006,2007,2008,2009,2010,2011,2012,2013,2014,2015,2016	Numéro FINESS  géographique		
T_HADaaFH	ETA_NUM_TWO	string	string	9		2010	2016	2006,2007,2008,2009,2017,2018,2019,2020,2021,2022,2023,2024	Numéro FINESS de l’établissement (site géographique)		
T_HADaaFH	EXE_SOI_AMD	string	string	6		2020		2006,2007,2008,2009,2010,2011,2012,2013,2014,2015,2016,2017,2018,2019	Date d'entrée du séjour (format Mois - Année)		
T_HADaaFH	EXE_SOI_DTD	date	date	8		2020		2006,2007,2008,2009,2010,2011,2012,2013,2014,2015,2016,2017,2018,2019	Date d'entrée du séjour		
T_HADaaFH	FAC_NUM	string	string	5		2010		2006,2007,2008,2009	N° séquentiel de facture (idem RAPSS)		
T_HADaaFH	FAC_TOT	integer	number	7		2010		2006,2007,2008,2009	Montant total facturé TTC		
T_HADaaFH	MNT_UNI_ECA	integer	number	7		2010		2006,2007,2008,2009	Montant unitaire de l'écart indemnisable		
T_HADaaFH	QUA_COD	integer	number	3		2010		2006,2007,2008,2009	Quantité		
T_HADaaFH	RHAD_NUM	string	string	5		2010		2006,2007,2008,2009	Numéro séquentiel d'entrée (idem RAPSS)		
T_HADaaFH	TOT_MNT_ECA	integer	number	7		2010		2006,2007,2008,2009	Montant total de l'écart indemnisable		
T_HADaaFH	TYP_ART	string	string	1	MS_ENR_V	2010		2006,2007,2008,2009	Type d'enregistrement		
T_HADaaFH	UCD_UCD_COD	string	string	13	NU_UCD_R	2010		2006,2007,2008,2009	Code UCD sur 13 caractère avec 000 à gauche		
T_HADaaFI	DEL_DAT_ENT	integer	number	5		2014		2006,2007,2008,2009,2010,2011,2012,2013	delai par rapport a date entree		
T_HADaaFI	ENT_ANN	string	string	4		2014	2019	2006,2007,2008,2009,2010,2011,2012,2013,2020,2021,2022,2023,2024	Année de la date début de séjour		
T_HADaaFI	ENT_MOI	string	string	2		2014	2019	2006,2007,2008,2009,2010,2011,2012,2013,2020,2021,2022,2023,2024	Mois de la date début de séjour		
T_HADaaFI	ETA_NUM_EPMSI	string	string	9		2014		2006,2007,2008,2009,2010,2011,2012,2013	N° FINESS		
T_HADaaFI	ETA_NUM_GEO	string	string	9		2017		2006,2007,2008,2009,2010,2011,2012,2013,2014,2015,2016	Numéro FINESS  géographique		
T_HADaaFI	ETA_NUM_TWO	string	string	9		2014	2016	2006,2007,2008,2009,2010,2011,2012,2013,2017,2018,2019,2020,2021,2022,2023,2024	Second n° FINESS		
T_HADaaFI	ETB_NUM	string	string	14		2014		2006,2007,2008,2009,2010,2011,2012,2013	Etablissement de transfert ou de retour ou lieu d'exécution de l'acte		
T_HADaaFI	EXE_SOI_AMD	string	string	6		2020		2006,2007,2008,2009,2010,2011,2012,2013,2014,2015,2016,2017,2018,2019	Date d'entrée du séjour (format Mois - Année)		
T_HADaaFI	EXE_SOI_AMF	string	string	6		2020		2006,2007,2008,2009,2010,2011,2012,2013,2014,2015,2016,2017,2018,2019	Date de sortie du séjour (format Mois - Année)		
T_HADaaFI	EXE_SOI_DTD	date	date	8		2020		2006,2007,2008,2009,2010,2011,2012,2013,2014,2015,2016,2017,2018,2019	Date d'entrée du séjour		
T_HADaaFI	EXE_SOI_DTF	date	date	8		2020		2006,2007,2008,2009,2010,2011,2012,2013,2014,2015,2016,2017,2018,2019	Date de sortie du séjour		
T_HADaaFI	FAC_NUM	string	string	5		2014		2006,2007,2008,2009,2010,2011,2012,2013	N° séquentiel de facture (idem RAPSS)		
T_HADaaFI	RHAD_NUM	string	string	5		2014		2006,2007,2008,2009,2010,2011,2012,2013	Numéro séquentiel d'entrée (idem RAPSS)		
T_HADaaFI	SEJ_FIN	string	string	1		2014		2006,2007,2008,2009,2010,2011,2012,2013	Nature d'interruption ou de fin de séjour		
T_HADaaFI	SOR_ANN	string	string	4		2014	2019	2006,2007,2008,2009,2010,2011,2012,2013,2020,2021,2022,2023,2024	Année de la date fin de séjour		
T_HADaaFI	SOR_MOI	string	string	2		2014	2019	2006,2007,2008,2009,2010,2011,2012,2013,2020,2021,2022,2023,2024	Mois de la date fin de séjour		
T_HADaaFI	TYP_ART	string	string	1	MS_ENR_V	2014		2006,2007,2008,2009,2010,2011,2012,2013	Type d'enregistrement		
T_HADaaFL	ACT_NBR	integer	number	2		2012		2006,2007,2008,2009,2010,2011	Quantité acte		
T_HADaaFL	ANN_MOI	string	string	6		2012	2019	2006,2007,2008,2009,2010,2011,2020,2021,2022,2023,2024	Mois et année de l'acte		
T_HADaaFL	DEL_DAT_ENT	integer	number	5		2012		2006,2007,2008,2009,2010,2011	Delai par rapport à la date d'entrée rsfa		
T_HADaaFL	ETA_NUM_EPMSI	string	string	9		2012		2006,2007,2008,2009,2010,2011	N° FINESS		
T_HADaaFL	ETA_NUM_GEO	string	string	9		2017		2006,2007,2008,2009,2010,2011,2012,2013,2014,2015,2016	Numéro FINESS  géographique		
T_HADaaFL	ETA_NUM_TWO	string	string	9		2012	2016	2006,2007,2008,2009,2010,2011,2017,2018,2019,2020,2021,2022,2023,2024	Second n° FINESS		
T_HADaaFL	EXE_SOI_AMD	string	string	6		2020		2006,2007,2008,2009,2010,2011,2012,2013,2014,2015,2016,2017,2018,2019	Date d'entrée du séjour (format Mois - Année)		
T_HADaaFL	EXE_SOI_DTD	date	date	8		2020		2006,2007,2008,2009,2010,2011,2012,2013,2014,2015,2016,2017,2018,2019	Date d'entrée du séjour		
T_HADaaFL	FAC_NUM	string	string	5		2012		2006,2007,2008,2009,2010,2011	N° Facture séquentiel		
T_HADaaFL	NABM_COD	string	string	8	IR_BIO_R	2012		2006,2007,2008,2009,2010,2011	Code acte NABM		
T_HADaaFL	PSH_DMT	string	string	3		2012		2006,2007,2008,2009,2010,2011	Discipline de prestation (ex DMT)		
T_HADaaFL	PSH_MDT	string	string	2		2012		2006,2007,2008,2009,2010,2011	Mode de traitement		
T_HADaaFL	RHAD_NUM	string	string	5		2012		2006,2007,2008,2009,2010,2011	N° séquentiel		
T_HADaaFL	RNG_BEN	string	string	3		2017	2017	2006,2007,2008,2009,2010,2011,2012,2013,2014,2015,2016,2018,2019,2020,2021,2022,2023,2024	Rang gémellaire		
T_HADaaFL	TYP_ART	string	string	1	MS_ENR_V	2012		2006,2007,2008,2009,2010,2011	Type d'enregistrement		
T_HADaaFM	ACT_ANN	string	string	4		2010	2019	2006,2007,2008,2009,2020,2021,2022,2023,2024	Année de la date de l'acte		
T_HADaaFM	ACT_DAT_COMP	string	string	1		2010	2019	2006,2007,2008,2009,2020,2021,2022,2023,2024	Compatible avec la date de l'acte		
T_HADaaFM	ACT_MOI	string	string	2		2010	2019	2006,2007,2008,2009,2020,2021,2022,2023,2024	Mois de la date de l'acte		
T_HADaaFM	ACV_ACT	string	string	1		2010		2006,2007,2008,2009	Activité		
T_HADaaFM	ANP_ACT	string	string	1		2010		2006,2007,2008,2009	Association non prévue		
T_HADaaFM	CCAM_COD	string	string	13	XC_ACT_R	2010		2006,2007,2008,2009	Code CCAM		
T_HADaaFM	DEL_DAT_ENT	integer	number	5		2013		2006,2007,2008,2009,2010,2011,2012	delai par rapport à la date d'entrée		
T_HADaaFM	DENT_NUM_1	string	string	2		2010		2006,2007,2008,2009	N° dent 1		
T_HADaaFM	DENT_NUM_10	string	string	2		2010		2006,2007,2008,2009	N° dent 10		
T_HADaaFM	DENT_NUM_11	string	string	2		2010		2006,2007,2008,2009	N° dent 11		
T_HADaaFM	DENT_NUM_12	string	string	2		2010		2006,2007,2008,2009	N° dent 12		
T_HADaaFM	DENT_NUM_13	string	string	2		2010		2006,2007,2008,2009	N° dent 13		
T_HADaaFM	DENT_NUM_14	string	string	2		2010		2006,2007,2008,2009	N° dent 14		
T_HADaaFM	DENT_NUM_15	string	string	2		2010		2006,2007,2008,2009	N° dent 15		
T_HADaaFM	DENT_NUM_16	string	string	2		2010		2006,2007,2008,2009	N° dent 16		
T_HADaaFM	DENT_NUM_2	string	string	2		2010		2006,2007,2008,2009	N° dent 2		
T_HADaaFM	DENT_NUM_3	string	string	2		2010		2006,2007,2008,2009	N° dent 3		
T_HADaaFM	DENT_NUM_4	string	string	2		2010		2006,2007,2008,2009	N° dent 4		
T_HADaaFM	DENT_NUM_5	string	string	2		2010		2006,2007,2008,2009	N° dent 5		
T_HADaaFM	DENT_NUM_6	string	string	2		2010		2006,2007,2008,2009	N° dent 6		
T_HADaaFM	DENT_NUM_7	string	string	2		2010		2006,2007,2008,2009	N° dent 7		
T_HADaaFM	DENT_NUM_8	string	string	2		2010		2006,2007,2008,2009	N° dent 8		
T_HADaaFM	DENT_NUM_9	string	string	2		2010		2006,2007,2008,2009	N° dent 9		
T_HADaaFM	DOC_ACT	string	string	1		2010		2006,2007,2008,2009	Extension documentaire		
T_HADaaFM	ETA_NUM_EPMSI	string	string	9		2010		2006,2007,2008,2009	N° FINESS		
T_HADaaFM	ETA_NUM_GEO	string	string	9		2017		2006,2007,2008,2009,2010,2011,2012,2013,2014,2015,2016	Numéro FINESS  géographique		
T_HADaaFM	ETA_NUM_TWO	string	string	9		2010	2016	2006,2007,2008,2009,2017,2018,2019,2020,2021,2022,2023,2024	Second n° FINESS		
T_HADaaFM	EXE_SOI_AMD	string	string	6		2020		2006,2007,2008,2009,2010,2011,2012,2013,2014,2015,2016,2017,2018,2019	Date d'entrée du séjour (format Mois - Année)		
T_HADaaFM	EXE_SOI_DTD	date	date	8		2020		2006,2007,2008,2009,2010,2011,2012,2013,2014,2015,2016,2017,2018,2019	Date d'entrée du séjour		
T_HADaaFM	FAC_NUM	string	string	5		2010		2006,2007,2008,2009	N° séquentiel de facture (idem RAPSS)		
T_HADaaFM	MOD_ACT1	string	string	1		2010		2006,2007,2008,2009	Modificateur 1		
T_HADaaFM	MOD_ACT2	string	string	1		2010		2006,2007,2008,2009	Modificateur 2		
T_HADaaFM	MOD_ACT3	string	string	1		2010		2006,2007,2008,2009	Modificateur 3		
T_HADaaFM	MOD_ACT4	string	string	1		2010		2006,2007,2008,2009	Modificateur 4		
T_HADaaFM	PHA_ACT	string	string	1		2010		2006,2007,2008,2009	Phase		
T_HADaaFM	PSH_DMT	string	string	3		2010		2006,2007,2008,2009	Discipline de prestation (ex DMT)		
T_HADaaFM	PSH_MDT	string	string	2		2010		2006,2007,2008,2009	Mode de traitement		
T_HADaaFM	REM_EXP_ACT	string	string	1		2010		2006,2007,2008,2009	Code remb exceptionnel		
T_HADaaFM	RHAD_NUM	string	string	5		2010		2006,2007,2008,2009	Numéro séquentiel d'entrée (idem RAPSS)		
T_HADaaFM	TYP_ART	string	string	1	MS_ENR_V	2010		2006,2007,2008,2009	Type d'enregistrement		
T_HADaaFP	DEL_DAT_ENT	integer	number	5		2014		2006,2007,2008,2009,2010,2011,2012,2013	delai par rapport a date entree		
T_HADaaFP	ENT_ANN	string	string	4		2014	2019	2006,2007,2008,2009,2010,2011,2012,2013,2020,2021,2022,2023,2024	Année de la date début de séjour		
T_HADaaFP	ENT_MOI	string	string	2		2014	2019	2006,2007,2008,2009,2010,2011,2012,2013,2020,2021,2022,2023,2024	Mois de la date début de séjour		
T_HADaaFP	ETA_NUM_EPMSI	string	string	9		2014		2006,2007,2008,2009,2010,2011,2012,2013	N° FINESS		
T_HADaaFP	ETA_NUM_GEO	string	string	9		2017		2006,2007,2008,2009,2010,2011,2012,2013,2014,2015,2016	Numéro FINESS géographique		
T_HADaaFP	ETA_NUM_TWO	string	string	9		2014	2014	2006,2007,2008,2009,2010,2011,2012,2013,2015,2016,2017,2018,2019,2020,2021,2022,2023,2024	Numéro FINESS géographique		
T_HADaaFP	EXE_SOI_AMD	string	string	6		2020		2006,2007,2008,2009,2010,2011,2012,2013,2014,2015,2016,2017,2018,2019	Date d'entrée du séjour (format Mois - Année)		
T_HADaaFP	EXE_SOI_DTD	date	date	8		2020		2006,2007,2008,2009,2010,2011,2012,2013,2014,2015,2016,2017,2018,2019	Date d'entrée du séjour		
T_HADaaFP	FAC_MNT	integer	number	8		2014		2006,2007,2008,2009,2010,2011,2012,2013	Montant total facturé		
T_HADaaFP	FAC_NUM	string	string	5		2014		2006,2007,2008,2009,2010,2011,2012,2013	N° séquentiel de facture (idem RAPSS)		
T_HADaaFP	LPP_COD	string	string	13		2014		2006,2007,2008,2009,2010,2011,2012,2013	Code référence LPP		
T_HADaaFP	LPP_PRI_UNI	integer	number	8		2014		2006,2007,2008,2009,2010,2011,2012,2013	Prix d'achat unitaire		
T_HADaaFP	LPP_PU_DEV	integer	number	8		2014		2006,2007,2008,2009,2010,2011,2012,2013	Tarif référence LPP Prix Unitaire sur devis		
T_HADaaFP	LPP_QUA	integer	number	2		2014		2006,2007,2008,2009,2010,2011,2012,2013	Quantité		
T_HADaaFP	MNT_UNI_ECA	integer	number	8		2014		2006,2007,2008,2009,2010,2011,2012,2013	Montant unitaire de l'écart indemnisable		
T_HADaaFP	RHAD_NUM	string	string	5		2014		2006,2007,2008,2009,2010,2011,2012,2013	Numéro séquentiel d'entrée (idem RAPSS)		
T_HADaaFP	TIP_PRS_IDE	integer	number	13	NT_LPP	2014		2006,2007,2008,2009,2010,2011,2012,2013	Code LPP (13 c)		
T_HADaaFP	TOT_MNT_ECA	integer	number	8		2014		2006,2007,2008,2009,2010,2011,2012,2013	Montant total de l'écart indemnisable		
T_HADaaFP	TYP_ART	string	string	1	MS_ENR_V	2014		2006,2007,2008,2009,2010,2011,2012,2013	Type d'enregistrement		
T_HADaaGJ	ETA_NUM_GEO	string	string	9		2006	2006	2007,2008,2009,2010,2011,2012,2013,2014,2015,2016,2017,2018,2019,2020,2021,2022,2023,2024	Numéro FINESS  géographique		
T_HADaaGJ	ETA_NUM_JUR	string	string	9		2006	2006	2007,2008,2009,2010,2011,2012,2013,2014,2015,2016,2017,2018,2019,2020,2021,2022,2023,2024	N° FINESS juridique		
T_HADaaGJ	ETA_NUM_PMSI	string	string	9		2006	2006	2007,2008,2009,2010,2011,2012,2013,2014,2015,2016,2017,2018,2019,2020,2021,2022,2023,2024	N° FINESS		
T_HADaaGRE	ETA_NUM_EPMSI	string	string	9.0		2006			N° FINESS		
T_HADaaGRE	ETA_NUM_GEO	string	string	9.0		2006			Numéro FINESS de l’établissement (code géographique)		
T_HADaaGRE	ETA_NUM_JUR	string	string	9.0		2006			Numéro FINESS juridique		
T_HADaaGRE	ETA_NUM_TWO	string	string	9.0		2006			Second n° FINESS		
T_HADaaGRE	ETE_GHS_NUM	integer	number	8.0		2006			GHT au format numérique		
T_HADaaGRE	FAC_NUM	string	string	5.0		2006			Numéro de facture		
T_HADaaGRE	GHT_NBJ	integer	number	8.0		2006			Groupage Etablissement : nombre de jours		
T_HADaaGRE	GHT_NUM	string	string	2.0		2006			Groupage Etablissement : n° du GHT		
T_HADaaGRE	GRE_GRP_ETB	string	string	2.0		2006			Groupage Etablissement : nombre de zones tarifaires établissement (1 à 4)		
T_HADaaGRE	GRE_GRP_GHPC	string	string	4.0		2006			Groupage Etablissement : n° du GHPC		
T_HADaaGRE	GRE_GRP_RET	string	string	3.0		2006			Groupage Etablissement : code retour		
T_HADaaGRE	GRE_RPPS_VER	string	string	3.0		2006			Groupage établissement version de la classification		
T_HADaaGRE	RHAD_NUM	string	string	5.0		2006			N° séquentiel de séjour d'HAD		
T_HADaaGRE	SEQ_NUM	string	string	2.0		2006			N° de la séquence dans le séjour		
T_HADaaGRE	SEQ_SEJ	string	string	4.0		2006			Numéro de la séquence dans le séjour		
T_HADaaGRE	SSEQ_NUM	string	string	3.0		2006			N° de la sous-séquence		
T_HADaaGRP	ETA_NUM_EPMSI	string	string	9.0		2006			N° FINESS		
T_HADaaGRP	ETA_NUM_GEO	string	string	9.0		2006			Numéro FINESS de l’établissement (code géographique)		
T_HADaaGRP	ETA_NUM_JUR	string	string	9.0		2006			Numéro FINESS juridique		
T_HADaaGRP	ETA_NUM_TWO	string	string	9.0		2006			Second n° FINESS		
T_HADaaGRP	ETE_GHS_NUM	integer	number	2.0		2006			GHT_NUM en numérique		
T_HADaaGRP	FAC_NUM	string	string	5.0		2006			Numéro de facture		
T_HADaaGRP	GHT_NBJ	integer	number	8.0		2006			Groupage PAPRICA : nombre de jours		
T_HADaaGRP	GHT_NUM	string	string	2.0		2006			Groupage PAPRICA : n° du GHT		
T_HADaaGRP	PAP_GRP_GHPC	string	string	4.0		2006			Groupage PAPRICA : n° du GHPC		
T_HADaaGRP	PAP_GRP_RET	string	string	3.0		2006			Groupage PAPRICA : code retour		
T_HADaaGRP	PAP_GRP_VER	string	string	2.0		2006			Groupage établissement : version de la classification		
T_HADaaGRP	RHAD_NUM	string	string	5.0		2006			N° séquentiel de séjour d'HAD		
T_HADaaGRP	SEQ_NUM	string	string	2.0		2006			N° de la séquence dans le séjour		
T_HADaaGRP	SEQ_SEJ	string	string	4.0		2006			Numéro de la séquence dans le séjour		
T_HADaaGRP	SSEQ_NUM	string	string	3.0		2006			N° de la sous-séquence		
T_HADaaLEG	ANN	string	string	4		2014		2006,2007,2008,2009,2010,2011,2012,2013	Année période		
T_HADaaLEG	COD_ERR	string	string	4		2014		2006,2007,2008,2009,2010,2011,2012,2013	Code retour		
T_HADaaLEG	ETA_NUM_EPMSI	string	string	9		2014		2006,2007,2008,2009,2010,2011,2012,2013	N° FINESS		
T_HADaaLEG	FAC_NUM	string	string	5		2014	2019	2006,2007,2008,2009,2010,2011,2012,2013,2020,2021,2022,2023,2024	N° séquentiel de facture	pour OQN	
T_HADaaLEG	MOI	string	string	2		2014		2006,2007,2008,2009,2010,2011,2012,2013	Mois période		
T_HADaaLEG	RHAD_NUM	string	string	5		2014		2006,2007,2008,2009,2010,2011,2012,2013	N° séquentiel de séjour d'HAD/ N° séquentiel d'entrée		
T_HADaaLEG	SEQ_NUM	string	string	4		2014		2006,2007,2008,2009,2010,2011,2012,2013	Numéro de la séquence dans le séjour		
T_HADaaLEG	SSEQ_NUM	string	string	4		2014		2006,2007,2008,2009,2010,2011,2012,2013	Numéro de sous-séquence		
T_HADaaMED	ACH_PRI_ADM	string	string	10		2009		2006,2007,2008	Prix d'achat multiplié par le nombre administré	7+3 (millièmes d'euros)	
T_HADaaMED	ADM_ANN	string	string	4		2009		2006,2007,2008	Année de la date d'administration		
T_HADaaMED	ADM_MOIS	string	string	2		2009		2006,2007,2008	Mois de la date d'administration		
T_HADaaMED	ADM_NBR	integer	number	10		2009		2006,2007,2008	Nombre administré éventuellement fractionnaire	7+3 (millièmes d'UCD)	
T_HADaaMED	ANN	string	string	4		2009		2006,2007,2008	Année période		
T_HADaaMED	COD_LES	string	string	7		2018		2006,2007,2008,2009,2010,2011,2012,2013,2014,2015,2016,2017	Code indication des spécialités pharmaceutiques inscrites sur la liste en sus		
T_HADaaMED	DAT_DELAI	integer	number	4		2009		2006,2007,2008	Délai entre la date d’entrée du séjour et la date de dispensation		
T_HADaaMED	ETA_NUM_EPMSI	string	string	9		2009		2006,2007,2008	N° FINESS		
T_HADaaMED	FAC_NUM	string	string	5		2020		2006,2007,2008,2009,2010,2011,2012,2013,2014,2015,2016,2017,2018,2019	Numéro séquentiel de facture	renseigné pour les ES sous OQN ; vide sinon	
T_HADaaMED	INI_VAL_PRS	string	string	1		2010		2006,2007,2008,2009	Validation initiale de la prescription par un centre de référence ou de compétence		
T_HADaaMED	MOIS	string	string	2		2009		2006,2007,2008	N° période (mois)		
T_HADaaMED	PRS_TYP	string	string	2		2009		2006,2007,2008	Type de prestation	01	
T_HADaaMED	RHAD_NUM	string	string	5		2009		2006,2007,2008	N° séquentiel de séjour d'HAD		
T_HADaaMED	SEJ_NBR	integer	number	6		2009		2006,2007,2008	Nombre de séjours impliqués		
T_HADaaMED	SEQ_SEJ	string	string	4		2009		2006,2007,2008	Numéro de la séquence dans le séjour		
T_HADaaMED	SSEQ_NUM	string	string	3		2009		2006,2007,2008	Numéro de sous-séquence		
T_HADaaMED	TOP_UCD_AUTO	string	string	1		2015		2006,2007,2008,2009,2010,2011,2012,2013,2014	Top transcodage UCD13 auto	1=oui, 2=non	
T_HADaaMED	UCD_COD	string	string	9		2009	2014	2006,2007,2008,2015,2016,2017,2018,2019,2020,2021,2022,2023,2024	Code UCD		
T_HADaaMED	UCD_UCD_COD	string	string	13	NU_UCD_R	2009		2006,2007,2008	Code UCD sur 13 avec 0 à gauche		
T_HADaaMEDAPAC	ACH_PRI_ADM	string	string	10		2022		2006,2007,2008,2009,2010,2011,2012,2013,2014,2015,2016,2017,2018,2019,2020,2021	Prix d'achat multiplié par le nombre administré	7+3 (millièmes d'euros)	
T_HADaaMEDAPAC	ADM_ANN	string	string	4		2022		2006,2007,2008,2009,2010,2011,2012,2013,2014,2015,2016,2017,2018,2019,2020,2021	Année de la date d'administration		
T_HADaaMEDAPAC	ADM_MOIS	string	string	2		2022		2006,2007,2008,2009,2010,2011,2012,2013,2014,2015,2016,2017,2018,2019,2020,2021	Mois de la date d'administration		
T_HADaaMEDAPAC	ADM_NBR	integer	number	10		2022		2006,2007,2008,2009,2010,2011,2012,2013,2014,2015,2016,2017,2018,2019,2020,2021	Nombre administré éventuellement fractionnaire	7+3 (millièmes d'UCD)	
T_HADaaMEDAPAC	ANN	string	string	4		2022		2006,2007,2008,2009,2010,2011,2012,2013,2014,2015,2016,2017,2018,2019,2020,2021	Année période		
T_HADaaMEDAPAC	COD_LES	string	string	7		2022		2006,2007,2008,2009,2010,2011,2012,2013,2014,2015,2016,2017,2018,2019,2020,2021	Code indication des spécialités pharmaceutiques inscrites sur la liste en sus	code_LES sur https://www.atih.sante.fr/unites-communes-de-dispensation-prises-en-charge-en-sus	
T_HADaaMEDAPAC	DAT_DELAI	integer	number	4		2022		2006,2007,2008,2009,2010,2011,2012,2013,2014,2015,2016,2017,2018,2019,2020,2021	Délai entre la date d’entrée du séjour et la date de dispensation		
T_HADaaMEDAPAC	ETA_NUM_EPMSI	string	string	9		2022		2006,2007,2008,2009,2010,2011,2012,2013,2014,2015,2016,2017,2018,2019,2020,2021	N° FINESS		
T_HADaaMEDAPAC	FAC_NUM	string	string	5		2022		2006,2007,2008,2009,2010,2011,2012,2013,2014,2015,2016,2017,2018,2019,2020,2021	N° séquentiel de facture		
T_HADaaMEDAPAC	INI_VAL_PRS	string	string	1		2022		2006,2007,2008,2009,2010,2011,2012,2013,2014,2015,2016,2017,2018,2019,2020,2021	Validation initiale de la prescription par un centre de référence ou de compétence		
T_HADaaMEDAPAC	MOIS	string	string	2		2022		2006,2007,2008,2009,2010,2011,2012,2013,2014,2015,2016,2017,2018,2019,2020,2021	N° période (mois)		
T_HADaaMEDAPAC	PRS_TYP	string	string	2		2022		2006,2007,2008,2009,2010,2011,2012,2013,2014,2015,2016,2017,2018,2019,2020,2021	Type de prestation	01	
T_HADaaMEDAPAC	RHAD_NUM	string	string	5		2022		2006,2007,2008,2009,2010,2011,2012,2013,2014,2015,2016,2017,2018,2019,2020,2021	N° séquentiel de séjour d'HAD		
T_HADaaMEDAPAC	SEJ_NBR	integer	number	6		2022		2006,2007,2008,2009,2010,2011,2012,2013,2014,2015,2016,2017,2018,2019,2020,2021	Nombre de séjours impliqués		
T_HADaaMEDAPAC	SEQ_SEJ	string	string	4		2022		2006,2007,2008,2009,2010,2011,2012,2013,2014,2015,2016,2017,2018,2019,2020,2021	Numéro de la séquence dans le séjour		
T_HADaaMEDAPAC	SSEQ_NUM	string	string	3		2022		2006,2007,2008,2009,2010,2011,2012,2013,2014,2015,2016,2017,2018,2019,2020,2021	Numéro de sous-séquence		
T_HADaaMEDAPAC	TOP_UCD_AUTO	string	string	1		2022		2006,2007,2008,2009,2010,2011,2012,2013,2014,2015,2016,2017,2018,2019,2020,2021	Top transcodage UCD13 auto	1=oui, 2=non	
T_HADaaMEDAPAC	UCD_UCD_COD	string	string	13		2022		2006,2007,2008,2009,2010,2011,2012,2013,2014,2015,2016,2017,2018,2019,2020,2021	Code UCD sur 13 avec 0 à gauche		
T_HADaaMEDATU	ACH_PRI_ADM	string	string	10		2012	2021	2006,2007,2008,2009,2010,2011,2022,2023,2024	Prix d'achat multiplié par le nombre administré	7+3 (millièmes d'euros)	
T_HADaaMEDATU	ADM_ANN	string	string	4		2012	2021	2006,2007,2008,2009,2010,2011,2022,2023,2024	Année de la date d'administration		
T_HADaaMEDATU	ADM_MOIS	string	string	2		2012	2021	2006,2007,2008,2009,2010,2011,2022,2023,2024	Mois de la date d'administration		
T_HADaaMEDATU	ADM_NBR	integer	number	10		2012	2021	2006,2007,2008,2009,2010,2011,2022,2023,2024	Nombre administré éventuellement fractionnaire	7+3 (millièmes d'UCD)	
T_HADaaMEDATU	ANN	string	string	4		2012	2021	2006,2007,2008,2009,2010,2011,2022,2023,2024	Année période		
T_HADaaMEDATU	COD_LES	string	string	7		2019	2021	2006,2007,2008,2009,2010,2011,2012,2013,2014,2015,2016,2017,2018,2022,2023,2024	Code indication des spécialités pharmaceutiques inscrites sur la liste en sus	code_LES sur https://www.atih.sante.fr/unites-communes-de-dispensation-prises-en-charge-en-sus	
T_HADaaMEDATU	DAT_DELAI	integer	number	4		2012	2021	2006,2007,2008,2009,2010,2011,2022,2023,2024	Délai entre la date d’entrée du séjour et la date de dispensation		
T_HADaaMEDATU	ETA_NUM_EPMSI	string	string	9		2012	2021	2006,2007,2008,2009,2010,2011,2022,2023,2024	N° FINESS		
T_HADaaMEDATU	FAC_NUM	string	string	5		2014	2021	2006,2007,2008,2009,2010,2011,2012,2013,2022,2023,2024	N° séquentiel de facture		
T_HADaaMEDATU	INI_VAL_PRS	string	string	1		2012	2021	2006,2007,2008,2009,2010,2011,2022,2023,2024	Validation initiale de la prescription par un centre de référence ou de compétence		
T_HADaaMEDATU	MOIS	string	string	2		2012	2021	2006,2007,2008,2009,2010,2011,2022,2023,2024	N° période (mois)		
T_HADaaMEDATU	PRS_TYP	string	string	2		2012	2021	2006,2007,2008,2009,2010,2011,2022,2023,2024	Type de prestation	01	
T_HADaaMEDATU	RHAD_NUM	string	string	5		2012	2021	2006,2007,2008,2009,2010,2011,2022,2023,2024	N° séquentiel de séjour d'HAD		
T_HADaaMEDATU	SEJ_NBR	integer	number	6		2012	2021	2006,2007,2008,2009,2010,2011,2022,2023,2024	Nombre de séjours impliqués		
T_HADaaMEDATU	SEQ_SEJ	string	string	4		2012	2021	2006,2007,2008,2009,2010,2011,2022,2023,2024	Numéro de la séquence dans le séjour		
T_HADaaMEDATU	SSEQ_NUM	string	string	3		2012	2021	2006,2007,2008,2009,2010,2011,2022,2023,2024	Numéro de sous-séquence		
T_HADaaMEDATU	TOP_UCD_AUTO	string	string	1		2015	2021	2006,2007,2008,2009,2010,2011,2012,2013,2014,2022,2023,2024	Top transcodage UCD13 auto	1=oui, 2=non	
T_HADaaMEDATU	UCD_COD	string	string	9		2012	2014	2006,2007,2008,2009,2010,2011,2015,2016,2017,2018,2019,2020,2021,2022,2023,2024	Code UCD		
T_HADaaMEDATU	UCD_UCD_COD	string	string	13	NU_UCD_R	2012	2021	2006,2007,2008,2009,2010,2011,2022,2023,2024	Code UCD sur 13 avec 0 à gauche		
T_HADaaMEDCHL	ACH_PRI_ADM	integer	number	8		2016		2006,2007,2008,2009,2010,2011,2012,2013,2014,2015	Prix d'achat multiplié par le nombre administré	7+3 (millièmes d'euros)	
T_HADaaMEDCHL	ADM_ANN	string	string	4		2016		2006,2007,2008,2009,2010,2011,2012,2013,2014,2015	Année de la date d'administration		
T_HADaaMEDCHL	ADM_MOIS	string	string	2		2016		2006,2007,2008,2009,2010,2011,2012,2013,2014,2015	Mois de la date d'administration		
T_HADaaMEDCHL	ADM_NBR	integer	number	8		2016		2006,2007,2008,2009,2010,2011,2012,2013,2014,2015	Nombre administré éventuellement fractionnaire	7+3 (millièmes d'UCD)	
T_HADaaMEDCHL	ANN	string	string	4		2016		2006,2007,2008,2009,2010,2011,2012,2013,2014,2015	Année période		
T_HADaaMEDCHL	DAT_DELAI	integer	number	4		2016		2006,2007,2008,2009,2010,2011,2012,2013,2014,2015	Délai entre la date d’entrée du séjour et la date de dispensation		
T_HADaaMEDCHL	ETA_NUM_EPMSI	string	string	9		2016		2006,2007,2008,2009,2010,2011,2012,2013,2014,2015	N° FINESS		
T_HADaaMEDCHL	FAC_NUM	string	string	5		2016		2006,2007,2008,2009,2010,2011,2012,2013,2014,2015	N° séquentiel de facture		
T_HADaaMEDCHL	INI_VAL_PRS	string	string	1		2016		2006,2007,2008,2009,2010,2011,2012,2013,2014,2015	Validation initiale de la prescription par un centre de référence ou de compétence		
T_HADaaMEDCHL	MOIS	string	string	2		2016		2006,2007,2008,2009,2010,2011,2012,2013,2014,2015	N° période (mois)		
T_HADaaMEDCHL	PRS_TYP	string	string	2		2016		2006,2007,2008,2009,2010,2011,2012,2013,2014,2015	Type de prestation		
T_HADaaMEDCHL	RHAD_NUM	string	string	5		2016		2006,2007,2008,2009,2010,2011,2012,2013,2014,2015	N° séquentiel de séjour d'HAD		
T_HADaaMEDCHL	SEJ_NBR	integer	number	6		2016		2006,2007,2008,2009,2010,2011,2012,2013,2014,2015	Nombre de séjours impliqués		
T_HADaaMEDCHL	SEQ_SEJ	string	string	4		2016		2006,2007,2008,2009,2010,2011,2012,2013,2014,2015	Numéro de la séquence dans le séjour		
T_HADaaMEDCHL	SSEQ_NUM	string	string	4		2016		2006,2007,2008,2009,2010,2011,2012,2013,2014,2015	Numéro de sous-séquence		
T_HADaaMEDCHL	TOP_UCD_AUTO	string	string	1		2016		2006,2007,2008,2009,2010,2011,2012,2013,2014,2015	Top transcodage UCD13 auto	1=oui, 2=non	
T_HADaaMEDCHL	UCD_UCD_COD	string	string	13	NU_UCD_R	2016		2006,2007,2008,2009,2010,2011,2012,2013,2014,2015	Code UCD		
T_HADaaMON	ACH_PRI_ADM	integer	number	8.0		2006			Prix d'achat multiplié par le nombre administré	7+3 (millièmes d'euros)	
T_HADaaMON	ANN	string	string	4.0		2006			Année période		
T_HADaaMON	ETA_NUM_EPMSI	string	string	9.0		2006			N° FINESS		
T_HADaaMON	FIC_TYP	string	string	3.0		2006			Type de fichier		
T_HADaaMON	MOIS	string	string	2.0		2006			N° période (mois)		
T_HADaaMON	MOY_PRI	integer	number	8.0		2006			Prix moyen		
T_HADaaMON	UCD_COD	string	string	9.0		2006			Code UCD		
T_HADaaMON	UCD_NBR_ETH	integer	number	8.0		2006			Nombre d'UCD dispensées au titre des essais thérapeutiques		
T_HADaaMON	UCD_NBR_TOT	integer	number	8.0		2006			Nombre d'UCD dispensées totales		
T_HADaaMON	UCD_UCD_COD	string	string	13.0		2006			Code UCD		
T_HADaaMON	ACH_PRI_DER	string	string			2006			Dernier prix d'achat		
T_HADaaS	COD_SEX	string	string	1		2015		2006,2007,2008,2009,2010,2011,2012,2013,2014	Sexe du patient	Récupéré sur la dernière séquence du séjour	
T_HADaaS	ENT_MOD	string	string	1	MS_PRV_V	2015		2006,2007,2008,2009,2010,2011,2012,2013,2014	Mode d’entrée	Récupéré sur la dernière séquence du séjour	
T_HADaaS	ENT_PRV	string	string	1	MS_PRV_V	2015		2006,2007,2008,2009,2010,2011,2012,2013,2014	Provenance	Récupéré sur la dernière séquence du séjour	
T_HADaaS	ETA_NUM_EPMSI	string	string	9		2015		2006,2007,2008,2009,2010,2011,2012,2013,2014	N° FINESS		
T_HADaaS	ETA_NUM_GEO	string	string	9		2017		2006,2007,2008,2009,2010,2011,2012,2013,2014,2015,2016	Numéro FINESS de l’établissement (code géographique)		
T_HADaaS	ETA_NUM_TWO	string	string	9		2015	2016	2006,2007,2008,2009,2010,2011,2012,2013,2014,2017,2018,2019,2020,2021,2022,2023,2024	Second n° FINESS		
T_HADaaS	HAD_DUREE	integer	number	5		2015		2006,2007,2008,2009,2010,2011,2012,2013,2014	Durée couverte par les séquences (tous séjours)	à calculer par PAPRICA: somme à la dernière sous séquence du nombre de journées entre le début de la séquence et la date d’entrée du séjour + le nombre de journées entre le début de la sous-séquence et le début de la séquence+ le nombre de journées de la dernière sous-séquence	
T_HADaaS	RAPSS_NUM	string	string	3		2015		2006,2007,2008,2009,2010,2011,2012,2013,2014	Numéro de version du format de SRAPSS	H50 (inscrit par PAPRICA)	
T_HADaaS	RHAD_NUM	string	string	5		2015		2006,2007,2008,2009,2010,2011,2012,2013,2014	N° séquentiel de séjour d'HAD		
T_HADaaS	SEJ_ERR	string	string	1		2015		2006,2007,2008,2009,2010,2011,2012,2013,2014	indicateur de séjour 100% en erreur	à calculer par PAPRICA: si tous les GHPC du séjour de l'année sont à 9999;1=oui;2=non	
T_HADaaS	SEJ_FINI	string	string	1		2015		2006,2007,2008,2009,2010,2011,2012,2013,2014	Indicateur de séjour terminé	à calculer par PAPRICA: en fonction de l'indicateur de dernière séquence de la dernière sous-séquence trouvée1=oui;2=non	
T_HADaaS	SEJ_NBJ	integer	number	5		2015		2006,2007,2008,2009,2010,2011,2012,2013,2014	Nombre de journées dans le séjour = durée sur séjours terminés (date de sortie-date d'entrée)	Calculé par PAPRICA; non renseigné si séjour non terminé	
T_HADaaS	SOR_ANN	string	string	4		2015		2006,2007,2008,2009,2010,2011,2012,2013,2014	Année de la date de sortie du séjour	Non renseignée si séjour non terminé	
T_HADaaS	SOR_DES	string	string	1	MS_SOR_V	2015		2006,2007,2008,2009,2010,2011,2012,2013,2014	Destination	Récupéré sur la dernière séquence  du séjour	
T_HADaaS	SOR_MOD	string	string	1	MS_SOR_V	2015		2006,2007,2008,2009,2010,2011,2012,2013,2014	Mode de sortie	Récupéré sur la dernière séquence  du séjour	
T_HADaaS	SOR_MOI	string	string	2		2015		2006,2007,2008,2009,2010,2011,2012,2013,2014	Mois de la date de sortie du séjour	Non renseigné si séjour non terminé	
T_HADaaSTC	AME_DEB_FAC	string	string	6		2017		2006,2007,2008,2009,2010,2011,2012,2013,2014,2015,2016	Date d’entrée		
T_HADaaSTC	AME_FIN_FAC	string	string	6		2017		2006,2007,2008,2009,2010,2011,2012,2013,2014,2015,2016	Date de sortie		
T_HADaaSTC	AME_PEC	string	string	6		2017		2006,2007,2008,2009,2010,2011,2012,2013,2014,2015,2016	Date de prise en charge		
T_HADaaSTC	ART_51	string	string	1		2022		2006,2007,2008,2009,2010,2011,2012,2013,2014,2015,2016,2017,2018,2019,2020,2021	Article 51	Cette variable permet d’Identifier les séjours et actes et consultations externes relevant des expérimentations de l’article 51.	
T_HADaaSTC	ART_51_RET	string	string	1		2022		2006,2007,2008,2009,2010,2011,2012,2013,2014,2015,2016,2017,2018,2019,2020,2021	Code retour contrôle Article 51		
T_HADaaSTC	CAI_GES	string	string	3		2014		2006,2007,2008,2009,2010,2011,2012,2013	N° caisse gestionnaire		
T_HADaaSTC	CAI_GES_CTL	string	string	1		2014		2006,2007,2008,2009,2010,2011,2012,2013	Code retour contrôle « N° caisse gestionnaire »		
T_HADaaSTC	CAI_NUM	string	string	3		2017		2006,2007,2008,2009,2010,2011,2012,2013,2014,2015,2016	Délivrée par	Code de l’organisme ayant délivré l’attestation dedroits, la carte Vitale ou la prise en charge. (A prendre sur l’attestation de droits, la carte Vitale ou la prise en charge)	
T_HADaaSTC	CAI_NUM_CTL	string	string	1		2017		2006,2007,2008,2009,2010,2011,2012,2013,2014,2015,2016	Code retour contrôle "Délivrée par"		
T_HADaaSTC	CENT_GES	string	string	4		2014		2006,2007,2008,2009,2010,2011,2012,2013	N° centre gestionnaire		
T_HADaaSTC	CENT_GES_CTL	string	string	1		2014		2006,2007,2008,2009,2010,2011,2012,2013	Code retour contrôle « N° centre gestionnaire »		
T_HADaaSTC	COD_PEC_CTL	string	string	1		2007		2006	Contrôle code prise en charge forfait journalier		
T_HADaaSTC	DAT_DEB_FAC	date	date	8		2017		2006,2007,2008,2009,2010,2011,2012,2013,2014,2015,2016	Date d’entrée	Date d’entrée de l’hospitalisé dans l’établissement qui présente la facture (ou date de début de facturation). ATTENTION format différent de B2 JJMMAAAA	
T_HADaaSTC	DAT_DEB_FAC_CTL	string	string	1		2017		2006,2007,2008,2009,2010,2011,2012,2013,2014,2015,2016	Code retour contrôle "Date d’entrée"		
T_HADaaSTC	DAT_FIN_FAC	date	date	8		2017		2006,2007,2008,2009,2010,2011,2012,2013,2014,2015,2016	Date de sortie	Indiquer la date de sortie réelle si tel est le cas, ou la date limite de facturation s’il s’agit d’une facturation partielle. ATTENTION format différent de B2 JJMMAAAA	
T_HADaaSTC	DAT_FIN_FAC_CTL	string	string	1		2017		2006,2007,2008,2009,2010,2011,2012,2013,2014,2015,2016	Code retour contrôle "Date de sortie"		
T_HADaaSTC	DAT_HOS	string	string	8		2013		2006,2007,2008,2009,2010,2011,2012	Date de l’hospitalisation cryptee		
T_HADaaSTC	DAT_HOS_CTL	string	string	1		2013		2006,2007,2008,2009,2010,2011,2012	code retour controlme identifiant anonyme hosp		
T_HADaaSTC	DAT_PEC	string	string	8		2017		2006,2007,2008,2009,2010,2011,2012,2013,2014,2015,2016	Prise en charge établie le	Obligatoire si l’établissement a indiqué qu’il possède une prise en charge. Indiquer la date de prise en charge par l’organisme d’Assurance maladie.ATTENTION format différent de B2 JJMMAAAA	
T_HADaaSTC	DAT_PEC_CTL	string	string	1		2017		2006,2007,2008,2009,2010,2011,2012,2013,2014,2015,2016	Code retour contrôle "Prise en charge établie le"		
T_HADaaSTC	ENT_NUM	string	string	9		2014		2006,2007,2008,2009,2010,2011,2012,2013	N° d’entrée		
T_HADaaSTC	ENT_NUM_CTL	string	string	1		2014		2006,2007,2008,2009,2010,2011,2012,2013	Code retour contrôle « N° d’entrée »		
T_HADaaSTC	ETA_NUM_EPMSI	string	string	9		2007		2006	N° FINESS		
T_HADaaSTC	ETA_NUM_GEO	string	string	9		2017		2006,2007,2008,2009,2010,2011,2012,2013,2014,2015,2016	Numéro FINESS de l’établissement (code géographique)		
T_HADaaSTC	ETA_NUM_TWO	string	string	9		2007	2016	2006,2017,2018,2019,2020,2021,2022,2023,2024	Second n° FINESS		
T_HADaaSTC	EXO_TM	string	string	1		2007		2006	Code justification d’exonération du ticket modérateur	{0, 1, 2, 3, 4, 5, 6, 7, 8, 9, C, X} cf. annexe 9 du cahier des charges normes B2	
T_HADaaSTC	EXO_TM_CTL	string	string	1		2007		2006	Contrôle code justification d'exonération du TM		
T_HADaaSTC	FAC_18E	string	string	1		2007	2018	2006,2019,2020,2021,2022,2023,2024	Facturation du 18 euros	0 : Non / 1 : Oui	
T_HADaaSTC	FAC_18E_CTL	string	string	1		2007	2018	2006,2019,2020,2021,2022,2023,2024	Contrôle code facturation des 18 euros		
T_HADaaSTC	FAC_AMC_DT	string	string	8		2018	2021	2006,2007,2008,2009,2010,2011,2012,2013,2014,2015,2016,2017,2022,2023,2024	Date de facturation AMC	Indicateur SimphonieDate de l’envoi de la FT AMC	
T_HADaaSTC	FAC_AMC_DT_CTL	string	string	1		2018	2021	2006,2007,2008,2009,2010,2011,2012,2013,2014,2015,2016,2017,2022,2023,2024	Code retour contrôle " Date de facturation AMC "		
T_HADaaSTC	FAC_AMO_DT	string	string	8		2018	2021	2006,2007,2008,2009,2010,2011,2012,2013,2014,2015,2016,2017,2022,2023,2024	Date de facturation AMO	Indicateur SimphonieDate de l’envoi de la FT AMO	
T_HADaaSTC	FAC_AMO_DT_CTL	string	string	1		2018	2021	2006,2007,2008,2009,2010,2011,2012,2013,2014,2015,2016,2017,2022,2023,2024	Code retour contrôle " Date de facturation AMO "		
T_HADaaSTC	FAC_MNT_FJ	integer	number	10		2007		2006	Montant à facturer au titre du forfait journalier	8+2 : Montant en centimes d’euros	
T_HADaaSTC	FAC_MNT_FJ_CTL	string	string	1		2007		2006	Contrôle format montant à facturer au titre du FJ		
T_HADaaSTC	FAC_MNT_TM	integer	number	10		2007		2006	Montant à facturer au titre du ticket modérateur	8+2 : Montant en centimes d’euros	
T_HADaaSTC	FAC_MNT_TM_CTL	string	string	1		2007		2006	Contrôle format montant à facturer au titre du TM		
T_HADaaSTC	FAC_NBR_VEN	integer	number	3		2007		2006	Nombre de venues de la facture		
T_HADaaSTC	FAC_RAC_DT	string	string	8		2018	2021	2006,2007,2008,2009,2010,2011,2012,2013,2014,2015,2016,2017,2022,2023,2024	Date de facturation patient	Indicateur SimphonieDate de l’envoi de la FT patient	
T_HADaaSTC	FAC_RAC_DT_CTL	string	string	1		2018	2021	2006,2007,2008,2009,2010,2011,2012,2013,2014,2015,2016,2017,2022,2023,2024	Code retour contrôle " Date de facturation patient "		
T_HADaaSTC	FAC_SEJ_AM	string	string	1		2007		2006	Séjour facturable à l’assurance maladie	0 : non / 1 : oui / 2 : En attente de décision sur le taux de prise en charge du patient  / 3 : En attente de décision sur les droits du patient	
T_HADaaSTC	FJ_COD_PEC	string	string	1		2007		2006	Code de prise en charge du forfait journalier	{A, L, R,X} cf. annexe 16 du cahier des charges normes B2	
T_HADaaSTC	GES_COD	string	string	2		2014		2006,2007,2008,2009,2010,2011,2012,2013	Code gestion		
T_HADaaSTC	GES_COD_CTL	string	string	1		2014		2006,2007,2008,2009,2010,2011,2012,2013	Code retour controle «code gestion»		
T_HADaaSTC	GRG_COD	string	string	2		2008		2006,2007	Code grand régime		
T_HADaaSTC	GRG_COD_CTL	string	string	1		2008		2006,2007	Contrôle code grand régime		
T_HADaaSTC	MAJ_MNT_CTL	string	string	1		2007		2006	Contrôle format montant majoration parcours de soins		
T_HADaaSTC	MAJ_MNT_PS	integer	number	4		2007		2006	Montant lié à la majoration au parcours de soin	2+2 : Montant en centimes d’euros	
T_HADaaSTC	MNF_AM	string	string	1		2009		2006,2007,2008	Motif de la non facturation à l'assurance maladie		
T_HADaaSTC	MNF_AM_CTL	string	string	1		2009		2006,2007,2008	Code retour contrôle « motif de la non facturation à l'assurance maladie »		
T_HADaaSTC	NAT_ASS	string	string	2		2007		2006	Nature d’assurance	{10, 13, 30, 41, 90, XX} cf. normes B2: 10 : Maladie, 13 : Maladie régime local (Alsace – Moselle), 30 : Maternité, 41 : Accident du travail, 90 : Prévention maladie	
T_HADaaSTC	NAT_ASS_CTL	string	string	1		2007		2006	Contrôle code nature d'assurance		
T_HADaaSTC	NAT_PJ_DT	string	string	1		2017		2006,2007,2008,2009,2010,2011,2012,2013,2014,2015,2016	Nature de la pièce justificative des droits	JUSTIFICATION DES DROITS AMO	
T_HADaaSTC	NAT_PJ_DT_CTL	string	string	1		2017		2006,2007,2008,2009,2010,2011,2012,2013,2014,2015,2016	Code retour contrôle "Nature de la pièce justificative des droits"		
T_HADaaSTC	NBR_REJET_AMO	string	string	1		2018	2021	2006,2007,2008,2009,2010,2011,2012,2013,2014,2015,2016,2017,2022,2023,2024	Rejet AMO	Indicateur SimphonieNombre de fois où FT AMO a été rejetée (0 à 9)	
T_HADaaSTC	NBR_REJET_AMO_CTL	string	string	1		2018	2021	2006,2007,2008,2009,2010,2011,2012,2013,2014,2015,2016,2017,2022,2023,2024	Code retour contrôle " Rejet AMO "		
T_HADaaSTC	NBR_VEN_CTL	string	string	1		2007		2006	Contrôle format nombre de venues		
T_HADaaSTC	PA_COD	string	string	1		2014		2006,2007,2008,2009,2010,2011,2012,2013	Code participation assuré		
T_HADaaSTC	PA_COD_CTL	string	string	1		2014		2006,2007,2008,2009,2010,2011,2012,2013	Code retour contrôle « Code participation assuré »		
T_HADaaSTC	PAI_AMC_DT	string	string	8		2018	2021	2006,2007,2008,2009,2010,2011,2012,2013,2014,2015,2016,2017,2022,2023,2024	Date de paiement AMC	Indicateur SimphonieDate à laquelle la FT AMC est payée en totalité (statut S16)	
T_HADaaSTC	PAI_AMC_DT_CTL	string	string	1		2018	2021	2006,2007,2008,2009,2010,2011,2012,2013,2014,2015,2016,2017,2022,2023,2024	Code retour contrôle " Date de paiement AMC "		
T_HADaaSTC	PAI_AMO_DT	string	string	8		2018	2021	2006,2007,2008,2009,2010,2011,2012,2013,2014,2015,2016,2017,2022,2023,2024	Date de paiement AMO	Indicateur SimphonieDate à laquelle la FT AMO est payée en totalité (statut S16)	
T_HADaaSTC	PAI_AMO_DT_CTL	string	string	1		2018	2021	2006,2007,2008,2009,2010,2011,2012,2013,2014,2015,2016,2017,2022,2023,2024	Code retour contrôle " Date de paiement AMO "		
T_HADaaSTC	PAI_RAC_DT	string	string	8		2018	2021	2006,2007,2008,2009,2010,2011,2012,2013,2014,2015,2016,2017,2022,2023,2024	Date de paiement patient	Indicateur SimphonieDate à laquelle la FT patient est payée en totalité (statut S16)	
T_HADaaSTC	PAI_RAC_DT_CTL	string	string	1		2018	2021	2006,2007,2008,2009,2010,2011,2012,2013,2014,2015,2016,2017,2022,2023,2024	Code retour contrôle " Date de paiement patient "		
T_HADaaSTC	PAT_CMU	string	string	1		2011		2006,2007,2008,2009,2010	Patient bénéficiaire de la CMU		
T_HADaaSTC	PAT_CMU_CTL	string	string	1		2011		2006,2007,2008,2009,2010	Code retour contrôle « Patient bénéficiaire de la CMU »		
T_HADaaSTC	PAYS_ASS_PAT	string	string	3		2018		2006,2007,2008,2009,2010,2011,2012,2013,2014,2015,2016,2017	Pays d’assurance social	Code INSEE à 5 chiffres, sans les deux premiers chiffres 99. Ou bien code ISO ISO 3166-1 Alpha-3. Pour renseigner cette donnée, il est important de prendre en compte le contexte assurantiel du patient (et non son pays d’origine).Par exemple, un patient français peut avoir une assurance étrangère (anglaise, américaine ou autre…). De même, un patient américain peut avoir une assurance anglaise ou autre. Le code pays à renseigner est bien le code pays de l’assurance du patient. » Mettre 000 ou laisser à blanc quand l’information n’est pas disponible.	
T_HADaaSTC	PAYS_ASS_PAT_CTL	string	string	1		2018		2006,2007,2008,2009,2010,2011,2012,2013,2014,2015,2016,2017	Code retour contrôle "Pays assurance social"		
T_HADaaSTC	PEC_SOI_URG	string	string	1		2015		2006,2007,2008,2009,2010,2011,2012,2013,2014	Confirmation de la prise en charge dans le cadre du dispositif des soins urgents		
T_HADaaSTC	PEC_SOI_URG_CTL	string	string	1		2015		2006,2007,2008,2009,2010,2011,2012,2013,2014	Code retour contrôle "Confirmation de la prise en charge dans le cadre du dispositif des soins urgents"		
T_HADaaSTC	RAC_MNT_PAT	integer	number	8		2018	2021	2006,2007,2008,2009,2010,2011,2012,2013,2014,2015,2016,2017,2022,2023,2024	Montant total du séjour facturé au patient	Indicateur SimphonieMontant facturé au titre de la part patient	
T_HADaaSTC	RAC_MNT_PAT_CTL	string	string	1		2018	2021	2006,2007,2008,2009,2010,2011,2012,2013,2014,2015,2016,2017,2022,2023,2024	Code retour contrôle " Montant total du séjour facturé au patient "		
T_HADaaSTC	REG_PEC_ASS	string	string	3		2017		2006,2007,2008,2009,2010,2011,2012,2013,2014,2015,2016	Régime de prestation de l’assuré	A reprendre sur la prise en charge ou laisser à 000. Cette information est obligatoire, en cas de présence de types 2B/2C, pour les bénéficiaires relevant de la subsistance « F212 », au sens du décret du 22.12.1967 (ex : bénéficiaires hospitalisés MECS, ...)	
T_HADaaSTC	REG_PEC_ASS_CTL	string	string	1		2017		2006,2007,2008,2009,2010,2011,2012,2013,2014,2015,2016	Code retour contrôle "Régime de prestation de l’assuré"		
T_HADaaSTC	REM_BAS_CTL	string	string	1		2008		2006,2007	Contrôle montant base remboursement		
T_HADaaSTC	REM_BAS_MNT	integer	number	10		2008		2006,2007	Montant base remboursement	8+2 : Montant en centimes d’euros	
T_HADaaSTC	REM_TAU	integer	number	5		2008		2006,2007	Taux de remboursement		
T_HADaaSTC	REM_TAU_CTL	string	string	1		2008		2006,2007	Contrôle taux de remboursement		
T_HADaaSTC	RHAD_NUM	string	string	5		2007		2006	N° séquentiel de séjour d'HAD		
T_HADaaSTC	RNG_BEN	string	string	1		2014	2014	2006,2007,2008,2009,2010,2011,2012,2013,2015,2016,2017,2018,2019,2020,2021,2022,2023,2024	Rang du bénéficiaire		
T_HADaaSTC	RNG_BEN_CTL	string	string	1		2014	2014	2006,2007,2008,2009,2010,2011,2012,2013,2015,2016,2017,2018,2019,2020,2021,2022,2023,2024	Code retour contrôle « Rang du bénéficiaire »		
T_HADaaSTC	RNG_NAI	string	string	1		2014	2014	2006,2007,2008,2009,2010,2011,2012,2013,2015,2016,2017,2018,2019,2020,2021,2022,2023,2024	Rang de naissance		
T_HADaaSTC	RNG_NAI_CTL	string	string	1		2014	2014	2006,2007,2008,2009,2010,2011,2012,2013,2015,2016,2017,2018,2019,2020,2021,2022,2023,2024	Code retour contrôle « Rang de naissance »		
T_HADaaSTC	SEJ_FAC_CTL	string	string	1		2007		2006	Contrôle code séjour facturable à l'AM		
T_HADaaSTC	TOP_ECL_FLX	string	string	1		2017		2006,2007,2008,2009,2010,2011,2012,2013,2014,2015,2016	Top éclatement des flux par l’établissement	Valeur « F » : éclatement du flux à la source par l’établissement. La part AMC est transmise sur une facture distincte (hors CMU uniquement). A blanc : Pas d’éclatement à la source.	
T_HADaaSTC	TOP_ECL_FLX_CTL	string	string	1		2017		2006,2007,2008,2009,2010,2011,2012,2013,2014,2015,2016	Code retour contrôle "Top éclatement des flux par l’établissement"		
T_HADaaSTC	TOP_TMF	string	string	1		2019		2006,2007,2008,2009,2010,2011,2012,2013,2014,2015,2016,2017,2018	Facturation du ticket modérateur forfaitaire	0 : non / 1 : oui	
T_HADaaSTC	TOP_TMF_CTL	string	string	1		2019		2006,2007,2008,2009,2010,2011,2012,2013,2014,2015,2016,2017,2018	Code retour contrôle « ticket modérateur forfaitaire »		
T_HADaaSTC	TOT_MNT_AM	integer	number	10		2007		2006	Montant total du séjour remboursé par l’assurance maladie (i.e. hors prestations annexes)	8+2 : Montant en centimes d’euros	
T_HADaaSTC	TOT_MNT_AM_CTL	string	string	1		2007		2006	Contrôle format montant total remboursable par AM		
T_HADaaSTC	TOT_MNT_AMC	integer	number	10		2012		2006,2007,2008,2009,2010,2011	Montant total du séjour remboursé par l’assurance maladie (i.e. hors prestations annexes)	8+2 : Montant en centimes d’euros	
T_HADaaSTC	TOT_MNT_AMC_CTL	string	string	1		2012		2006,2007,2008,2009,2010,2011	Contrôle format montant total remboursable par AM		
T_HADaaSTC	TYP_CTR	string	string	2		2008		2006,2007	Type de contrat souscrit auprès d'un organisme complémentaire		
T_HADaaSTC	TYP_CTR_CTL	string	string	1		2008		2006,2007	Contrôle type de contrat souscrit auprès d'un organisme complémentaire		
T_HADaaSTC	VALID_FAC_AMC	string	string	1		2018	2021	2006,2007,2008,2009,2010,2011,2012,2013,2014,2015,2016,2017,2022,2023,2024	Statut FT AMC	0 : avant FT validée (statut S2 à S5)1 : FT validée (statut S6 à S12, S14, S19, et S20)2 : FT en NiNi (statut S13)3 : FT payée (S15+S16+S17+S18)9 :  sans objet	
T_HADaaSTC	VALID_FAC_AMC_CTL	string	string	1		2018	2021	2006,2007,2008,2009,2010,2011,2012,2013,2014,2015,2016,2017,2022,2023,2024	Code retour contrôle "Statut FT AMC"		
T_HADaaSTC	VALID_FAC_AMO	string	string	1		2018	2021	2006,2007,2008,2009,2010,2011,2012,2013,2014,2015,2016,2017,2022,2023,2024	Statut FT AMO	0 : avant FT validée (statut S2 à S5)1 : FT validée (statut S6 à S12, S14, S19, et S20)2 : FT en NiNi (statut S13)3 : FT payée (S15+S16+S17+S18)9 :  sans objet	
T_HADaaSTC	VALID_FAC_AMO_CTL	string	string	1		2018	2021	2006,2007,2008,2009,2010,2011,2012,2013,2014,2015,2016,2017,2022,2023,2024	Code retour contrôle "Statut FT AMO"		
T_HADaaSTC	VALID_FAC_RAC	string	string	1		2018	2021	2006,2007,2008,2009,2010,2011,2012,2013,2014,2015,2016,2017,2022,2023,2024	Statut FT patient	0 : avant FT validée (statut S2 à S5)1 : FT validée (statut S6 à S12, S14, S19, et S20)2 : FT en NiNi (statut S13)3 : FT payée (S15+S16+S17+S18)9 :  sans objet	
T_HADaaSTC	VALID_FAC_RAC_CTL	string	string	1		2018	2021	2006,2007,2008,2009,2010,2011,2012,2013,2014,2015,2016,2017,2022,2023,2024	Code retour contrôle "Statut FT"		
T_HADaaSUP_DSC	ACT_COD	string	string	7		2021	2023	2006,2007,2008,2009,2010,2011,2012,2013,2014,2015,2016,2017,2018,2019,2020,2024	Code de l'acte	Actes autorisés pour PCR :INF, MED, BIO, PRA, PCRActes autorisés pour TAG :INF, MED, BIO, ADBActes autorisés indépendemment du test (type de test = 3) :CCT, SEQ (seulement pour les établissements autorisés)Type de dépistage individuel ou collectif : uniquement pour les actes de prélèvement (INF, MED, BIO)Les prestations PRA et ADB n'acceptent aucun modificateur	
T_HADaaSUP_DSC	ANN_MOI	string	string	6		2021	2023	2006,2007,2008,2009,2010,2011,2012,2013,2014,2015,2016,2017,2018,2019,2020,2024	Année et Mois de la période de transmission		
T_HADaaSUP_DSC	ETA_NUM	string	string	9		2021	2023	2006,2007,2008,2009,2010,2011,2012,2013,2014,2015,2016,2017,2018,2019,2020,2024	Numéro FINESS ePMSI		
T_HADaaSUP_DSC	FIC_TYP	string	string	3		2021	2023	2006,2007,2008,2009,2010,2011,2012,2013,2014,2015,2016,2017,2018,2019,2020,2024	Type de fichier		
T_HADaaSUP_DSC	NBR_ACT	integer	number	8		2021	2023	2006,2007,2008,2009,2010,2011,2012,2013,2014,2015,2016,2017,2018,2019,2020,2024	Nombre d'actes réalisés		
T_HADaaSUP_DSC	PERIOD_ACT	integer	number	8		2021	2023	2006,2007,2008,2009,2010,2011,2012,2013,2014,2015,2016,2017,2018,2019,2020,2024	Période d'execution	RT-PCR :1 : 01/01/2021 - 16/03/20212 : à partir du 17/03/2021PRA et ADB :1 : 01/01/2021 - 31/03/20212 : à partir du 01/04/2021Pour les autres prestations, égal à 1 par défaut	
T_HADaaSUP_DSC	PMP	integer	number	8		2021	2021	2006,2007,2008,2009,2010,2011,2012,2013,2014,2015,2016,2017,2018,2019,2020,2022,2023,2024	Prix moyen pondéré par l'effectif des autotests du personnel non vacciné du 08/08/2021 au 15/10/2021	Par exemple si 3 types d'autotests ont été réalisés dans une population n, test 1 au prix p1 pour n1 patients, test 2 au prix p2 pour n2 patients, test 3 au prix p3 pour n3 patients, le prix moyen pondéré (PMP) sera :PMP = (n1*p1+n2*p2+n3*p3)/n	
T_HADaaSUP_DSC	TYP_TEST	integer	number	8		2021	2023	2006,2007,2008,2009,2010,2011,2012,2013,2014,2015,2016,2017,2018,2019,2020,2024	Type de tests	Le recueil PCR ne concerne que les établissements ex-DG et sous DAF	
T_HADaaSUP_PREADMI	ANN	string	string	4		2022		2006,2007,2008,2009,2010,2011,2012,2013,2014,2015,2016,2017,2018,2019,2020,2021	Année de la période de transmission		
T_HADaaSUP_PREADMI	ETA_NUM_EPMSI	string	string	9		2022		2006,2007,2008,2009,2010,2011,2012,2013,2014,2015,2016,2017,2018,2019,2020,2021	Numéro FINESS ePMSI		
T_HADaaSUP_PREADMI	ETA_NUM_GEO	string	string	9		2022		2006,2007,2008,2009,2010,2011,2012,2013,2014,2015,2016,2017,2018,2019,2020,2021	Numéro FINESS géographique		
T_HADaaSUP_PREADMI	FIC_TYP	string	string	3		2022		2006,2007,2008,2009,2010,2011,2012,2013,2014,2015,2016,2017,2018,2019,2020,2021	Type de fichier		
T_HADaaSUP_PREADMI	MOIS	string	string	2		2022		2006,2007,2008,2009,2010,2011,2012,2013,2014,2015,2016,2017,2018,2019,2020,2021	Mois de la période de transmission		
T_HADaaSUP_PREADMI	NBR_PAT	string	string	5		2022	2022	2006,2007,2008,2009,2010,2011,2012,2013,2014,2015,2016,2017,2018,2019,2020,2021,2023,2024	Nombre de patients		
T_HADaaSUP_PREADMI	NBR_PAT_EPAD	string	string	5		2023		2006,2007,2008,2009,2010,2011,2012,2013,2014,2015,2016,2017,2018,2019,2020,2021,2022	Nombre de patients en EHPAD		
T_HADaaSUP_PREADMI	NBR_PAT_ESMS	string	string	5		2023		2006,2007,2008,2009,2010,2011,2012,2013,2014,2015,2016,2017,2018,2019,2020,2021,2022	Nombre de patients dans les autres ESMS (hors EHPAD)		
T_HADaaSUP_PREADMI	NBR_PAT_ETSO	string	string	5		2023		2006,2007,2008,2009,2010,2011,2012,2013,2014,2015,2016,2017,2018,2019,2020,2021,2022	Nombre de patients dans les établissements sociaux		
T_HADaaVALO	COEF_HAD	integer	number	8		2015		2006,2007,2008,2009,2010,2011,2012,2013,2014	COEF_HAD		
T_HADaaVALO	ETA_NUM	string	string	9		2015		2006,2007,2008,2009,2010,2011,2012,2013,2014	Numéro FINESS ePMSI		
T_HADaaVALO	GHT1	string	string	2		2015		2006,2007,2008,2009,2010,2011,2012,2013,2014	GHT1		
T_HADaaVALO	GHT2	string	string	2		2015		2006,2007,2008,2009,2010,2011,2012,2013,2014	GHT2		
T_HADaaVALO	GHT3	string	string	2		2015		2006,2007,2008,2009,2010,2011,2012,2013,2014	GHT3		
T_HADaaVALO	GHT4	string	string	2		2015		2006,2007,2008,2009,2010,2011,2012,2013,2014	GHT4		
T_HADaaVALO	MNT_GHT_AM	integer	number	8		2015		2006,2007,2008,2009,2010,2011,2012,2013,2014	MNT_GHT_AM		
T_HADaaVALO	MNT_GHT_BR	integer	number	8		2015		2006,2007,2008,2009,2010,2011,2012,2013,2014	MNT_GHT_BR		
T_HADaaVALO	MNT_MED_APAC	integer	number	8		2022		2006,2007,2008,2009,2010,2011,2012,2013,2014,2015,2016,2017,2018,2019,2020,2021	MNT_MED_APAC		
T_HADaaVALO	MNT_MED_ATU	integer	number	8		2017	2021	2006,2007,2008,2009,2010,2011,2012,2013,2014,2015,2016,2022,2023,2024	MNT_MED_ATU		
T_HADaaVALO	MNT_MON	integer	number	8		2015		2006,2007,2008,2009,2010,2011,2012,2013,2014	MNT_MON		
T_HADaaVALO	MNT_TOT_AM	integer	number	8		2015		2006,2007,2008,2009,2010,2011,2012,2013,2014	MNT_TOT_AM		
T_HADaaVALO	MNT_TOT_BR	integer	number	8		2015		2006,2007,2008,2009,2010,2011,2012,2013,2014	MNT_TOT_BR		
T_HADaaVALO	MOTIF_NON_VALO	string	string	2		2016		2006,2007,2008,2009,2010,2011,2012,2013,2014,2015	Motif de non valorisation		
T_HADaaVALO	NBJ1	integer	number	8		2015		2006,2007,2008,2009,2010,2011,2012,2013,2014	NBJ1		
T_HADaaVALO	NBJ2	integer	number	8		2015		2006,2007,2008,2009,2010,2011,2012,2013,2014	NBJ2		
T_HADaaVALO	NBJ3	integer	number	8		2015		2006,2007,2008,2009,2010,2011,2012,2013,2014	NBJ3		
T_HADaaVALO	NBJ4	integer	number	8		2015		2006,2007,2008,2009,2010,2011,2012,2013,2014	NBJ4		
T_HADaaVALO	RHAD_NUM	string	string	5		2015		2006,2007,2008,2009,2010,2011,2012,2013,2014	Numéro séquentiel d'entrée (idem RAPSS)		
T_HADaaVALO	SEQ_NUM	string	string	4		2015		2006,2007,2008,2009,2010,2011,2012,2013,2014	N° de la séquence dans le séjour		
T_HADaaVALO	SSEQ_NUM	string	string	4		2015		2006,2007,2008,2009,2010,2011,2012,2013,2014	N° de la sous-séquence		
T_HADaaVALO	TAUX	string	string	3		2015		2006,2007,2008,2009,2010,2011,2012,2013,2014	Taux		
T_HADaaVALO	VALO	string	string	1		2015		2006,2007,2008,2009,2010,2011,2012,2013,2014	Valorisation		
T_MCOaaA	ACT_ORD_NUM	integer	number	4		2019		2006,2007,2008,2009,2010,2011,2012,2013,2014,2015,2016,2017,2018	Numero d'ordre de l'acte CCAM par couple eta_num rsa_num		
T_MCOaaA	ACV_ACT	string	string	1		2006			Activité		
T_MCOaaA	ANP_ACT	string	string	1		2006			Association non prévue		
T_MCOaaA	CDC_ACT	string	string	7	XC_ACT_R	2006			Code CCAM		
T_MCOaaA	CMP_DAT	string	string	1		2010		2006,2007,2008,2009	Dates de validité de l'acte compatibles avec les dates du RUM	1 : oui, 2 : non	
T_MCOaaA	DOC_ACT	string	string	1		2006			Extension documentaire		
T_MCOaaA	ENT_DAT_DEL	string	string	3		2006			Délai depuis la date d'entrée		
T_MCOaaA	ETA_NUM	string	string	9		2006			Numéro FINESS		
T_MCOaaA	EXT_PMSI	string	string	3		2015		2006,2007,2008,2009,2010,2011,2012,2013,2014	Extension PMSI		
T_MCOaaA	MOD_ACT	string	string	4		2006			Modificateurs		
T_MCOaaA	NBR_EXE_ACT	integer	number	2		2006			Nombre de réalisations de l'acte n° 1 pendant le séjour		
T_MCOaaA	PHA_ACT	string	string	1		2006			Phase		
T_MCOaaA	REM_EXP_ACT	string	string	1		2006			Remboursement exceptionnel		
T_MCOaaA	RSA_NUM	string	string	10		2006			N° d'index du RSA		
T_MCOaaA	RSS_NUM	string	string	3		2006			Numéro de version du format du RSA		
T_MCOaaA	RUM_SEQ	string	string	2		2008	2009	2006,2007,2010,2011,2012,2013,2014,2015,2016,2017,2018,2019,2020,2021,2022,2023,2024	N° séquentiel du RUM ayant fourni le DP		
T_MCOaaB	ADMIN_RH	string	string	1		2020		2006,2007,2008,2009,2010,2011,2012,2013,2014,2015,2016,2017,2018,2019	Administration d'un produit de la RH		
T_MCOaaB	AGE_ANN	integer	number	8		2006			Age en années		
T_MCOaaB	AGE_GES	integer	number	8		2008		2006,2007	Age gestationnel		
T_MCOaaB	AGE_JOU	integer	number	8		2006			Age en jours		
T_MCOaaB	ANN_IVG_PREC	string	string	4		2015	2016	2006,2007,2008,2009,2010,2011,2012,2013,2014,2017,2018,2019,2020,2021,2022,2023,2024	Année de l’IVG précédente		
T_MCOaaB	ANT_SUP_NBR	integer	number	8		2012		2006,2007,2008,2009,2010,2011	Nombre de suppléments antepartum		
T_MCOaaB	AUT_PGV_NBR	integer	number	8		2012		2006,2007,2008,2009,2010,2011	Nombre d'autorisations d'unités médicales à portée globale valides (Nb_AutPGV)		
T_MCOaaB	BDI_COD	string	string	5		2006			Code géographique de résidence		
T_MCOaaB	BDI_DEP	string	string	2		2006			Code département de résidence		
T_MCOaaB	BEB_SEJ	string	string	1		2006			Type de séjour inférieur à la borne extrême basse		
T_MCOaaB	BEH_NBJ	integer	number	8		2006			Nombre de journées au-delà de la borne extrême haute		
T_MCOaaB	CAI_SUP_NBR	integer	number	8		2006			Nombre de suppléments caisson hyperbare		
T_MCOaaB	CAT_NB_INTER	string	string	1		2020		2006,2007,2008,2009,2010,2011,2012,2013,2014,2015,2016,2017,2018,2019	Catégorie du nombre d'interventions totales		
T_MCOaaB	COD_IGS	string	string	3		2006	2009	2010,2011,2012,2013,2014,2015,2016,2017,2018,2019,2020,2021,2022,2023,2024	IGS 2		
T_MCOaaB	COD_POST	string	string	5		2020		2006,2007,2008,2009,2010,2011,2012,2013,2014,2015,2016,2017,2018,2019	Code postal		
T_MCOaaB	COD_SEX	string	string	1		2006			Sexe		
T_MCOaaB	CONTEXTE_PAT	string	string	1		2020		2006,2007,2008,2009,2010,2011,2012,2013,2014,2015,2016,2017,2018,2019	Contexte patient / Surveillance particulière		
T_MCOaaB	DEL_REG_ENT	integer	number	3		2011		2006,2007,2008,2009,2010	Délai de la date des dernières règles par rapport à la date d'entrée		
T_MCOaaB	DGN_PAL	string	string	6	MS_CIM_V	2006			Diagnostic principal (DP)		
T_MCOaaB	DGN_REL	string	string	6	MS_CIM_V	2006			Diagnostic relié (DR)		
T_MCOaaB	DLY_ACT	string	string	4		2006	2014	2015,2016,2017,2018,2019,2020,2021,2022,2023,2024	Forfait dialyse		
T_MCOaaB	DOS_TYP	string	string	1		2009		2006,2007,2008	Type de dosimétrie		
T_MCOaaB	ENT_MOD	string	string	1	MS_PRV_V	2006			Mode d'entrée dans le champ du PMSI-MCO		
T_MCOaaB	ENT_PRV	string	string	1	MS_PRV_V	2006			Provenance		
T_MCOaaB	ETA_NUM	string	string	9		2006			Numéro FINESS		
T_MCOaaB	ETE_GHS_NUM	integer	number	4		2006			Numéro de GHS (du GHM GENRSA)		
T_MCOaaB	EXB_NBJ	integer	number	8		2009		2006,2007,2008	Nb journées EXB		
T_MCOaaB	FAIS_NBR	integer	number	1		2010	2014	2006,2007,2008,2009,2015,2016,2017,2018,2019,2020,2021,2022,2023,2024	Nombre de faisceaux		
T_MCOaaB	GHM_24705Z_ACT	integer	number	4		2006	2007	2008,2009,2010,2011,2012,2013,2014,2015,2016,2017,2018,2019,2020,2021,2022,2023,2024	Nombre d'actes menant dans le GHM 24Z05Z ou 28Z11Z		
T_MCOaaB	GHM_24706Z_ACT	integer	number	4		2006	2007	2008,2009,2010,2011,2012,2013,2014,2015,2016,2017,2018,2019,2020,2021,2022,2023,2024	Nombre d'actes menant dans le GHM 24Z06Z ou 28Z12Z		
T_MCOaaB	GHM_24707Z_ACT	integer	number	4		2006	2007	2008,2009,2010,2011,2012,2013,2014,2015,2016,2017,2018,2019,2020,2021,2022,2023,2024	Nombre d'actes menant dans le GHM 24Z07Z ou 28Z13Z		
T_MCOaaB	GHS_6523_ACT	integer	number	4		2009	2010	2006,2007,2008,2011,2012,2013,2014,2015,2016,2017,2018,2019,2020,2021,2022,2023,2024	Nombre d'actes menant dans le GHS 6523		
T_MCOaaB	GHS_9510_ACT	integer	number	4		2008	2008	2006,2007,2009,2010,2011,2012,2013,2014,2015,2016,2017,2018,2019,2020,2021,2022,2023,2024	Nombre d'actes menant dans le GHS 9510		
T_MCOaaB	GHS_9511_ACT	integer	number	4		2008	2008	2006,2007,2009,2010,2011,2012,2013,2014,2015,2016,2017,2018,2019,2020,2021,2022,2023,2024	Nombre d'actes menant dans le GHS 9511		
T_MCOaaB	GHS_9512_ACT	integer	number	4		2008	2008	2006,2007,2009,2010,2011,2012,2013,2014,2015,2016,2017,2018,2019,2020,2021,2022,2023,2024	Nombre d'actes menant dans le GHS 9512		
T_MCOaaB	GHS_9515_ACT	integer	number	4		2008	2008	2006,2007,2009,2010,2011,2012,2013,2014,2015,2016,2017,2018,2019,2020,2021,2022,2023,2024	Nombre d'actes menant dans le GHS 9515		
T_MCOaaB	GHS_9524_ACT	integer	number	4		2008	2008	2006,2007,2009,2010,2011,2012,2013,2014,2015,2016,2017,2018,2019,2020,2021,2022,2023,2024	Nombre d'actes menant dans le GHS 9524		
T_MCOaaB	GHS_9610_ACT	integer	number	4		2009	2010	2006,2007,2008,2011,2012,2013,2014,2015,2016,2017,2018,2019,2020,2021,2022,2023,2024	Nombre d'actes menant dans le GHS 9610		
T_MCOaaB	GHS_9611_ACT	integer	number	4		2009	2010	2006,2007,2008,2011,2012,2013,2014,2015,2016,2017,2018,2019,2020,2021,2022,2023,2024	Nombre d'actes menant dans le GHS 9611		
T_MCOaaB	GHS_9612_ACT	integer	number	4		2009	2010	2006,2007,2008,2011,2012,2013,2014,2015,2016,2017,2018,2019,2020,2021,2022,2023,2024	Nombre d'actes menant dans le GHS 9612		
T_MCOaaB	GHS_9615_ACT	integer	number	3		2009		2006,2007,2008	Nombre d'actes menant dans le GHS 9615		
T_MCOaaB	GHS_9619_ACT	integer	number	4		2009	2010	2006,2007,2008,2011,2012,2013,2014,2015,2016,2017,2018,2019,2020,2021,2022,2023,2024	Nombre d'actes menant dans le GHS 9619		
T_MCOaaB	GHS_9620_ACT	integer	number	4		2009	2010	2006,2007,2008,2011,2012,2013,2014,2015,2016,2017,2018,2019,2020,2021,2022,2023,2024	Nombre d'actes menant dans le GHS 9620		
T_MCOaaB	GHS_9621_ACT	integer	number	4		2009	2010	2006,2007,2008,2011,2012,2013,2014,2015,2016,2017,2018,2019,2020,2021,2022,2023,2024	Nombre d'actes menant dans le GHS 9621		
T_MCOaaB	GHS_9622_ACT	integer	number	4		2010	2010	2006,2007,2008,2009,2011,2012,2013,2014,2015,2016,2017,2018,2019,2020,2021,2022,2023,2024	Nombre d'actes menant dans le GHS 9622		
T_MCOaaB	GHS_HS_INNOV	string	string	4		2015		2006,2007,2008,2009,2010,2011,2012,2013,2014	GHS si non prise en compte de l'innovation		
T_MCOaaB	GHS_NUM	string	string	4		2006			Numéro de GHS (du GHM GENRSA)		
T_MCOaaB	GRC_GHM	string	string	6		2006			GHM calculé par la clinique		
T_MCOaaB	GRC_RET	string	string	3		2006			Code retour obtenu par la clinique		
T_MCOaaB	GRC_VER	string	string	2		2006			Version de la classification utilisée par la clinique		
T_MCOaaB	GRG_GHM	string	string	6		2006			GHM calculé par le GENRSA		
T_MCOaaB	GRG_RET	string	string	3		2006			Code retour obtenu par GENRSA		
T_MCOaaB	GRG_VER	string	string	2		2006			Groupage GENRSA :Version de la classification		
T_MCOaaB	INNOV_NUM	string	string	15		2011		2006,2007,2008,2009,2010	Numéro d'innovation		
T_MCOaaB	MACH_TYP_RAD	string	string	1		2009		2006,2007,2008	Type de machine en radiothérapie		
T_MCOaaB	NBR_ACT	integer	number	8		2006			Nombre de zones d'actes (nA) dans ce RSA		
T_MCOaaB	NBR_DGN	integer	number	8		2006			Nombre de diagnostics associés significatifs (nDAS) dans ce RSA		
T_MCOaaB	NBR_IVG_ANT	string	string	2		2015	2016	2006,2007,2008,2009,2010,2011,2012,2013,2014,2017,2018,2019,2020,2021,2022,2023,2024	Nombre d’IVG antérieures		
T_MCOaaB	NBR_NAIS_ANT	integer	number	2		2015	2016	2006,2007,2008,2009,2010,2011,2012,2013,2014,2017,2018,2019,2020,2021,2022,2023,2024	Nombres de naissances vivantes antérieures		
T_MCOaaB	NBR_RUM	integer	number	8		2006			Nombre de RUM composant le RSS d'origine (NbRUM)		
T_MCOaaB	NBR_SEA	integer	number	8		2006			Nombre de séances		
T_MCOaaB	NBR_SEA_SROS	integer	number	4		2006	2008	2009,2010,2011,2012,2013,2014,2015,2016,2017,2018,2019,2020,2021,2022,2023,2024	Nombre de séances avant SROS		
T_MCOaaB	NBR_SUP_NN1	integer	number	8		2006			Nombre de suppléments NN1		
T_MCOaaB	NBR_SUP_NN2	integer	number	8		2006			Nombre de suppléments NN2		
T_MCOaaB	NBR_SUP_NN3	integer	number	8		2006			Nombre de suppléments NN3		
T_MCOaaB	NBR_SUP_REA	integer	number	8		2006			Nombre de suppléments pour REA (réanimation)		
T_MCOaaB	NBR_SUP_REP	integer	number	8		2007		2006	Nombre de suppléments REP (réanimation pédiatrique)		
T_MCOaaB	NBR_SUP_SOI	integer	number	8		2006			Nombre de suppléments soins intensifs provenant de la réanimation		
T_MCOaaB	NBR_SUP_SRA	integer	number	4		2006	2008	2009,2010,2011,2012,2013,2014,2015,2016,2017,2018,2019,2020,2021,2022,2023,2024	Nombre de suppléments pour SRA (réanimation)		
T_MCOaaB	NBR_SUP_SRC	integer	number	8		2006			Nombre de suppléments pour SRC (surveillance continue)		
T_MCOaaB	NBR_SUP_SSC	integer	number	4		2006	2008	2009,2010,2011,2012,2013,2014,2015,2016,2017,2018,2019,2020,2021,2022,2023,2024	Nombre de suppléments pour SSC (surveillance continue)		
T_MCOaaB	NBR_SUP_STF	integer	number	8		2006			Nombre de suppléments pour STF (soins intensifs)		
T_MCOaaB	PAS_LIT_DED	string	string	1		2006			Passage dans un lit dédié de soins palliatifs		
T_MCOaaB	PLO_ACT	string	string	1		2006			Type de prestation de prélèvement d'organe		
T_MCOaaB	POI_NAI	integer	number	8		2006			Poids d'entrée (en grammes)		
T_MCOaaB	POST_DEP	string	string	5		2020		2006,2007,2008,2009,2010,2011,2012,2013,2014,2015,2016,2017,2018,2019	Code postal		
T_MCOaaB	RESCRIT_TARIF	string	string	1		2020		2006,2007,2008,2009,2010,2011,2012,2013,2014,2015,2016,2017,2018,2019	Rescrit tarifaire		
T_MCOaaB	RSA_NUM	string	string	10		2006			N° d'index du RSA		
T_MCOaaB	RSS_NUM	string	string	3		2006			Numéro de version du format du RSA		
T_MCOaaB	RTH_SUP_NBR	integer	number	1		2011		2006,2007,2008,2009,2010	Nombre de zones de suppléments de radiothérapie (Nb_Rdth)		
T_MCOaaB	SEJ_COD_CONF	string	string	1		2009		2006,2007,2008	Confirmation du codage du séjour		
T_MCOaaB	SEJ_NBJ	integer	number	8		2006			Durée totale du séjour dans le champ du PMSI (vide si séances)		
T_MCOaaB	SEJ_NP	string	string	1		2022		2006,2007,2008,2009,2010,2011,2012,2013,2014,2015,2016,2017,2018,2019,2020,2021	Non programmé (NP)		
T_MCOaaB	SEJ_TYP	string	string	1		2006			Type de séjour		
T_MCOaaB	SEQ_RUM	string	string	2		2008		2006,2007	N° séquentiel du RUM ayant fourni le DP		
T_MCOaaB	SOR_ANN	string	string	4		2006			Année de sortie		
T_MCOaaB	SOR_DES	string	string	1	MS_SOR_V	2006			Destination		
T_MCOaaB	SOR_MOD	string	string	1	MS_SOR_V	2006			Mode de sortie du champ PMSI-MCO		
T_MCOaaB	SOR_MOI	string	string	2		2006			Mois de sortie		
T_MCOaaB	STC_URG	string	string	1		2023		2006,2007,2008,2009,2010,2011,2012,2013,2014,2015,2016,2017,2018,2019,2020,2021,2022	Passage par une structure d'urgence		
T_MCOaaB	SUP_ENT_DPA	integer	number	8		2006			Nombre de suppléments pour les entraînements à la dialyse péritonéale automatisée hors séances		
T_MCOaaB	SUP_ENT_DPC	integer	number	8		2006			Nombre de suppléments pour les entraînements à la dialyse péritonéale continue ambulatoire hors séances		
T_MCOaaB	SUP_ENT_HEM	integer	number	8		2006			Nombre de suppléments pour les entraînements à l'hémodialyse hors séances		
T_MCOaaB	SUP_HEM_HS	integer	number	8		2006			Nombre de suppléments pour hémodialyse hors séances		
T_MCOaaB	SUP_RAD_PED	integer	number	8		2012		2006,2007,2008,2009,2010,2011	Nombre de suppléments radiothérapie pédiatrique		
T_MCOaaB	TAR_SEQ_NUM	string	string	3		2010		2006,2007,2008,2009	Numéro séquentiel de tarifs		
T_MCOaaB	TOP_ALIMTA	string	string	1		2016	2016	2006,2007,2008,2009,2010,2011,2012,2013,2014,2015,2017,2018,2019,2020,2021,2022,2023,2024	Top Radiation partielle Alimta		
T_MCOaaB	TOP_AVASTIN	string	string	1		2016		2006,2007,2008,2009,2010,2011,2012,2013,2014,2015	Top Radiation partielle Avastin		
T_MCOaaB	TOP_CONV_HC	string	string	1		2019		2006,2007,2008,2009,2010,2011,2012,2013,2014,2015,2016,2017,2018	Conversion hospitalisation complète		
T_MCOaaB	TOP_DEF_CARD	string	string	1		2017		2006,2007,2008,2009,2010,2011,2012,2013,2014,2015,2016	Supplément défibrillateur cardiaque		
T_MCOaaB	TOP_GHS_MIN_SUS	string	string	1		2015		2006,2007,2008,2009,2010,2011,2012,2013,2014	Top GHS minoré		
T_MCOaaB	TOP_GRADATION	string	string	1		2020		2006,2007,2008,2009,2010,2011,2012,2013,2014,2015,2016,2017,2018,2019	Top eligibilité gradation		
T_MCOaaB	TOP_MAIS_NAI	string	string	1		2016		2006,2007,2008,2009,2010,2011,2012,2013,2014,2015	Top Admission Maison de Naissance		
T_MCOaaB	TOP_RAAC	string	string	1		2019		2006,2007,2008,2009,2010,2011,2012,2013,2014,2015,2016,2017,2018	Prise en charge RAAC		
T_MCOaaB	TOP_SEJ_FORF_DIA	string	string	1		2019		2006,2007,2008,2009,2010,2011,2012,2013,2014,2015,2016,2017,2018	Séjour éligible au forfait diabète		
T_MCOaaB	TOP_SUP_STC	string	string	1		2023		2006,2007,2008,2009,2010,2011,2012,2013,2014,2015,2016,2017,2018,2019,2020,2021,2022	Top Supplément Cartcells		
T_MCOaaB	TOP_VLV_AOR	string	string	1		2013		2006,2007,2008,2009,2010,2011,2012	Top valves aortiques percutanées		
T_MCOaaB	TYP_GEN_RSA	string	string	1		2015		2006,2007,2008,2009,2010,2011,2012,2013,2014	Type de génération automatique du RSA		
T_MCOaaB	UHCD_TOP	string	string	1		2009		2006,2007,2008	Top UHCD		
T_MCOaaBPHN	ACT_COD	string	string	4	IR_ACT_COD	2010	2010	2006,2007,2008,2009,2011,2012,2013,2014,2015,2016,2017,2018,2019,2020,2021,2022,2023,2024	Code acte		
T_MCOaaBPHN	ANN_MOI	string	string	6		2010	2010	2006,2007,2008,2009,2011,2012,2013,2014,2015,2016,2017,2018,2019,2020,2021,2022,2023,2024	Année+Mois		
T_MCOaaBPHN	ETA_NUM	string	string	9		2010	2010	2006,2007,2008,2009,2011,2012,2013,2014,2015,2016,2017,2018,2019,2020,2021,2022,2023,2024	N° FINESS		
T_MCOaaBPHN	FIC_TYP	string	string	3		2010	2010	2006,2007,2008,2009,2011,2012,2013,2014,2015,2016,2017,2018,2019,2020,2021,2022,2023,2024	Type de fichier		
T_MCOaaBPHN	NBR_AUT_ETP	integer	number	8		2010	2010	2006,2007,2008,2009,2011,2012,2013,2014,2015,2016,2017,2018,2019,2020,2021,2022,2023,2024	Nombre réalisé pour un autre établissement public		
T_MCOaaBPHN	NBR_CON_EXT	integer	number	8		2010	2010	2006,2007,2008,2009,2011,2012,2013,2014,2015,2016,2017,2018,2019,2020,2021,2022,2023,2024	Nombre réalisé pour consultants externes		
T_MCOaaBPHN	NBR_FAC_AUT_ETP	integer	number	8		2010	2010	2006,2007,2008,2009,2011,2012,2013,2014,2015,2016,2017,2018,2019,2020,2021,2022,2023,2024	Nombre facturé pour un autre établissement public		
T_MCOaaBPHN	NBR_FAC_CON_EXT	integer	number	8		2010	2010	2006,2007,2008,2009,2011,2012,2013,2014,2015,2016,2017,2018,2019,2020,2021,2022,2023,2024	Nombre facturé pour consultants externes		
T_MCOaaBPHN	NBR_FAC_INC_DEM	integer	number	8		2010	2010	2006,2007,2008,2009,2011,2012,2013,2014,2015,2016,2017,2018,2019,2020,2021,2022,2023,2024	Nombre facturé autre ou demandeur inconnu		
T_MCOaaBPHN	NBR_FAC_PHE	integer	number	8		2010	2010	2006,2007,2008,2009,2011,2012,2013,2014,2015,2016,2017,2018,2019,2020,2021,2022,2023,2024	Nombre facturé pour patients hospitalisés au sein de l’établissement		
T_MCOaaBPHN	NBR_FAC_SEC_LIB	integer	number	8		2010	2010	2006,2007,2008,2009,2011,2012,2013,2014,2015,2016,2017,2018,2019,2020,2021,2022,2023,2024	Nombre facturé  émanant du secteur libéral		
T_MCOaaBPHN	NBR_FAC_TOT	integer	number	8		2010	2010	2006,2007,2008,2009,2011,2012,2013,2014,2015,2016,2017,2018,2019,2020,2021,2022,2023,2024	Nombre total facturé		
T_MCOaaBPHN	NBR_INC_DEM	integer	number	8		2010	2010	2006,2007,2008,2009,2011,2012,2013,2014,2015,2016,2017,2018,2019,2020,2021,2022,2023,2024	Nombre réalisé autre ou demandeur inconnu		
T_MCOaaBPHN	NBR_PHE	integer	number	8		2010	2010	2006,2007,2008,2009,2011,2012,2013,2014,2015,2016,2017,2018,2019,2020,2021,2022,2023,2024	Nombre réalisé pour  patients hospitalisés au sein de l’établissement		
T_MCOaaBPHN	NBR_REA_TOT	integer	number	8		2010	2010	2006,2007,2008,2009,2011,2012,2013,2014,2015,2016,2017,2018,2019,2020,2021,2022,2023,2024	Nombre total réalisé		
T_MCOaaBPHN	NBR_SEC_LIB	integer	number	8		2010	2010	2006,2007,2008,2009,2011,2012,2013,2014,2015,2016,2017,2018,2019,2020,2021,2022,2023,2024	Nombre réalisé émanant du secteur libéral		
T_MCOaaBPHNA	ACT_COD	string	string	4		2010	2014	2006,2007,2008,2009,2015,2016,2017,2018,2019,2020,2021,2022,2023,2024	Code acte		
T_MCOaaBPHNA	ANN_MOI	string	string	6		2010	2014	2006,2007,2008,2009,2015,2016,2017,2018,2019,2020,2021,2022,2023,2024	Année+Mois		
T_MCOaaBPHNA	ETA_NUM	string	string	9		2010	2014	2006,2007,2008,2009,2015,2016,2017,2018,2019,2020,2021,2022,2023,2024	N° FINESS		
T_MCOaaBPHNA	FIC_TYP	string	string	3		2010	2014	2006,2007,2008,2009,2015,2016,2017,2018,2019,2020,2021,2022,2023,2024	Type de fichier		
T_MCOaaBPHNA	NBR_ACT_CON_EXT	integer	number	10		2010	2014	2006,2007,2008,2009,2015,2016,2017,2018,2019,2020,2021,2022,2023,2024	Dont nombre d'actes réalisés pour consultants externe		
T_MCOaaBPHNA	NBR_ACT_PAT_AUT_ETB	integer	number	10		2010	2014	2006,2007,2008,2009,2015,2016,2017,2018,2019,2020,2021,2022,2023,2024	Nombre d'actes réalisés pour les patients d'autres établissements ou de laboratoires extérieurs		
T_MCOaaBPHNA	NBR_ACT_PAT_ETB	integer	number	10		2010	2014	2006,2007,2008,2009,2015,2016,2017,2018,2019,2020,2021,2022,2023,2024	Nombre d'actes réalisés pour patients de l'etab		
T_MCOaaBPHNA	NBR_ACT_PAT_HOS	integer	number	10		2010	2014	2006,2007,2008,2009,2015,2016,2017,2018,2019,2020,2021,2022,2023,2024	Dont nombre d'actes réalisés pour patients hospitalisés		
T_MCOaaBPHNC	ANN_MOI	string	string	6		2010	2014	2006,2007,2008,2009,2015,2016,2017,2018,2019,2020,2021,2022,2023,2024	Année+Mois		
T_MCOaaBPHNC	ETA_NUM	string	string	9		2010	2014	2006,2007,2008,2009,2015,2016,2017,2018,2019,2020,2021,2022,2023,2024	N° FINESS		
T_MCOaaBPHNC	FIC_TYP	string	string	3		2010	2014	2006,2007,2008,2009,2015,2016,2017,2018,2019,2020,2021,2022,2023,2024	Type de fichier		
T_MCOaaBPHNC	MNT_BHN_ETB_EXDG	integer	number	10		2010	2014	2006,2007,2008,2009,2015,2016,2017,2018,2019,2020,2021,2022,2023,2024	Montant total de BHN payés à un établissement de santé - ex-DG ou ex-OQN - (en centimes d'euro)		
T_MCOaaBPHNC	MNT_BHN_LAB_PRI	integer	number	10		2010	2014	2006,2007,2008,2009,2015,2016,2017,2018,2019,2020,2021,2022,2023,2024	Montant total de BHN payés à un laboratoire privé ou un cabinet (en centimes d'euro)		
T_MCOaaBPHNC	MNT_PHN_ETB_EXDG	integer	number	10		2010	2014	2006,2007,2008,2009,2015,2016,2017,2018,2019,2020,2021,2022,2023,2024	Montant total de PHN payés à un établissement de santé - ex-DG ou ex-OQN - (en centimes d'euro)		
T_MCOaaBPHNC	MNT_PHN_LAB_PRI	integer	number	10		2010	2014	2006,2007,2008,2009,2015,2016,2017,2018,2019,2020,2021,2022,2023,2024	Montant total de PHN payés à un laboratoire privé ou un cabinet (en centimes d'euro)		
T_MCOaaBPHNP	ANN_MOI	string	string	6.0		2006			Année+Mois		
T_MCOaaBPHNP	ETA_NUM	string	string	9.0		2006			N° FINESS		
T_MCOaaBPHNP	FIC_TYP	string	string	3.0		2006			Type de fichier		
T_MCOaaBPHNP	MNT_BHN_ETB_EXDG	integer	number	10.0		2006			Montant total de BHN facturés à l'encontre d'un établissement de santé ex-DG (en centimes d'euro)		
T_MCOaaBPHNP	MNT_BHN_ETB_EXOQN	integer	number	10.0		2006			Montant total de BHN facturés à l'encontre d'un établissement de santé ex-OQN (en centimes d'euro)		
T_MCOaaBPHNP	MNT_BHN_LAB_PRI	integer	number	10.0		2006			Montant total de BHN facturés à l'encontre d'un laboratoire privé ou d'un cabinet (en centimes d'euro)		
T_MCOaaBPHNP	MNT_PHN_ETB_EXDG	integer	number	10.0		2006			Montant total de PHN facturés à l'encontre d'un établissement de santé ex-DG (en centimes d'euro)		
T_MCOaaBPHNP	MNT_PHN_ETB_EXOQN	integer	number	10.0		2006			Montant total de PHN facturés à l'encontre d'un établissement de santé ex-OQN (en centimes d'euro)		
T_MCOaaBPHNP	MNT_PHN_LAB_PRI	integer	number	10.0		2006			Montant total de PHN facturés à l'encontre d'un laboratoire privé ou d'un cabinet (en centimes d'euro)		
T_MCOaaC	ART_51	string	string	1.0		2022		2006,2007,2008,2009,2010,2011,2012,2013,2014,2015,2016,2017,2018,2019,2020,2021	Article 51		
T_MCOaaC	ART_51_RET	string	string	1.0		2022		2006,2007,2008,2009,2010,2011,2012,2013,2014,2015,2016,2017,2018,2019,2020,2021	Code retour contrôle Article 51		
T_MCOaaC	COH_NAI_RET	string	string	1.0		2013		2006,2007,2008,2009,2010,2011,2012	Code retour contrôle « Cohérence date naissance »		
T_MCOaaC	COH_SEX_RET	string	string	1.0		2013		2006,2007,2008,2009,2010,2011,2012	Code retour contrôle « Cohérence sexe »		
T_MCOaaC	DAT_RET	string	string	1.0		2006			Code retour contrôle « date de référence» (date d’entrée)		
T_MCOaaC	ENT_ANN	string	string	4.0		2019		2006,2007,2008,2009,2010,2011,2012,2013,2014,2015,2016,2017,2018	Année de la date d'entrée du séjour		
T_MCOaaC	ENT_DAT	string	string	8.0		2009		2006,2007,2008	date d'entrée		
T_MCOaaC	ENT_MOI	string	string	2.0		2019		2006,2007,2008,2009,2010,2011,2012,2013,2014,2015,2016,2017,2018	Mois de la date d'entrée du séjour		
T_MCOaaC	ETA_NUM	string	string	9.0		2006			N° FINESS		
T_MCOaaC	ETA_NUM_RET	string	string	1.0		2017		2006,2007,2008,2009,2010,2011,2012,2013,2014,2015,2016	Code retour contrôle "N° FINESS d’inscription e-PMSI"		
T_MCOaaC	EXE_SOI_AMD	string	string	6.0		2009		2006,2007,2008	Date d'entrée au format année + mois		
T_MCOaaC	EXE_SOI_AMF	string	string	6.0		2009		2006,2007,2008	Date de sortie au format année + mois		
T_MCOaaC	EXE_SOI_DTD	date	date			2009		2006,2007,2008	date d'entrée		
T_MCOaaC	EXE_SOI_DTF	date	date			2009		2006,2007,2008	date de sortie		
T_MCOaaC	FHO_RET	string	string	1.0		2006			Code retour « fusion ANO-HOSP et HOSP-PMSI »		
T_MCOaaC	FOR_NUM	string	string	3.0		2008		2006,2007	N° format		
T_MCOaaC	HOS_NN_MAM	string	string	1.0		2013		2006,2007,2008,2009,2010,2011,2012	Hospitalisation d'un nouveau-né auprès de la mère		
T_MCOaaC	HOS_NNE_RET	string	string	1.0		2013		2006,2007,2008,2009,2010,2011,2012	Code retour contrôle « Hospitalisation d'un nouveau-né auprès de la mère »		
T_MCOaaC	HOS_ORG_RET	string	string	1.0		2013	2022	2006,2007,2008,2009,2010,2011,2012,2023,2024	Code retour contrôle « Hospitalisation pour prélèvement d'organe »		
T_MCOaaC	HOS_PLO	string	string	1.0		2013	2022	2006,2007,2008,2009,2010,2011,2012,2023,2024	Hospitalisation pour prélèvement d'organe		
T_MCOaaC	ID_MAM_ENF	string	string	32.0		2019		2006,2007,2008,2009,2010,2011,2012,2013,2014,2015,2016,2017,2018	N° chaînage mère-enfant		
T_MCOaaC	IPP_BEN_ANO	string	string	44.0		2019	2021	2006,2007,2008,2009,2010,2011,2012,2013,2014,2015,2016,2017,2018,2022,2023,2024	N° d'identification permanent du patient anonymisé		
T_MCOaaC	IPP_BEN_ANO_RET	string	string	1.0		2019	2021	2006,2007,2008,2009,2010,2011,2012,2013,2014,2015,2016,2017,2018,2022,2023,2024	Code retour contrôle " N° d'identification permanent du patient"		
T_MCOaaC	NAI_RET	string	string	1.0		2006			Code retour contrôle « date de  naissance »		
T_MCOaaC	NIR_ANO_17	string	string	17.0		2006			N° anonyme		
T_MCOaaC	NIR_ANO_MAM	string	string	32.0		2013	2018	2006,2007,2008,2009,2010,2011,2012,2019,2020,2021,2022,2023,2024	N° anonyme mère-enfant		
T_MCOaaC	NIR_RET	string	string	1.0		2006			Code retour contrôle « n° sécurité sociale »		
T_MCOaaC	NUM_DAT_AT	string	string	9.0		2015		2006,2007,2008,2009,2010,2011,2012,2013,2014	Numéro accident du travail ou date d’accident de droit commun		
T_MCOaaC	NUM_DAT_AT_RET	string	string	1.0		2015		2006,2007,2008,2009,2010,2011,2012,2013,2014	Code retour contrôle " Numéro accident du travail ou date d’accident de droit commun"		
T_MCOaaC	ORG_CPL_NUM	string	string	10.0		2015		2006,2007,2008,2009,2010,2011,2012,2013,2014	N° d’organisme complémentaire		
T_MCOaaC	ORG_CPL_NUM_RET	string	string	1.0		2015		2006,2007,2008,2009,2010,2011,2012,2013,2014	Code retour contrôle " N° d’organisme complémentaire"		
T_MCOaaC	PMS_RET	string	string	1.0		2006			Code retour « fusion ANO-PMSI et fichier PMSI »		
T_MCOaaC	RNG_BEN	string	string	3.0		2015		2006,2007,2008,2009,2010,2011,2012,2013,2014	Rang du bénéficiaire		
T_MCOaaC	RNG_BEN_RET	string	string	1.0		2015		2006,2007,2008,2009,2010,2011,2012,2013,2014	Code retour contrôle « Rang du bénéficiaire »		
T_MCOaaC	RNG_NAI	string	string	1.0		2015		2006,2007,2008,2009,2010,2011,2012,2013,2014	Rang de naissance		
T_MCOaaC	RNG_NAI_RET	string	string	1.0		2015		2006,2007,2008,2009,2010,2011,2012,2013,2014	Code retour contrôle « Rang de naissance »		
T_MCOaaC	RSA_NUM	string	string	10.0		2006			N° séquentiel dans fichier PMSI		
T_MCOaaC	SEJ_MER_RET	string	string	1.0		2013		2006,2007,2008,2009,2010,2011,2012	Code retour contrôle « N° administratif de séjour de la mère »		
T_MCOaaC	SEJ_NUM	string	string	5.0		2006			N° de séjour		
T_MCOaaC	SEJ_RET	string	string	1.0		2006			Code retour contrôle « n° d’identification administratif de séjour »		
T_MCOaaC	SEX_RET	string	string	1.0		2006			Code retour contrôle « sexe »		
T_MCOaaC	SOR_ANN	string	string	4.0		2006	2018	2019,2020,2021,2022,2023,2024	Année de sortie		
T_MCOaaC	SOR_DAT	string	string	8.0		2009		2006,2007,2008	date de sortie		
T_MCOaaC	SOR_MOI	string	string	2.0		2006	2018	2019,2020,2021,2022,2023,2024	Mois de sortie		
T_MCOaaC	VID_HOSP_FOR	string	string	3.0		2008		2006,2007	N° format VID-HOSP		
T_MCOaaCES	ANN	string	string	4		2014	2014	2006,2007,2008,2009,2010,2011,2012,2013,2015,2016,2017,2018,2019,2020,2021,2022,2023,2024	Année		
T_MCOaaCES	CL_ASS_SOC	string	string	1		2014	2014	2006,2007,2008,2009,2010,2011,2012,2013,2015,2016,2017,2018,2019,2020,2021,2022,2023,2024	Assistante Sociale		
T_MCOaaCES	CL_AUT_MED	string	string	1		2014	2014	2006,2007,2008,2009,2010,2011,2012,2013,2015,2016,2017,2018,2019,2020,2021,2022,2023,2024	Autre médecin		
T_MCOaaCES	CL_AUT_PRO	string	string	1		2014	2014	2006,2007,2008,2009,2010,2011,2012,2013,2015,2016,2017,2018,2019,2020,2021,2022,2023,2024	Autre professionnel (hors professionnel de santé)		
T_MCOaaCES	CL_PARA_MED	string	string	1		2014	2014	2006,2007,2008,2009,2010,2011,2012,2013,2015,2016,2017,2018,2019,2020,2021,2022,2023,2024	Autre professionnel de santé (psychologue, diététicien, masseur-kinésithérapeute)		
T_MCOaaCES	CL_PLURI_PRO	string	string	1		2014	2014	2006,2007,2008,2009,2010,2011,2012,2013,2015,2016,2017,2018,2019,2020,2021,2022,2023,2024	Consultations avec contact d'un autre professionnel		
T_MCOaaCES	CONSULT_MIG	string	string	2		2014	2014	2006,2007,2008,2009,2010,2011,2012,2013,2015,2016,2017,2018,2019,2020,2021,2022,2023,2024	Code Consultation		
T_MCOaaCES	ETA_NUM	string	string	9		2014	2014	2006,2007,2008,2009,2010,2011,2012,2013,2015,2016,2017,2018,2019,2020,2021,2022,2023,2024	N° FINESS		
T_MCOaaCES	FIC_TYP	string	string	3		2014	2014	2006,2007,2008,2009,2010,2011,2012,2013,2015,2016,2017,2018,2019,2020,2021,2022,2023,2024	Type de fichier		
T_MCOaaCES	MOI	string	string	2		2014	2014	2006,2007,2008,2009,2010,2011,2012,2013,2015,2016,2017,2018,2019,2020,2021,2022,2023,2024	Mois		
T_MCOaaCES	NBR_CONS_MIG	integer	number	10		2014	2014	2006,2007,2008,2009,2010,2011,2012,2013,2015,2016,2017,2018,2019,2020,2021,2022,2023,2024	Nombre total de consultations médicales pendant l'année		
T_MCOaaCES	NBR_PAT_CONS	integer	number	10		2014	2014	2006,2007,2008,2009,2010,2011,2012,2013,2015,2016,2017,2018,2019,2020,2021,2022,2023,2024	Nombre de patients vus au moins une fois en consultation au cours de l'année (File active de patients)		
T_MCOaaCES	NBR_PAT_NVX	integer	number	10		2014	2014	2006,2007,2008,2009,2010,2011,2012,2013,2015,2016,2017,2018,2019,2020,2021,2022,2023,2024	Nombre de patient vu pour la première fois cette année		
T_MCOaaCES	NBR_PAT_SUP1	integer	number	10		2014	2014	2006,2007,2008,2009,2010,2011,2012,2013,2015,2016,2017,2018,2019,2020,2021,2022,2023,2024	Nombre de patients suivis depuis plus d'un an		
T_MCOaaCES	NBR_PAT_SUP5	integer	number	10		2014	2014	2006,2007,2008,2009,2010,2011,2012,2013,2015,2016,2017,2018,2019,2020,2021,2022,2023,2024	Nombre de patients suivis depuis plus de cinq an		
T_MCOaaCES	P_CONS_30_60	integer	number	10		2014	2014	2006,2007,2008,2009,2010,2011,2012,2013,2015,2016,2017,2018,2019,2020,2021,2022,2023,2024	Durée des consultations entre 30 et 60 minutes		
T_MCOaaCES	P_CONS_60_120	integer	number	10		2014	2014	2006,2007,2008,2009,2010,2011,2012,2013,2015,2016,2017,2018,2019,2020,2021,2022,2023,2024	Durée des consultations entre 60 et 120 minutes		
T_MCOaaCES	P_CONS_SUP_120	integer	number	10		2014	2014	2006,2007,2008,2009,2010,2011,2012,2013,2015,2016,2017,2018,2019,2020,2021,2022,2023,2024	Durée des consultations supérieure à 120 minutes		
T_MCOaaCSTC	ART_51	string	string	1.0		2022		2006,2007,2008,2009,2010,2011,2012,2013,2014,2015,2016,2017,2018,2019,2020,2021	Article 51	Cette variable permet d’Identifier les séjours et actes et consultations externes relevant des expérimentations de l’article 51	
T_MCOaaCSTC	ART_51_RET	string	string	1.0		2022		2006,2007,2008,2009,2010,2011,2012,2013,2014,2015,2016,2017,2018,2019,2020,2021	Code retour contrôle Article 51		
T_MCOaaCSTC	ENT_DAT	string	string	8.0		2009		2006,2007,2008	Date d'entrée		
T_MCOaaCSTC	ENT_DAT_RET	string	string	1.0		2009		2006,2007,2008	Code retour contrôle « date de référence» (date d’entrée)		
T_MCOaaCSTC	ETA_NUM	string	string	9.0		2008		2006,2007	N° FINESS		
T_MCOaaCSTC	EXE_SOI_AMD	string	string	6.0		2009		2006,2007,2008	Date d'entrée au format année + mois		
T_MCOaaCSTC	EXE_SOI_AMF	string	string	6.0		2009		2006,2007,2008	Date de sortie au format année + mois		
T_MCOaaCSTC	EXE_SOI_DTD	date	date			2009		2006,2007,2008	Date d'entrée		
T_MCOaaCSTC	EXE_SOI_DTF	date	date			2009		2006,2007,2008	Date de sortie		
T_MCOaaCSTC	FAC_AMC_DT	string	string	8.0		2018	2021	2006,2007,2008,2009,2010,2011,2012,2013,2014,2015,2016,2017,2022,2023,2024	Date de facturation AMC	Indicateur Simphonie Date de l’envoi de la FT AMC	
T_MCOaaCSTC	FAC_AMC_DT_RET	string	string	1.0		2018	2021	2006,2007,2008,2009,2010,2011,2012,2013,2014,2015,2016,2017,2022,2023,2024	Code retour contrôle " Date de facturation AMC "		
T_MCOaaCSTC	FAC_AMO_DT	string	string	8.0		2018	2021	2006,2007,2008,2009,2010,2011,2012,2013,2014,2015,2016,2017,2022,2023,2024	Date de facturation AMO	Indicateur Simphonie Date de l’envoi de la FT AMO	
T_MCOaaCSTC	FAC_AMO_DT_RET	string	string	1.0		2018	2021	2006,2007,2008,2009,2010,2011,2012,2013,2014,2015,2016,2017,2022,2023,2024	Code retour contrôle " Date de facturation AMO "		
T_MCOaaCSTC	FAC_RAC_DT	string	string	8.0		2018	2021	2006,2007,2008,2009,2010,2011,2012,2013,2014,2015,2016,2017,2022,2023,2024	Date de facturation patient	Indicateur Simphonie Date de l’envoi de la FT patient	
T_MCOaaCSTC	FAC_RAC_DT_RET	string	string	1.0		2018	2021	2006,2007,2008,2009,2010,2011,2012,2013,2014,2015,2016,2017,2022,2023,2024	Code retour contrôle " Date de facturation patient "		
T_MCOaaCSTC	IAS_RET	string	string	1.0		2008		2006,2007	Code retour contrôle « n° d’identification administratif de séjour		
T_MCOaaCSTC	IPP_BEN_ANO	string	string	44.0		2019	2021	2006,2007,2008,2009,2010,2011,2012,2013,2014,2015,2016,2017,2018,2022,2023,2024	N° d'identification permanent du patient anonymisé	Variable renseignée uniquement pour le public mais laissée dans la table patients pour plus de cohérence	
T_MCOaaCSTC	IPP_BEN_ANO_RET	string	string	1.0		2019	2021	2006,2007,2008,2009,2010,2011,2012,2013,2014,2015,2016,2017,2018,2022,2023,2024	Code retour contrôle " N° d'identification permanent du patient"	Variable renseignée uniquement pour le public mais laissée dans la table patients pour plus de cohérence	
T_MCOaaCSTC	NAI_RET	string	string	1.0		2008		2006,2007	Code retour contrôle « date de naissance »		
T_MCOaaCSTC	NBR_REJET_AMO	string	string	1.0		2018	2021	2006,2007,2008,2009,2010,2011,2012,2013,2014,2015,2016,2017,2022,2023,2024	Rejet AMO	Indicateur Simphonie Nombre de fois où FT AMO a été rejetée (0 à 9)	
T_MCOaaCSTC	NBR_REJET_AMO_RET	string	string	1.0		2018	2021	2006,2007,2008,2009,2010,2011,2012,2013,2014,2015,2016,2017,2022,2023,2024	Code retour contrôle " Rejet AMO "		
T_MCOaaCSTC	NIR_ANO_17	string	string	17.0		2008		2006,2007	N° Anonyme du patient		
T_MCOaaCSTC	NIR_RET	string	string	1.0		2008		2006,2007	Code retour contrôle « n° sécurité sociale »		
T_MCOaaCSTC	PAI_AMC_DT	string	string	8.0		2018	2021	2006,2007,2008,2009,2010,2011,2012,2013,2014,2015,2016,2017,2022,2023,2024	Date de paiement AMC	Indicateur Simphonie Date à laquelle la FT AMC est payée en totalité (statut S16)	
T_MCOaaCSTC	PAI_AMC_DT_RET	string	string	1.0		2018	2021	2006,2007,2008,2009,2010,2011,2012,2013,2014,2015,2016,2017,2022,2023,2024	Code retour contrôle " Date de paiement AMC "		
T_MCOaaCSTC	PAI_AMO_DT	string	string	8.0		2018	2021	2006,2007,2008,2009,2010,2011,2012,2013,2014,2015,2016,2017,2022,2023,2024	Date de paiement AMO	Indicateur Simphonie Date à laquelle la FT AMO est payée en totalité (statut S16)	
T_MCOaaCSTC	PAI_AMO_DT_RET	string	string	1.0		2018	2021	2006,2007,2008,2009,2010,2011,2012,2013,2014,2015,2016,2017,2022,2023,2024	Code retour contrôle " Date de paiement AMO "		
T_MCOaaCSTC	PAI_RAC_DT	string	string	8.0		2018	2021	2006,2007,2008,2009,2010,2011,2012,2013,2014,2015,2016,2017,2022,2023,2024	Date de paiement patient	Indicateur Simphonie Date à laquelle la FT patient est payée en totalité (statut S16)	
T_MCOaaCSTC	PAI_RAC_DT_RET	string	string	1.0		2018	2021	2006,2007,2008,2009,2010,2011,2012,2013,2014,2015,2016,2017,2022,2023,2024	Code retour contrôle " Date de paiement patient "		
T_MCOaaCSTC	PAYS_ASS_PAT	string	string	3.0		2018		2006,2007,2008,2009,2010,2011,2012,2013,2014,2015,2016,2017	Pays d’assurance social	Code INSEE à 5 chiffres, sans les deux premiers chiffres 99. Ou bien code ISO ISO 3166-1 Alpha-3. Pour renseigner cette donnée, il est important de prendre en compte le contexte assurantiel du patient (et non son pays d’origine).Par exemple, un patient français peut avoir une assurance étrangère (anglaise, américaine ou autre…). De même, un patient américain peut avoir une assurance anglaise ou autre. Le code pays à renseigner est bien le code pays de l’assurance du patient. » Mettre 000 ou laisser à blanc quand l’information n’est pas disponible.	
T_MCOaaCSTC	PAYS_ASS_PAT_RET	string	string	1.0		2018		2006,2007,2008,2009,2010,2011,2012,2013,2014,2015,2016,2017	Code retour contrôle " Pays d’assurance social "		
T_MCOaaCSTC	RAC_MNT_PAT	string	string	8.0		2018	2021	2006,2007,2008,2009,2010,2011,2012,2013,2014,2015,2016,2017,2022,2023,2024	Montant total du séjour facturé au patient	Indicateur Simphonie Montant facturé au titre de la part patient	
T_MCOaaCSTC	RAC_MNT_PAT_RET	string	string	1.0		2018	2021	2006,2007,2008,2009,2010,2011,2012,2013,2014,2015,2016,2017,2022,2023,2024	Code retour contrôle " Montant total du séjour facturé au patient "		
T_MCOaaCSTC	RNG_BEN	string	string	3.0		2016		2006,2007,2008,2009,2010,2011,2012,2013,2014,2015	Rang du bénéficiaire		
T_MCOaaCSTC	RNG_NAI	string	string	1.0		2016		2006,2007,2008,2009,2010,2011,2012,2013,2014,2015	Rang de naissance		
T_MCOaaCSTC	SEJ_NUM	string	string	5.0		2009		2006,2007,2008	N° de séjour		
T_MCOaaCSTC	SEQ_NUM	string	string	8.0		2008		2006,2007	N° séquentiel		
T_MCOaaCSTC	SEX_RET	string	string	1.0		2008		2006,2007	Code retour contrôle « sexe »		
T_MCOaaCSTC	SOR_DAT	string	string	8.0		2009		2006,2007,2008	Date de sortie		
T_MCOaaCSTC	VALID_FAC_AMC	string	string	1.0		2018	2021	2006,2007,2008,2009,2010,2011,2012,2013,2014,2015,2016,2017,2022,2023,2024	Statut FT AMC	0 : avant FT validée (statut S2 à S5)1 : FT validée (statut S6 à S12, S14, S19, et S20)2 : FT en NiNi (statut S13)3 : FT payée (S15+S16+S17+S18)9 :  sans objet	
T_MCOaaCSTC	VALID_FAC_AMC_RET	string	string	1.0		2018	2021	2006,2007,2008,2009,2010,2011,2012,2013,2014,2015,2016,2017,2022,2023,2024	Code retour contrôle " Statut FT AMC "	0	
T_MCOaaCSTC	VALID_FAC_AMO	string	string	1.0		2018	2021	2006,2007,2008,2009,2010,2011,2012,2013,2014,2015,2016,2017,2022,2023,2024	Statut FT AMO	0 : avant FT validée (statut S2 à S5)1 : FT validée (statut S6 à S12, S14, S19, et S20)2 : FT en NiNi (statut S13)3 : FT payée (S15+S16+S17+S18)9 :  sans objet	
T_MCOaaCSTC	VALID_FAC_AMO_RET	string	string	1.0		2018	2021	2006,2007,2008,2009,2010,2011,2012,2013,2014,2015,2016,2017,2022,2023,2024	Code retour contrôle " Statut FT AMO "	0	
T_MCOaaCSTC	VALID_FAC_RAC	string	string	1.0		2018	2021	2006,2007,2008,2009,2010,2011,2012,2013,2014,2015,2016,2017,2022,2023,2024	Statut FT patient	0 : avant FT validée (statut S2 à S5)1 : FT validée (statut S6 à S12, S14, S19, et S20)2 : FT en NiNi (statut S13)3 : FT payée (S15+S16+S17+S18)9 :  sans objet	
T_MCOaaCSTC	VALID_FAC_RAC_RET	string	string	1.0		2018	2021	2006,2007,2008,2009,2010,2011,2012,2013,2014,2015,2016,2017,2022,2023,2024	Code retour contrôle " Statut FT patient "	0	
T_MCOaaD	ASS_DGN	string	string	6.0	MS_CIM_V	2006			Diagnostics associés		
T_MCOaaD	DGN_ASS_NUM	integer	number	4.0		2006			Numero de diag par couple eta_num rsa_num		
T_MCOaaD	ETA_NUM	string	string	9.0		2006			Numéro FINESS		
T_MCOaaD	RSA_NUM	string	string	10.0		2006			N° d'index du RSA		
T_MCOaaD	RSS_NUM	string	string	3.0		2006			Numéro de version du format du RSA		
T_MCOaaDIALP	ANN	string	string	4		2009		2006,2007,2008	Année période		
T_MCOaaDIALP	ETA_NUM	string	string	9		2009		2006,2007,2008	N° FINESS		
T_MCOaaDIALP	ETA_NUM_ENT	string	string	9		2017		2006,2007,2008,2009,2010,2011,2012,2013,2014,2015,2016	N° FINESS du fichier d'entrée	Correspond soit au FINESS PMSI (version 2016, soit FINESS géographique en mode dégradé)cf notice technique FICHCOMP version dégradée (lien: http://www.atih.sante.fr/sites/default/files/public/content/3057/notice_technique_atih_ndeg_cim-mf-902-2-2017_notice_pmsi_rectificative.pdf	
T_MCOaaDIALP	FAC_SEM_NBR	string	string	3		2009	2010	2006,2007,2008,2011,2012,2013,2014,2015,2016,2017,2018,2019,2020,2021,2022,2023,2024	Nombre de semaine facturées		
T_MCOaaDIALP	MOI	string	string	2		2009		2006,2007,2008	N° période (mois)		
T_MCOaaDIALP	NBR_PRS	integer	number	10		2011		2006,2007,2008,2009,2010	Nombre de suppléments DIP		
T_MCOaaDIALP	PRS_COD	string	string	3		2009		2006,2007,2008	Code Prestation		
T_MCOaaDIALP	PRS_TYP	string	string	2		2009		2006,2007,2008	Type de prestation		
T_MCOaaDIALP	RSA_NUM	string	string	10		2009		2006,2007,2008	N° d'index du RSA		
T_MCOaaDMIP	ANN	string	string	4		2008		2006,2007	Année période		
T_MCOaaDMIP	DAT_POS_ANN	string	string	4		2009		2006,2007,2008	Année de la date de pose		
T_MCOaaDMIP	DELAI	integer	number	8		2008		2006,2007	Délai entre la date d’entrée du séjour et la date de pose		
T_MCOaaDMIP	ETA_NUM	string	string	9		2008		2006,2007	N° FINESS		
T_MCOaaDMIP	ETA_NUM_ENT	string	string	9		2017		2006,2007,2008,2009,2010,2011,2012,2013,2014,2015,2016	N° FINESS du fichier d'entrée	Correspond soit au FINESS PMSI (version 2016, soit FINESS géographique en mode dégradé)cf notice technique FICHCOMP version dégradée (lien: http://www.atih.sante.fr/sites/default/files/public/content/3057/notice_technique_atih_ndeg_cim-mf-902-2-2017_notice_pmsi_rectificative.pdf	
T_MCOaaDMIP	LPP_COD	string	string	9		2008		2006,2007	Code LPP (attention blanc devant)		
T_MCOaaDMIP	MOI	string	string	2		2008		2006,2007	N° période (mois)		
T_MCOaaDMIP	MOI_POS	string	string	2		2008		2006,2007	Mois de la date de pose (si renseginée)		
T_MCOaaDMIP	NBR_POS	integer	number	8		2008		2006,2007	Nombre posé		
T_MCOaaDMIP	NBR_POS_PRI	integer	number	8		2008		2006,2007	Prix d'achat multiplié par le nombre posé		
T_MCOaaDMIP	PRS_TYP	string	string	2		2008		2006,2007	Type de prestation		
T_MCOaaDMIP	RSA_NUM	string	string	10		2008		2006,2007	N° d'index du RSA		
T_MCOaaDMIP	TIP_PRS_IDE	integer	number	8	NT_LPP	2008		2006,2007	Code LPP (format numérique)		
T_MCOaaE	ANN_TRT	string	string	7		2006			N° du trimestre PMSI transmis		
T_MCOaaE	COM_ETA	string	string	50		2020		2006,2007,2008,2009,2010,2011,2012,2013,2014,2015,2016,2017,2018,2019	Commentaires		
T_MCOaaE	ETA_NUM	string	string	9		2006			N°FINESS		
T_MCOaaE	ETB_EXE_FIN	string	string	8		2006			N°FINESS sans clé		
T_MCOaaE	REG_ETA	string	string	40		2006			Région		
T_MCOaaE	SOC_RAI	string	string	80		2006			Raison sociale		
T_MCOaaE	STA_ETA	string	string	3		2006			Statut de l'établissement		
T_MCOaaE	VAL_ETA	string	string	20		2006			Validation des données		
T_MCOaaFA	AGE_ANN	integer	number	3.0		2014		2006,2007,2008,2009,2010,2011,2012,2013	Age (en années)		
T_MCOaaFA	AGE_JOU	integer	number	5.0		2020		2006,2007,2008,2009,2010,2011,2012,2013,2014,2015,2016,2017,2018,2019	Age en jours		
T_MCOaaFA	BDI_COD	string	string	5.0		2020		2006,2007,2008,2009,2010,2011,2012,2013,2014,2015,2016,2017,2018,2019	Code géographique		
T_MCOaaFA	BDI_DEP	string	string	2.0		2020		2006,2007,2008,2009,2010,2011,2012,2013,2014,2015,2016,2017,2018,2019	Code département		
T_MCOaaFA	COD_CIV	string	string	1.0		2006			Code civilité		
T_MCOaaFA	COD_PEC	string	string	1.0		2006			Code de prise en charge		
T_MCOaaFA	COD_POST	string	string	5.0		2020		2006,2007,2008,2009,2010,2011,2012,2013,2014,2015,2016,2017,2018,2019	Code postal		
T_MCOaaFA	COD_SEX	string	string	1.0		2006			Sexe		
T_MCOaaFA	CON_TYP	string	string	2.0		2008		2006,2007	Type de contrat souscrit auprès d'un organisme complémentaire		
T_MCOaaFA	ETA_NUM	string	string	9.0		2006			Numéro FINESS		
T_MCOaaFA	EXE_SOI_AMD	string	string	6.0		2020		2006,2007,2008,2009,2010,2011,2012,2013,2014,2015,2016,2017,2018,2019	Date d'entrée du séjour (format Mois Année)		
T_MCOaaFA	EXE_SOI_AMF	string	string	6.0		2020		2006,2007,2008,2009,2010,2011,2012,2013,2014,2015,2016,2017,2018,2019	Date de sortie du séjour (format Mois Année)		
T_MCOaaFA	EXE_SOI_DTD	date	date			2020		2006,2007,2008,2009,2010,2011,2012,2013,2014,2015,2016,2017,2018,2019	Date d'entrée du séjour		
T_MCOaaFA	EXE_SOI_DTF	date	date			2020		2006,2007,2008,2009,2010,2011,2012,2013,2014,2015,2016,2017,2018,2019	Date de sortie du séjour		
T_MCOaaFA	EXO_TM	string	string	1.0		2006			Justification d'exonération du TM		
T_MCOaaFA	FAC_ETL	string	string	1.0		2008		2006,2007	Etat de liquidation de la facture		
T_MCOaaFA	GES_COD	string	string	2.0		2017		2006,2007,2008,2009,2010,2011,2012,2013,2014,2015,2016	Code gestion		
T_MCOaaFA	HON_AM_MNR	integer	number	8.0		2006			Total honoraire remboursable AM		
T_MCOaaFA	HON_MNT	integer	number	8.0		2006			Total honoraire Facturé		
T_MCOaaFA	HON_OC_MNR	integer	number	8.0		2006			Total remboursable OC pour les honoraires		
T_MCOaaFA	NAT_ASS	string	string	2.0		2006			Nature assurance		
T_MCOaaFA	NIR_ANO_MAM	string	string	32.0		2012	2019	2006,2007,2008,2009,2010,2011,2020,2021,2022,2023,2024	N° anonyme mère-enfant	A prendre sur la facture de la mère	
T_MCOaaFA	NOE_RGM	string	string	2.0		2006			Code Gd régime		
T_MCOaaFA	NUM_DAT_AT	string	string	9.0		2015		2006,2007,2008,2009,2010,2011,2012,2013,2014	Numéro accident du travail ou date d’accident de droit commun		
T_MCOaaFA	NUM_FAC	string	string	3.0		2006			N° séquentiel de facture		
T_MCOaaFA	OPE_NAT	string	string	1.0		2006			Nature opération		
T_MCOaaFA	ORG_CPL_NUM	string	string	10.0		2015		2006,2007,2008,2009,2010,2011,2012,2013,2014	N° d’organisme complémentaire		
T_MCOaaFA	PAS_OC_MNT	integer	number	8.0		2006			Total participation assuré avant OC		
T_MCOaaFA	PAT_CMU	string	string	1.0		2012		2006,2007,2008,2009,2010,2011	Patient bénéficiaire de la CMU	0 : Non | 1 : Oui, laisser à vide si pas d'information	
T_MCOaaFA	PH_AMO_MNR	integer	number	8.0		2006			Total remboursable AMO Prestation hospitalières		
T_MCOaaFA	PH_BRM	integer	number	8.0		2006			Total Base Remboursement Prestation hospitalière		
T_MCOaaFA	PH_MNT	integer	number	8.0		2006			Montant total facturé pour  PH		
T_MCOaaFA	PH_OC_MNR	integer	number	8.0		2006			Total remboursable OC pour les PH		
T_MCOaaFA	POST_DEP	string	string	5.0		2020		2006,2007,2008,2009,2010,2011,2012,2013,2014,2015,2016,2017,2018,2019	Code postal		
T_MCOaaFA	RNG_BEN	string	string	3.0		2016		2006,2007,2008,2009,2010,2011,2012,2013,2014,2015	Rang de bénéficiaire		
T_MCOaaFA	RNG_NAI	string	string	1.0		2016		2006,2007,2008,2009,2010,2011,2012,2013,2014,2015	Rang de naissance		
T_MCOaaFA	RSA_NUM	string	string	10.0		2006			N° séquentiel (le même que pour les RSA)		
T_MCOaaFA	RSF_TYP	string	string	1.0		2006	2019	2020,2021,2022,2023,2024	Type de format RSF (1 : ancien, 2 : nouveau)		
T_MCOaaFA	SOR_ANN	string	string	4.0		2008	2019	2006,2007,2020,2021,2022,2023,2024	Année de sortie		
T_MCOaaFA	SOR_MOI	string	string	2.0		2008	2019	2006,2007,2020,2021,2022,2023,2024	Mois de sortie		
T_MCOaaFA	TYP_ART	string	string	1.0	MS_ENR_V	2006			Type d'enregistrement		
T_MCOaaFASTC	AGE_ANN	integer	number	3		2006			Age (en années)		
T_MCOaaFASTC	AGE_JOU	integer	number	5		2006			Age en jours		
T_MCOaaFASTC	BDI_COD	string	string	5		2006			Code géographique		
T_MCOaaFASTC	BDI_DEP	string	string	2		2006			Code département de résidence		
T_MCOaaFASTC	COD_CIV	string	string	1		2006			Code civilité	Recodage : M=1/MME=2:MLE=2/SAN=3	
T_MCOaaFASTC	COD_PEC	string	string	1		2006			Code de prise en charge		
T_MCOaaFASTC	COD_POST	string	string	5		2006			Code postal		
T_MCOaaFASTC	COD_SEX	string	string	1		2006			Sexe		
T_MCOaaFASTC	CTR_TYP	string	string	2		2006			Type de contrat souscrit auprès d'un organisme complémentaire		
T_MCOaaFASTC	DAT_RET	string	string	1		2006			Code retour contrôle « date de référence» (date d'entrée)		
T_MCOaaFASTC	ETA_NUM	string	string	9		2006			Numéro FINESS		
T_MCOaaFASTC	ETA_NUM_GEO	string	string	9		2006			Numéro FINESS géographique		
T_MCOaaFASTC	EXE_SOI_AMD	string	string	6		2006			Date d'entrée au format année + mois		
T_MCOaaFASTC	EXE_SOI_AMF	string	string	6		2006			Date de sortie au format année + mois		
T_MCOaaFASTC	EXE_SOI_DTD	date	date			2006			Date d'entrée		
T_MCOaaFASTC	EXE_SOI_DTF	date	date			2006			Date de sortie		
T_MCOaaFASTC	EXO_TM	string	string	1		2006			Justification d'exonération du TM		
T_MCOaaFASTC	FIDES_TOP	string	string	1		2006			Valorisé par FIDES	0 : Non | 1 : Oui, laisser à vide si pas d'information	
T_MCOaaFASTC	GES_COD	string	string	2		2006			Code gestion		
T_MCOaaFASTC	HON_AM_MNR	integer	number	8		2006			Total honoraire remboursable AM		
T_MCOaaFASTC	HON_MNT	integer	number	8		2006			Total honoraire Facturé		
T_MCOaaFASTC	HON_OC_MNR	integer	number	8		2006			Total remboursable OC pour les honoraires		
T_MCOaaFASTC	NAT_ASS	string	string	2		2006			Nature assurance		
T_MCOaaFASTC	NIAS_RET	string	string	1		2006			Code retour contrôle « n° d’identification administratif de séjour »		
T_MCOaaFASTC	NIR_ANO_17	string	string	17		2006			N° anonyme		
T_MCOaaFASTC	NIR_RET	string	string	1		2006			Code retour contrôle « n° sécurité sociale »		
T_MCOaaFASTC	NOE_RGM	string	string	2		2006			Code Gd régime	Valeurs acceptées {' ', 10, 02, 03, 04, 05, 06, 07, 08, 09, 10, 12, 14, 15, 16, 17, 80 ,90 ,91, 92, 93, 94, 95, 96, 99}	
T_MCOaaFASTC	NON_SEJ_FAC_AM	string	string	1		2006			Motif de la non facturation à l'assurance maladie	Valeurs acceptées {' ', 1, 2, 3, 4, 5, 6, 9}	
T_MCOaaFASTC	NUM_DAT_AT	string	string	9		2006			Numéro accident du travail ou date d’accident de droit commun		
T_MCOaaFASTC	NUM_FAC	string	string	3		2006			N° Facture séquentiel		
T_MCOaaFASTC	OPE_NAT	string	string	1		2006			Nature opération	Valeurs acceptées {10, 13, 30, 41, 90}	
T_MCOaaFASTC	ORG_CPL_NUM	string	string	10		2006			N° d’organisme complémentaire		
T_MCOaaFASTC	PAS_OC_MNT	integer	number	8		2006			Total participation assuré avant OC		
T_MCOaaFASTC	PAT_CMU	string	string	1		2006			Patient bénéficiaire de la CMU	0 : Non | 1 : Oui, laisser à vide si pas d'information	
T_MCOaaFASTC	PH_AMO_MNR	integer	number	8		2006			Total remboursable AMO Prestation hospitalières		
T_MCOaaFASTC	PH_BRM	integer	number	8		2006			Total Base Remboursement Prestation hospitalière		
T_MCOaaFASTC	PH_MNT	integer	number	8		2006			Montant total facturé pour PH		
T_MCOaaFASTC	PH_OC_MNR	integer	number	8		2006			Total remboursable OC pour les PH		
T_MCOaaFASTC	POST_DEP	string	string	5		2006			Code postal		
T_MCOaaFASTC	PS_IND	string	string	1		2006			Indicateur du parcours de soins	Valeurs acceptées {' ', A, B, D, H, J, M, N, O, R, S, T, U}	
T_MCOaaFASTC	RNG_BEN	string	string	3		2006			Rang de bénéficiaire		
T_MCOaaFASTC	RNG_NAI	string	string	1		2006			Rang de naissance		
T_MCOaaFASTC	RSF_TYP	string	string	1		2006			Type de format RSF (1 : ancien, 2 : nouveau)		
T_MCOaaFASTC	SEJ_FAC_AM	string	string	1		2006			Séjour facturable à l’assurance maladie	Valeurs acceptées {0, 1, 2, 3}	
T_MCOaaFASTC	SEQ_NUM	string	string	8		2006			N° séquentiel		
T_MCOaaFASTC	SEX_RET	string	string	1		2006			Code retour contrôle « sexe »		
T_MCOaaFASTC	SOR_ANN	string	string	4		2006			Année de sortie		
T_MCOaaFASTC	SOR_MOI	string	string	2		2006			Mois de sortie		
T_MCOaaFASTC	TYP_ART	string	string	1	MS_ENR_V	2006			Type d'enregistrement		
T_MCOaaFB	ACT_COD	string	string	5.0	IR_ACT_COD	2006			Code acte		
T_MCOaaFB	ACT_COE	integer	number	8.0		2006			Coefficient		
T_MCOaaFB	ACT_NBR	integer	number	8.0		2006			Quantité		
T_MCOaaFB	AMC_MNR	integer	number	8.0		2006			Montant remboursable par l'organisme complémentaire (AMC)		
T_MCOaaFB	AMO_MNR	integer	number	8.0		2006			Montant Remboursable par la caisse (AMO)		
T_MCOaaFB	DEL_DAT_ENT	integer	number	5.0		2013		2006,2007,2008,2009,2010,2011,2012	Délai par rapport à la date d'entrée		
T_MCOaaFB	ETA_NUM	string	string	9.0		2006			Numéro FINESS		
T_MCOaaFB	ETE_GHS_NUM	integer	number	4.0		2006			N° GHS (format num)		
T_MCOaaFB	EXE_SOI_AMD	string	string	6.0		2020		2006,2007,2008,2009,2010,2011,2012,2013,2014,2015,2016,2017,2018,2019	Date d'entrée du séjour (format Mois Année)		
T_MCOaaFB	EXE_SOI_AMF	string	string	6.0		2020		2006,2007,2008,2009,2010,2011,2012,2013,2014,2015,2016,2017,2018,2019	Date de sortie du séjour (format Mois Année)		
T_MCOaaFB	EXE_SOI_DTD	date	date			2020		2006,2007,2008,2009,2010,2011,2012,2013,2014,2015,2016,2017,2018,2019	Date d'entrée du séjour		
T_MCOaaFB	EXE_SOI_DTF	date	date			2020		2006,2007,2008,2009,2010,2011,2012,2013,2014,2015,2016,2017,2018,2019	Date de sortie du séjour		
T_MCOaaFB	EXO_TM	string	string	1.0		2006			Justification exonération TM		
T_MCOaaFB	FAC_MNT	integer	number	8.0		2006			Montant total de la dépense		
T_MCOaaFB	FJ_COD_PEC	string	string	1.0		2006			Code de prise en charge FJ		
T_MCOaaFB	GHS_NUM	string	string	4.0		2006			N° GHS		
T_MCOaaFB	MCO_COE	integer	number	8.0		2006			Coefficient MCO		
T_MCOaaFB	NOE_MNR	integer	number	8.0		2006			Montant remboursé NOEMIE Retour		
T_MCOaaFB	NOE_OPE	string	string	3.0		2006			Nature opération récupération NOEMIE Retour		
T_MCOaaFB	NUM_FAC	string	string	3.0		2006			N° séquentiel de facture		
T_MCOaaFB	PRI_UNI	integer	number	8.0		2006			Prix Unitaire		
T_MCOaaFB	PSH_DMT	string	string	3.0		2006			Discipline de prestation (ex DMT)		
T_MCOaaFB	PSH_MDT	string	string	2.0		2006			Mode de traitement		
T_MCOaaFB	REM_BAS	integer	number	8.0		2006			Montant Base remboursement		
T_MCOaaFB	REM_TAU	integer	number	8.0		2006			Taux applicable à la prestation		
T_MCOaaFB	RSA_NUM	string	string	10.0		2006			N° séquentiel (le même que pour les RSA)		
T_MCOaaFB	RSF_TYP	string	string	1.0		2006	2019	2020,2021,2022,2023,2024	Type de format RSF (1 : ancien, 2 : nouveau)		
T_MCOaaFB	SOR_ANN	string	string	4.0		2008	2019	2006,2007,2020,2021,2022,2023,2024	Année de fin de séjour		
T_MCOaaFB	SOR_MOI	string	string	2.0		2008	2019	2006,2007,2020,2021,2022,2023,2024	Mois de fin de séjour		
T_MCOaaFB	TYP_ART	string	string	1.0	MS_ENR_V	2006			Type d'enregistrement		
T_MCOaaFB	TYP_FPI	string	string	1.0		2017		2006,2007,2008,2009,2010,2011,2012,2013,2014,2015,2016	Type de prestation intermédiaire	1 : d’un diabète de type 1 ou type 2 (au sens de l’ALD n° 8 sur la liste des affections de longue durée) ou d’un diabète gestationnel,2 : d’une polyarthrite rhumatoïde évolutive (au sens de l’ALD n°21)3 : d’une spondylarthrite grave (au sens de l’ALD n°26)4 : d’une insuffisance cardiaque grave (au sens de l’ALD n°5 à l’exclusion des troubles du rythme graves, des cardiopathies valvulaires graves et des cardiopathies congénitales graves)	
T_MCOaaFBSTC	ACT_COD	string	string	5.0	IR_ACT_COD	2006			Code acte		
T_MCOaaFBSTC	ACT_COE	integer	number	8.0		2006			Coefficient		
T_MCOaaFBSTC	ACT_DNB	integer	number	8.0		2006			Dénombrement		
T_MCOaaFBSTC	ACT_NBR	integer	number	8.0		2006			Quantité		
T_MCOaaFBSTC	AMC_MNR	integer	number	8.0		2006			Montant remboursable par l'organisme complémentaire (AMC)		
T_MCOaaFBSTC	AMO_MNR	integer	number	8.0		2006			Montant Remboursable par la caisse (AMO)		
T_MCOaaFBSTC	COEF_MCO	integer	number	9.0		2006			Coefficient MCO		
T_MCOaaFBSTC	DEL_DAT_ENT	integer	number	5.0		2006			Délai par rapport à la date d'entrée		
T_MCOaaFBSTC	ETA_NUM	string	string	9.0		2006			Numéro FINESS		
T_MCOaaFBSTC	ETA_NUM_GEO	string	string	9.0		2006			Numéro FINESS géographique		
T_MCOaaFBSTC	EXE_SOI_AMD	string	string	6.0		2006			Date d'entrée au format année + mois		
T_MCOaaFBSTC	EXE_SOI_DTD	date	date			2006			Date d'entrée		
T_MCOaaFBSTC	EXE_SPE	string	string	2.0		2006			Spécialité exécutant		
T_MCOaaFBSTC	EXO_TM	string	string	1.0		2006			Justification exo TM		
T_MCOaaFBSTC	HON_MNT	integer	number	8.0		2006			Montant des honoraire (dépassement compris) ou Montant total de la dépense pour PH		
T_MCOaaFBSTC	NUM_FAC	string	string	3.0		2006			N° Facture séquentiel		
T_MCOaaFBSTC	PRI_UNI	integer	number	8.0		2006			Prix Unitaire		
T_MCOaaFBSTC	PSH_DMT	string	string	3.0		2006			Discipline de prestation (ex DMT)		
T_MCOaaFBSTC	PSH_MDT	string	string	2.0		2006			Mode de traitement		
T_MCOaaFBSTC	REM_BAS	integer	number	8.0		2006			Montant Base remboursement		
T_MCOaaFBSTC	REM_TAU	integer	number	8.0		2006			Taux applicable à la prestation		
T_MCOaaFBSTC	RSF_TYP	string	string	1.0		2006			Type de format RSF (1 : ancien, 2 : nouveau)		
T_MCOaaFBSTC	SEQ_NUM	string	string	8.0		2006			N° séquentiel		
T_MCOaaFBSTC	SOR_ANN	string	string	4.0		2006			Année des soins		
T_MCOaaFBSTC	SOR_MOI	string	string	2.0		2006			Mois des soins		
T_MCOaaFBSTC	TYP_ART	string	string	1.0	MS_ENR_V	2006			Type d'enregistrement		
T_MCOaaFBSTC	TYP_FPI	string	string	1.0		2006			Type de prestation intermédiaire	1 : d’un diabète de type 1 ou type 2 (au sens de l’ALD n° 8 sur la liste des affections de longue durée) ou d’un diabète gestationnel,2 : d’une polyarthrite rhumatoïde évolutive (au sens de l’ALD n°21)3 : d’une spondylarthrite grave (au sens de l’ALD n°26)4 : d’une insuffisance cardiaque grave (au sens de l’ALD n°5 à l’exclusion des troubles du rythme graves, des cardiopathies valvulaires graves et des cardiopathies congénitales graves)	
T_MCOaaFC	ACT_COD	string	string	5	IR_ACT_COD	2006			Code acte		
T_MCOaaFC	ACT_COE	integer	number	8		2006			Coefficient		
T_MCOaaFC	ACT_DNB	integer	number	8		2006			Dénombrement		
T_MCOaaFC	ACT_NBR	integer	number	8		2006			Quantité		
T_MCOaaFC	AMC_MNR	integer	number	8		2006			Montant remboursable par AMC		
T_MCOaaFC	AMO_MNR	integer	number	8		2006			Montant Remboursable par AMO		
T_MCOaaFC	DEL_DAT_ENT	integer	number	5		2013		2006,2007,2008,2009,2010,2011,2012	Délai par rapport à la date d'entrée		
T_MCOaaFC	ETA_NUM	string	string	9		2006			Numéro FINESS		
T_MCOaaFC	EXE_SOI_AMD	string	string	6		2020		2006,2007,2008,2009,2010,2011,2012,2013,2014,2015,2016,2017,2018,2019	Date d'entrée du séjour (format Mois Année)		
T_MCOaaFC	EXE_SOI_DTD	date	date	8		2020		2006,2007,2008,2009,2010,2011,2012,2013,2014,2015,2016,2017,2018,2019	Date d'entrée du séjour		
T_MCOaaFC	EXE_SPE	string	string	2		2017		2006,2007,2008,2009,2010,2011,2012,2013,2014,2015,2016	Spécialité exécutant		
T_MCOaaFC	EXO_TM	string	string	1		2006			Justification exo TM		
T_MCOaaFC	HON_MNT	integer	number	8		2006			Montant des honoraire (dépassement compris)		
T_MCOaaFC	NOE_MNR	integer	number	8		2006			Montant remboursé NOEMIE Retour		
T_MCOaaFC	NOE_OPE	string	string	3		2006			Nature opération récupération NOEMIE Retour		
T_MCOaaFC	NUM_FAC	string	string	3		2006			N° séquentiel de facture		
T_MCOaaFC	PRI_UNI	integer	number	8		2006			Prix Unitaire		
T_MCOaaFC	PSH_DMT	string	string	3		2006			Discipline de prestation (ex DMT)		
T_MCOaaFC	PSH_MDT	string	string	2		2006			Mode de traitement		
T_MCOaaFC	REM_BAS	integer	number	8		2006			Montant Base remboursement		
T_MCOaaFC	REM_TAU	integer	number	8		2006			Taux Remboursement		
T_MCOaaFC	RSA_NUM	string	string	10		2006			N° séquentiel (le même que pour les RSA)		
T_MCOaaFC	RSF_TYP	string	string	1		2006	2019	2020,2021,2022,2023,2024	Type de format RSF (1 : ancien, 2 : nouveau)		
T_MCOaaFC	SOR_ANN	string	string	4		2008	2019	2006,2007,2020,2021,2022,2023,2024	Année de l'acte		
T_MCOaaFC	SOR_MOI	string	string	2		2008	2019	2006,2007,2020,2021,2022,2023,2024	Mois de l'acte		
T_MCOaaFC	TYP_ART	string	string	1	MS_ENR_V	2006			Type d'enregistrement		
T_MCOaaFCSTC	ACT_COD	string	string	5.0	IR_ACT_COD	2006			Code acte		
T_MCOaaFCSTC	ACT_COE	integer	number	8.0		2006			Coefficient		
T_MCOaaFCSTC	ACT_DNB	integer	number	8.0		2006			Dénombrement		
T_MCOaaFCSTC	ACT_NBR	integer	number	8.0		2006			Quantité		
T_MCOaaFCSTC	AMC_MNR	integer	number	8.0		2006			Montant remboursable par l'organisme complémentaire (AMC)		
T_MCOaaFCSTC	AMO_MNR	integer	number	8.0		2006			Montant Remboursable par la caisse (AMO)		
T_MCOaaFCSTC	COEF_MCO	integer	number	9.0		2006			Coefficient MCO		
T_MCOaaFCSTC	CONSULT_MIG	string	string	2.0		2006			Type d’unité fonctionnelle de consultations (*)		
T_MCOaaFCSTC	DAT_RET	string	string	1.0		2006			Code retour contrôle « date de référence» (date d'entrée)		
T_MCOaaFCSTC	DEL_DAT_ENT	integer	number	5.0		2006			Délai par rapport à la date d'entrée	Délai par rapport à la date d'entrée indiquée dans le RSF-A. Attention, peut être négatif. Limiter à 5 car (signe compris)	
T_MCOaaFCSTC	ETA_NUM	string	string	9.0		2006			Numéro FINESS		
T_MCOaaFCSTC	ETA_NUM_GEO	string	string	9.0		2006			Numéro FINESS géographique		
T_MCOaaFCSTC	EXE_SOI_AMD	string	string	6.0		2006			Date d'entrée au format année + mois		
T_MCOaaFCSTC	EXE_SOI_DTD	date	date			2006			Date d'entrée		
T_MCOaaFCSTC	EXE_SPE	string	string	2.0		2006			Spécialité exécutant		
T_MCOaaFCSTC	EXO_TM	string	string	1.0		2006			Justification exo TM		
T_MCOaaFCSTC	HON_MNT	integer	number	8.0		2006			Montant des honoraire (dépassement compris) ou Montant total de la dépense pour PH		
T_MCOaaFCSTC	NIAS_RET	string	string	1.0		2006			Code retour contrôle « n° d’identification administratif de séjour »		
T_MCOaaFCSTC	NIR_ANO_17	string	string	17.0		2006			N° anonyme		
T_MCOaaFCSTC	NIR_RET	string	string	1.0		2006			Code retour contrôle « n° sécurité sociale »		
T_MCOaaFCSTC	NOE_MNR	integer	number	8.0		2006			Montant remboursé NOEMIE Retour		
T_MCOaaFCSTC	NOE_OPE	string	string	3.0		2006			Nature opération récupération NOEMIE Retour		
T_MCOaaFCSTC	NUM_FAC	string	string	3.0		2006			N° Facture séquentiel		
T_MCOaaFCSTC	PRI_UNI	integer	number	8.0		2006			Prix Unitaire		
T_MCOaaFCSTC	PSH_DMT	string	string	3.0		2006			Discipline de prestation (ex DMT)		
T_MCOaaFCSTC	PSH_MDT	string	string	2.0		2006			Mode de traitement		
T_MCOaaFCSTC	REM_BAS	integer	number	8.0		2006			Montant Base remboursement		
T_MCOaaFCSTC	REM_TAU	integer	number	8.0		2006			Taux applicable à la prestation		
T_MCOaaFCSTC	RSF_TYP	string	string	1.0		2006			Type de format RSF (1 : ancien, 2 : nouveau)		
T_MCOaaFCSTC	SEQ_NUM	string	string	8.0		2006			N° séquentiel		
T_MCOaaFCSTC	SEX_RET	string	string	1.0		2006			Code retour contrôle « sexe »		
T_MCOaaFCSTC	SOR_ANN	string	string	4.0		2006			Année des soins		
T_MCOaaFCSTC	SOR_MOI	string	string	2.0		2006			Mois des soins		
T_MCOaaFCSTC	TYP_ART	string	string	1.0	MS_ENR_V	2006			Type d'enregistrement		
T_MCOaaFH	ACH_PRI	integer	number	8		2006			Prix d'achat unitaire TTC		
T_MCOaaFH	COD_LES	string	string	7		2018		2006,2007,2008,2009,2010,2011,2012,2013,2014,2015,2016,2017	Code indication des spécialités pharmaceutiques inscrites sur la liste en sus		
T_MCOaaFH	COD_TAU	string	string	1		2006	2007	2008,2009,2010,2011,2012,2013,2014,2015,2016,2017,2018,2019,2020,2021,2022,2023,2024	Code taux		
T_MCOaaFH	COD_UCD	string	string	7	NU_UCD_R	2008		2006,2007	Code UCD		
T_MCOaaFH	COD_UCP_CIP	string	string	7		2006	2007	2008,2009,2010,2011,2012,2013,2014,2015,2016,2017,2018,2019,2020,2021,2022,2023,2024	Code UCD ou CIP		
T_MCOaaFH	COE_TAU	integer	number	8		2008		2006,2007	Coefficient de fractionnement		
T_MCOaaFH	DEL_DAT_ENT	integer	number	5		2013		2006,2007,2008,2009,2010,2011,2012	Délai par rapport à la date d'entrée		
T_MCOaaFH	ENT_ANN	string	string	4		2008	2019	2006,2007,2020,2021,2022,2023,2024	Année début de séjour		
T_MCOaaFH	ENT_MOI	string	string	2		2008	2019	2006,2007,2020,2021,2022,2023,2024	Mois du début du séjour		
T_MCOaaFH	ETA_NUM	string	string	9		2006			Numéro FINESS		
T_MCOaaFH	EXE_SOI_AMD	string	string	6		2020		2006,2007,2008,2009,2010,2011,2012,2013,2014,2015,2016,2017,2018,2019	Date d'entrée du séjour (format Mois Année)		
T_MCOaaFH	EXE_SOI_DTD	date	date	8		2020		2006,2007,2008,2009,2010,2011,2012,2013,2014,2015,2016,2017,2018,2019	Date d'entrée du séjour		
T_MCOaaFH	FAC_TOT	integer	number	8		2006			Montant total facturé TTC		
T_MCOaaFH	MNT_IND	integer	number	11		2006	2007	2008,2009,2010,2011,2012,2013,2014,2015,2016,2017,2018,2019,2020,2021,2022,2023,2024	Montant écart indemnisable		
T_MCOaaFH	MNT_UNI_ECA	integer	number	8		2008		2006,2007	Montant unitaire de l'écart indemnisable		
T_MCOaaFH	NUM_FAC	string	string	3		2006			N° séquentiel de facture		
T_MCOaaFH	PRI_UNI_FAC	integer	number	11		2006	2007	2008,2009,2010,2011,2012,2013,2014,2015,2016,2017,2018,2019,2020,2021,2022,2023,2024	Prix unitaire facturé		
T_MCOaaFH	QUA_COD	integer	number	8		2006			Quantité		
T_MCOaaFH	RSA_NUM	string	string	10		2006			N° séquentiel (le même que pour les RSA)		
T_MCOaaFH	RSF_TYP	string	string	1		2006	2019	2020,2021,2022,2023,2024	Type de format RSF (1 : ancien, 2 : nouveau)		
T_MCOaaFH	TOT_MNT_ECA	integer	number	8		2008		2006,2007	Montant total de l'écart indemnisable		
T_MCOaaFH	TYP_ART	string	string	1	MS_ENR_V	2006			Type d'enregistrement		
T_MCOaaFH	UCD_UCD_COD	string	string	13	NU_UCD_R	2006			Code UCD (0 à gauche)		
T_MCOaaFHSTC	ACH_PRU_TTC	integer	number	8.0		2006			Prix d'achat unitaire TTC		
T_MCOaaFHSTC	COD_LES	string	string	7.0		2006			Code indication des spécialités pharmaceutiques inscrites sur la liste en sus	Obligatoire au 1er septembre 2018 (code_LES sur https://www.atih.sante.fr/unites-communes-de-dispensation-prises-en-charge-en-sus)	
T_MCOaaFHSTC	DEL_DAT_ENT	integer	number	5.0		2006			Délai par rapport à la date d'entrée		
T_MCOaaFHSTC	ECRT_IND_MNT	integer	number	8.0		2006			Montant total de l'écart indemnisable		
T_MCOaaFHSTC	ECRT_IND_MTU	integer	number	8.0		2006			Montant unitaire de l'écart indemnisable		
T_MCOaaFHSTC	ENT_ANN	string	string	4.0		2006			Année de début de séjour		
T_MCOaaFHSTC	ENT_MOI	string	string	2.0		2006			Mois de début de séjour		
T_MCOaaFHSTC	ETA_NUM	string	string	9.0		2006			Numéro FINESS		
T_MCOaaFHSTC	ETA_NUM_GEO	string	string	9.0		2006			Numéro FINESS géographique		
T_MCOaaFHSTC	EXE_SOI_AMD	string	string	6.0		2006			Date d'entrée au format année + mois		
T_MCOaaFHSTC	EXE_SOI_DTD	date	date			2006			Date d'entrée		
T_MCOaaFHSTC	FAC_MNT	integer	number	8.0		2006			Montant total facturé TTC		
T_MCOaaFHSTC	FRACT_COE	integer	number	8.0		2006			Coefficient de fractionnement		
T_MCOaaFHSTC	NUM_FAC	string	string	3.0		2006			N° Facture séquentiel		
T_MCOaaFHSTC	QUA	integer	number	8.0		2006			Quantité		
T_MCOaaFHSTC	RSF_TYP	string	string	1.0		2006			Type de format RSF (1 : ancien, 2 : nouveau)		
T_MCOaaFHSTC	SEQ_NUM	string	string	8.0		2006			N° séquentiel		
T_MCOaaFHSTC	TYP_ART	string	string	1.0	MS_ENR_V	2006			Type d'enregistrement		
T_MCOaaFHSTC	UCD_COD	string	string	7.0	NU_UCD_R	2006			Code UCD		
T_MCOaaFHSTC	UCD_UCD_COD	string	string	13.0	NU_UCD_R	2006			Code UCD (0 à gauche)		
T_MCOaaFI	DEL_DAT_ENT	integer	number	5.0		2013		2006,2007,2008,2009,2010,2011,2012	Délai par rapport à la date d'entrée		
T_MCOaaFI	ETA_NUM	string	string	9.0		2006			Numéro FINESS		
T_MCOaaFI	ETB_NUM	string	string	14.0		2006			Etablissement de transfert ou de retour ou lieu d'exécution de l'acte		
T_MCOaaFI	EXE_SOI_AMD	string	string	6.0		2020		2006,2007,2008,2009,2010,2011,2012,2013,2014,2015,2016,2017,2018,2019	Date d'entrée du séjour (format Mois Année)		
T_MCOaaFI	EXE_SOI_AMF	string	string	6.0		2020		2006,2007,2008,2009,2010,2011,2012,2013,2014,2015,2016,2017,2018,2019	Date de sortie du séjour (format Mois Année)		
T_MCOaaFI	EXE_SOI_DTD	date	date			2020		2006,2007,2008,2009,2010,2011,2012,2013,2014,2015,2016,2017,2018,2019	Date d'entrée du séjour		
T_MCOaaFI	EXE_SOI_DTF	date	date			2020		2006,2007,2008,2009,2010,2011,2012,2013,2014,2015,2016,2017,2018,2019	Date de sortie du séjour		
T_MCOaaFI	NUM_FAC	string	string	3.0		2006			N° séquentiel de facture		
T_MCOaaFI	RSA_NUM	string	string	10.0		2006			N° séquentiel (le même que pour les RSA)		
T_MCOaaFI	RSF_TYP	string	string	1.0		2006	2019	2020,2021,2022,2023,2024	Type de format RSF (1 : ancien, 2 : nouveau)		
T_MCOaaFI	SEJ_FIN	string	string	1.0		2006			Nature d'interruption ou de fin de séjour		
T_MCOaaFI	SOR_ANN	string	string	4.0		2008	2019	2006,2007,2020,2021,2022,2023,2024	Année de fin de séjour		
T_MCOaaFI	SOR_MOI	string	string	2.0		2008	2019	2006,2007,2020,2021,2022,2023,2024	Mois de fin de séjour		
T_MCOaaFI	TYP_ART	string	string	1.0	MS_ENR_V	2006			Type d'enregistrement		
T_MCOaaFL	ACT_NBR	integer	number	2.0		2012		2006,2007,2008,2009,2010,2011	Quantité acte		
T_MCOaaFL	ANN_MOI	string	string	6.0		2012	2019	2006,2007,2008,2009,2010,2011,2020,2021,2022,2023,2024	Mois et année		
T_MCOaaFL	DEL_DAT_ENT	integer	number	5.0		2012		2006,2007,2008,2009,2010,2011	délai par rapport à la date d'entrée		
T_MCOaaFL	ETA_NUM	string	string	9.0		2012		2006,2007,2008,2009,2010,2011	Numéro FINESS e-PMSI		
T_MCOaaFL	EXE_SOI_AMD	string	string	6.0		2020		2006,2007,2008,2009,2010,2011,2012,2013,2014,2015,2016,2017,2018,2019	Date d'entrée du séjour (format Mois Année)		
T_MCOaaFL	EXE_SOI_DTD	date	date			2020		2006,2007,2008,2009,2010,2011,2012,2013,2014,2015,2016,2017,2018,2019	Date d'entrée du séjour		
T_MCOaaFL	NABM_COD	string	string	8.0	IR_BIO_R	2012		2006,2007,2008,2009,2010,2011	Code acte		
T_MCOaaFL	NUM_FAC	string	string	3.0		2012		2006,2007,2008,2009,2010,2011	N° Facture séquentiel		
T_MCOaaFL	PSH_DMT	string	string	3.0		2012		2006,2007,2008,2009,2010,2011	Discipline de prestation (ex DMT)		
T_MCOaaFL	PSH_MDT	string	string	2.0		2012		2006,2007,2008,2009,2010,2011	Mode de traitement		
T_MCOaaFL	RSA_NUM	string	string	10.0		2012		2006,2007,2008,2009,2010,2011	N° séquentiel (le même que pour les RSA)		
T_MCOaaFL	RSF_TYP	string	string	1.0		2012	2019	2006,2007,2008,2009,2010,2011,2020,2021,2022,2023,2024	Type de format RSF (1 : ancien, 2 : nouveau)		
T_MCOaaFL	TYP_ART	string	string	1.0	MS_ENR_V	2012		2006,2007,2008,2009,2010,2011	Type d'enregistrement		
T_MCOaaFLSTC	ACT_NBR	integer	number	2.0		2006			Quantité acte		
T_MCOaaFLSTC	ANN_MOI	string	string	6.0		2006			Mois et année		
T_MCOaaFLSTC	DEL_DAT_ENT	integer	number	5.0		2006			Délai par rapport à la date d'entrée		
T_MCOaaFLSTC	ETA_NUM	string	string	9.0		2006			Numéro FINESS e-PMSI		
T_MCOaaFLSTC	ETA_NUM_GEO	string	string	9.0		2006			Numéro FINESS géographique		
T_MCOaaFLSTC	EXE_SOI_AMD	string	string	6.0		2006			Date d'entrée au format année + mois		
T_MCOaaFLSTC	EXE_SOI_DTD	date	date			2006			Date d'entrée		
T_MCOaaFLSTC	NABM_COD	string	string	8.0	IR_BIO_R	2006			Code acte		
T_MCOaaFLSTC	NUM_FAC	string	string	3.0		2006			N° Facture séquentiel		
T_MCOaaFLSTC	PSH_DMT	string	string	3.0		2006			Discipline de prestation (ex DMT)		
T_MCOaaFLSTC	PSH_MDT	string	string	2.0		2006			Mode de traitement		
T_MCOaaFLSTC	RSF_TYP	string	string	1.0		2006			Type de format RSF (1 : ancien, 2 : nouveau)		
T_MCOaaFLSTC	SEQ_NUM	string	string	8.0		2006			N° séquentiel		
T_MCOaaFLSTC	TYP_ART	string	string	1.0	MS_ENR_V	2006			Type d'enregistrement		
T_MCOaaFM	ACV_ACT	string	string	1.0		2006			Activité		
T_MCOaaFM	ANP_ACT	string	string	1.0		2006			Association non prévue		
T_MCOaaFM	CCAM_COD	string	string	13.0	XC_ACT_R	2006			Code CCAM		
T_MCOaaFM	DEL_DAT_ENT	integer	number	5.0		2006			Délai par rapport à la date d'entrée		
T_MCOaaFM	DENT_NUM_1	string	string	2.0		2006			N° dent 1		
T_MCOaaFM	DENT_NUM_10	string	string	2.0		2006			N° dent 10		
T_MCOaaFM	DENT_NUM_11	string	string	2.0		2006			N° dent 11		
T_MCOaaFM	DENT_NUM_12	string	string	2.0		2006			N° dent 12		
T_MCOaaFM	DENT_NUM_13	string	string	2.0		2006			N° dent 13		
T_MCOaaFM	DENT_NUM_14	string	string	2.0		2006			N° dent 14		
T_MCOaaFM	DENT_NUM_15	string	string	2.0		2006			N° dent 15		
T_MCOaaFM	DENT_NUM_16	string	string	2.0		2006			N° dent 16		
T_MCOaaFM	DENT_NUM_2	string	string	2.0		2006			N° dent 2		
T_MCOaaFM	DENT_NUM_3	string	string	2.0		2006			N° dent 3		
T_MCOaaFM	DENT_NUM_4	string	string	2.0		2006			N° dent 4		
T_MCOaaFM	DENT_NUM_5	string	string	2.0		2006			N° dent 5		
T_MCOaaFM	DENT_NUM_6	string	string	2.0		2006			N° dent 6		
T_MCOaaFM	DENT_NUM_7	string	string	2.0		2006			N° dent 7		
T_MCOaaFM	DENT_NUM_8	string	string	2.0		2006			N° dent 8		
T_MCOaaFM	DENT_NUM_9	string	string	2.0		2006			N° dent 9		
T_MCOaaFM	DOC_ACT	string	string	1.0		2006			Extension documentaire		
T_MCOaaFM	ETA_NUM	string	string	9.0		2006			Numéro FINESS		
T_MCOaaFM	EXE_SOI_AMD	string	string	6.0		2006			Date d'entrée du séjour (format Mois Année)		
T_MCOaaFM	EXE_SOI_DTD	date	date			2006			Date d'entrée du séjour		
T_MCOaaFM	EXT_PMSI	string	string	2.0		2006			Extension PMSI		
T_MCOaaFM	MOD_ACT1	string	string	1.0		2006			Modificateur 1		
T_MCOaaFM	MOD_ACT2	string	string	1.0		2006			Modificateur 2		
T_MCOaaFM	MOD_ACT3	string	string	1.0		2006			Modificateur 3		
T_MCOaaFM	MOD_ACT4	string	string	1.0		2006			Modificateur 4		
T_MCOaaFM	NUM_FAC	string	string	3.0		2006			N° séquentiel de facture		
T_MCOaaFM	PHA_ACT	string	string	1.0		2006			Phase		
T_MCOaaFM	PSH_DMT	string	string	3.0		2006			Discipline de prestation (ex DMT)		
T_MCOaaFM	PSH_MDT	string	string	2.0		2006			Mode de traitement		
T_MCOaaFM	REM_EXP_ACT	string	string	1.0		2006			Code remboursement exceptionnel		
T_MCOaaFM	RSA_NUM	string	string	10.0		2006			N° séquentiel (le même que pour les RSA)		
T_MCOaaFM	RSF_TYP	string	string	1.0		2006			Type de format RSF (1 : ancien, 2 : nouveau)		
T_MCOaaFM	SOR_ANN	string	string	4.0		2006			Année de l'acte		
T_MCOaaFM	SOR_MOI	string	string	2.0		2006			Mois de l'acte		
T_MCOaaFM	TYP_ART	string	string	1.0	MS_ENR_V	2006			Type d'enregistrement		
T_MCOaaFMSTC	ACV_ACT	string	string	1.0		2006			Activité		
T_MCOaaFMSTC	ANP_ACT	string	string	1.0		2006			Code association d'actes non prévue		
T_MCOaaFMSTC	CCAM_COD	string	string	13.0	XC_ACT_R	2006			Code CCAM		
T_MCOaaFMSTC	DAT_RET	string	string	1.0		2006			Code retour contrôle « date de référence» (date d'entrée)		
T_MCOaaFMSTC	DEL_DAT_ENT	integer	number	5.0		2006			Délai par rapport à la date d'entrée		
T_MCOaaFMSTC	DENT_NUM_1	string	string	2.0		2006			N° dent 1		
T_MCOaaFMSTC	DENT_NUM_10	string	string	2.0		2006			N° dent 10		
T_MCOaaFMSTC	DENT_NUM_11	string	string	2.0		2006			N° dent 11		
T_MCOaaFMSTC	DENT_NUM_12	string	string	2.0		2006			N° dent 12		
T_MCOaaFMSTC	DENT_NUM_13	string	string	2.0		2006			N° dent 13		
T_MCOaaFMSTC	DENT_NUM_14	string	string	2.0		2006			N° dent 14		
T_MCOaaFMSTC	DENT_NUM_15	string	string	2.0		2006			N° dent 15		
T_MCOaaFMSTC	DENT_NUM_16	string	string	2.0		2006			N° dent 16		
T_MCOaaFMSTC	DENT_NUM_2	string	string	2.0		2006			N° dent 2		
T_MCOaaFMSTC	DENT_NUM_3	string	string	2.0		2006			N° dent 3		
T_MCOaaFMSTC	DENT_NUM_4	string	string	2.0		2006			N° dent 4		
T_MCOaaFMSTC	DENT_NUM_5	string	string	2.0		2006			N° dent 5		
T_MCOaaFMSTC	DENT_NUM_6	string	string	2.0		2006			N° dent 6		
T_MCOaaFMSTC	DENT_NUM_7	string	string	2.0		2006			N° dent 7		
T_MCOaaFMSTC	DENT_NUM_8	string	string	2.0		2006			N° dent 8		
T_MCOaaFMSTC	DENT_NUM_9	string	string	2.0		2006			N° dent 9		
T_MCOaaFMSTC	DOC_ACT	string	string	1.0		2006			Extension documentaire		
T_MCOaaFMSTC	ETA_NUM	string	string	9.0		2006			Numéro FINESS		
T_MCOaaFMSTC	ETA_NUM_GEO	string	string	9.0		2006			Numéro FINESS géographique		
T_MCOaaFMSTC	EXE_SOI_AMD	string	string	6.0		2006			Date d'entrée au format année + mois		
T_MCOaaFMSTC	EXE_SOI_DTD	date	date			2006			Date d'entrée		
T_MCOaaFMSTC	MOD_ACT1	string	string	1.0		2006			Modificateur 1		
T_MCOaaFMSTC	MOD_ACT2	string	string	1.0		2006			Modificateur 2		
T_MCOaaFMSTC	MOD_ACT3	string	string	1.0		2006			Modificateur 3		
T_MCOaaFMSTC	MOD_ACT4	string	string	1.0		2006			Modificateur 4		
T_MCOaaFMSTC	NIAS_RET	string	string	1.0		2006			Code retour contrôle « n° d’identification administratif de séjour »		
T_MCOaaFMSTC	NIR_ANO_17	string	string	17.0		2006			N° anonyme		
T_MCOaaFMSTC	NIR_RET	string	string	1.0		2006			Code retour contrôle « n° sécurité sociale »		
T_MCOaaFMSTC	NUM_FAC	string	string	3.0		2006			N° Facture séquentiel		
T_MCOaaFMSTC	PHA_ACT	string	string	1.0		2006			Phase		
T_MCOaaFMSTC	PSH_DMT	string	string	3.0		2006			Discipline de prestation (ex DMT)		
T_MCOaaFMSTC	PSH_MDT	string	string	2.0		2006			Mode de traitement		
T_MCOaaFMSTC	REM_EXP_ACT	string	string	1.0		2006			Code remboursement sous condition		
T_MCOaaFMSTC	RSF_TYP	string	string	1.0		2006			Type de format RSF (1 : ancien, 2 : nouveau)		
T_MCOaaFMSTC	SEQ_NUM	string	string	8.0		2006			N° séquentiel		
T_MCOaaFMSTC	SEX_RET	string	string	1.0		2006			Code retour contrôle « sexe »		
T_MCOaaFMSTC	SOR_ANN	string	string	4.0		2006			Année de sortie		
T_MCOaaFMSTC	SOR_MOI	string	string	2.0		2006			Mois de sortie		
T_MCOaaFMSTC	TYP_ART	string	string	1.0	MS_ENR_V	2006			Type d'enregistrement		
T_MCOaaFP	DEL_DAT_ENT	integer	number	5.0		2013		2006,2007,2008,2009,2010,2011,2012	Délai par rapport à la date d'entrée		
T_MCOaaFP	ENT_ANN	string	string	4.0		2008	2019	2006,2007,2020,2021,2022,2023,2024	Année début de séjour		
T_MCOaaFP	ENT_MOI	string	string	2.0		2008	2019	2006,2007,2020,2021,2022,2023,2024	Mois de début de séjour		
T_MCOaaFP	ETA_NUM	string	string	9.0		2006			Numéro FINESS		
T_MCOaaFP	EXE_SOI_AMD	string	string	6.0		2020		2006,2007,2008,2009,2010,2011,2012,2013,2014,2015,2016,2017,2018,2019	Date d'entrée du séjour (format Mois Année)		
T_MCOaaFP	EXE_SOI_DTD	date	date			2020		2006,2007,2008,2009,2010,2011,2012,2013,2014,2015,2016,2017,2018,2019	Date d'entrée du séjour		
T_MCOaaFP	FAC_MNT	integer	number	8.0		2008		2006,2007	Montant total facturé		
T_MCOaaFP	FAC_MNT1	integer	number	11.0		2006	2007	2008,2009,2010,2011,2012,2013,2014,2015,2016,2017,2018,2019,2020,2021,2022,2023,2024	Montant facturé 1		
T_MCOaaFP	FAC_MNT2	integer	number	11.0		2006	2007	2008,2009,2010,2011,2012,2013,2014,2015,2016,2017,2018,2019,2020,2021,2022,2023,2024	Montant facturé 2		
T_MCOaaFP	LPP_COD	string	string	13.0		2008		2006,2007	Code référence LPP		
T_MCOaaFP	LPP_COD1	string	string	13.0		2006	2007	2008,2009,2010,2011,2012,2013,2014,2015,2016,2017,2018,2019,2020,2021,2022,2023,2024	Code LPP 1		
T_MCOaaFP	LPP_COD2	string	string	13.0		2006	2007	2008,2009,2010,2011,2012,2013,2014,2015,2016,2017,2018,2019,2020,2021,2022,2023,2024	Code LPP 2		
T_MCOaaFP	LPP_PRI_UNI	integer	number	8.0		2008		2006,2007	Prix d'achat unitaire		
T_MCOaaFP	LPP_PRI_UNI1	integer	number	11.0		2006	2007	2008,2009,2010,2011,2012,2013,2014,2015,2016,2017,2018,2019,2020,2021,2022,2023,2024	Tarif référence LPP/Prix unitaire 1		
T_MCOaaFP	LPP_PRI_UNI2	integer	number	11.0		2006	2007	2008,2009,2010,2011,2012,2013,2014,2015,2016,2017,2018,2019,2020,2021,2022,2023,2024	Tarif référence LPP/Prix unitaire 2		
T_MCOaaFP	LPP_PU_DEV	integer	number	8.0		2008		2006,2007	Tarif référence LPP/ Prix Unitaire sur devis		
T_MCOaaFP	LPP_QUA	integer	number	8.0		2008		2006,2007	Quantité		
T_MCOaaFP	LPP_QUA1	integer	number	3.0		2006	2007	2008,2009,2010,2011,2012,2013,2014,2015,2016,2017,2018,2019,2020,2021,2022,2023,2024	Quantité 1		
T_MCOaaFP	LPP_QUA2	integer	number	3.0		2006	2007	2008,2009,2010,2011,2012,2013,2014,2015,2016,2017,2018,2019,2020,2021,2022,2023,2024	Quantité 2		
T_MCOaaFP	MNT_UNI_ECA	integer	number	8.0		2008		2006,2007	Montant unitaire de l'écart indemnisable		
T_MCOaaFP	NUM_FAC	string	string	3.0		2006			N° séquentiel de facture		
T_MCOaaFP	RSA_NUM	string	string	10.0		2006			N° séquentiel (le même que pour les RSA)		
T_MCOaaFP	RSF_TYP	string	string	1.0		2006	2019	2020,2021,2022,2023,2024	Type de format RSF (1 : ancien, 2 : nouveau)		
T_MCOaaFP	TIP_PRS_IDE	integer	number	13.0	NT_LPP	2006			Code référence LPP (format numérique)		
T_MCOaaFP	TOT_MNT_ECA	integer	number	8.0		2008		2006,2007	Montant total de l'écart indemnisable		
T_MCOaaFP	TYP_ART	string	string	1.0	MS_ENR_V	2006			Type d'enregistrement		
T_MCOaaFPSTC	DEL_DAT_ENT	integer	number	5.0		2006			Délai par rapport à la date d'entrée		
T_MCOaaFPSTC	ENT_ANN	string	string	4.0		2006			Année début de séjour		
T_MCOaaFPSTC	ENT_MOI	string	string	2.0		2006			Mois de début de séjour		
T_MCOaaFPSTC	ETA_NUM	string	string	9.0		2006			Numéro FINESS		
T_MCOaaFPSTC	ETA_NUM_GEO	string	string	9.0		2006			Numéro FINESS géographique		
T_MCOaaFPSTC	EXE_SOI_AMD	string	string	6.0		2006			Date d'entrée au format année + mois		
T_MCOaaFPSTC	EXE_SOI_DTD	date	date			2006			Date d'entrée		
T_MCOaaFPSTC	FAC_MNT	integer	number	8.0		2006			Montant total facturé		
T_MCOaaFPSTC	LPP_COD	string	string	13.0		2006			Code référence LPP		
T_MCOaaFPSTC	LPP_PRI_UNI	integer	number	8.0		2006			Prix d'achat unitaire		
T_MCOaaFPSTC	LPP_PU_DEV	integer	number	8.0		2006			Tarif référence LPP/ Prix Unitaire sur devis		
T_MCOaaFPSTC	LPP_QUA	integer	number	8.0		2006			Quantité		
T_MCOaaFPSTC	MNT_UNI_ECA	integer	number	8.0		2006			Montant unitaire de l'écart indemnisable		
T_MCOaaFPSTC	NUM_FAC	string	string	3.0		2006			N° séquentiel de facture		
T_MCOaaFPSTC	RSF_TYP	string	string	1.0		2006			Type de format RSF (1 : ancien, 2 : nouveau)		
T_MCOaaFPSTC	SEQ_NUM	string	string	10.0		2006			N° séquentiel (le même que pour les RSA)		
T_MCOaaFPSTC	TIP_PRS_IDE	integer	number	13.0	NT_LPP	2006			Code référence LPP (format numérique)		
T_MCOaaFPSTC	TOT_MNT_ECA	integer	number	8.0		2006			Montant total de l'écart indemnisable		
T_MCOaaFPSTC	TYP_ART	string	string	1.0	MS_ENR_V	2006			Type d'enregistrement		
T_MCOaaGVxxxx	ETA_NUM	string	string	9		2006			N° FINESS		
T_MCOaaGVxxxx	ETE_GHS_NUM	integer	number	8		2006			Numéro de GHS (du GHM GENRSA)		
T_MCOaaGVxxxx	FORMAT	string	string	2		2006			Format		
T_MCOaaGVxxxx	GHM_NUM	string	string	6		2006			Regroupage en GHM		
T_MCOaaGVxxxx	GHS_NUM	string	string	4		2006			Numéro de GHS (du GHM GENRSA)		
T_MCOaaGVxxxx	GHS_THEO	string	string	4		2006			Regroupage en GHS (GHS correspond au GHM)		
T_MCOaaGVxxxx	RSA_NUM	string	string	10		2006			N° d'index du RSA		
T_MCOaaIVG	ANN	string	string	4		2017	2022	2006,2007,2008,2009,2010,2011,2012,2013,2014,2015,2016,2023,2024	Année période		
T_MCOaaIVG	ANN_IVG_PREC	integer	number	4		2017	2022	2006,2007,2008,2009,2010,2011,2012,2013,2014,2015,2016,2023,2024	Année de la dernière IVG		
T_MCOaaIVG	ETA_NUM	string	string	9		2017	2022	2006,2007,2008,2009,2010,2011,2012,2013,2014,2015,2016,2023,2024	N° FINESS e-PMSI		
T_MCOaaIVG	ETA_NUM_ENT	string	string	9		2017	2022	2006,2007,2008,2009,2010,2011,2012,2013,2014,2015,2016,2023,2024	N° FINESS du fichier d'entrée	Correspond soit au FINESS PMSI (version 2016, soit FINESS géographique en mode dégradé)cf notice technique FICHCOMP version dégradée (lien: http://www.atih.sante.fr/sites/default/files/public/content/3057/notice_technique_atih_ndeg_cim-mf-902-2-2017_notice_pmsi_rectificative.pdf	
T_MCOaaIVG	MOI	string	string	2		2017	2022	2006,2007,2008,2009,2010,2011,2012,2013,2014,2015,2016,2023,2024	N° période (mois)		
T_MCOaaIVG	NBR_IVG_ANT	integer	number	2		2017	2022	2006,2007,2008,2009,2010,2011,2012,2013,2014,2015,2016,2023,2024	Nombre d'IVG antérieures		
T_MCOaaIVG	NBR_NAIS_ANT	integer	number	2		2017	2022	2006,2007,2008,2009,2010,2011,2012,2013,2014,2015,2016,2023,2024	Nombre de naissances vivantes antérieures		
T_MCOaaIVG	PRS_TYP	string	string	2		2017	2022	2006,2007,2008,2009,2010,2011,2012,2013,2014,2015,2016,2023,2024	Type de prestation		
T_MCOaaIVG	RSA_NUM	string	string	10		2017	2022	2006,2007,2008,2009,2010,2011,2012,2013,2014,2015,2016,2023,2024	N° d'index du RSA		
T_MCOaaIVG	SOR_ANN	string	string	4		2017	2022	2006,2007,2008,2009,2010,2011,2012,2013,2014,2015,2016,2023,2024	Année du séjour		
T_MCOaaIVG	SOR_MOI	string	string	2		2017	2022	2006,2007,2008,2009,2010,2011,2012,2013,2014,2015,2016,2023,2024	Mois du séjour		
T_MCOaaLACT	ANN_MOI	string	string	6		2010	2014	2006,2007,2008,2009,2015,2016,2017,2018,2019,2020,2021,2022,2023,2024	Année+Mois		
T_MCOaaLACT	ETA_NUM	string	string	9		2010	2014	2006,2007,2008,2009,2015,2016,2017,2018,2019,2020,2021,2022,2023,2024	N° FINESS		
T_MCOaaLACT	FIC_TYP	string	string	3		2010	2014	2006,2007,2008,2009,2015,2016,2017,2018,2019,2020,2021,2022,2023,2024	Type de fichier		
T_MCOaaLACT	NBR_LLA_COL	integer	number	7		2011	2014	2006,2007,2008,2009,2010,2015,2016,2017,2018,2019,2020,2021,2022,2023,2024	Nombre de litres de lait collecté		
T_MCOaaLACT	QTE_LFC_CON_LIT	integer	number	7		2010	2014	2006,2007,2008,2009,2015,2016,2017,2018,2019,2020,2021,2022,2023,2024	Quantité de lait frais ou congelé consommé (en litres)		
T_MCOaaLACT	QTE_LFC_PRD_LIT	integer	number	7		2010	2014	2006,2007,2008,2009,2015,2016,2017,2018,2019,2020,2021,2022,2023,2024	Quantité de lait frais ou congelé produit (en litres)		
T_MCOaaLACT	QTE_LLY_CON_GR	integer	number	7		2010	2014	2006,2007,2008,2009,2015,2016,2017,2018,2019,2020,2021,2022,2023,2024	Quantité de lait lyophilisé consommé (en grammes)		
T_MCOaaLACT	QTE_LLY_PRD_GR	integer	number	7		2010	2014	2006,2007,2008,2009,2015,2016,2017,2018,2019,2020,2021,2022,2023,2024	Quantité de lait lyophilisé produit (en grammes)		
T_MCOaaLEG	ANN	string	string	4		2014		2006,2007,2008,2009,2010,2011,2012,2013	Année période		
T_MCOaaLEG	COD_ERR	string	string	4		2014		2006,2007,2008,2009,2010,2011,2012,2013	Code retour		
T_MCOaaLEG	ETA_NUM	string	string	9		2014		2006,2007,2008,2009,2010,2011,2012,2013	N° FINESS		
T_MCOaaLEG	MOI	string	string	2		2014		2006,2007,2008,2009,2010,2011,2012,2013	Mois période		
T_MCOaaLEG	RSA_NUM	string	string	10		2014		2006,2007,2008,2009,2010,2011,2012,2013	N° d'index du RSA		
T_MCOaaMED	ADM_MOIS	string	string	2		2008		2006,2007	Mois de la date d'administration		
T_MCOaaMED	ADM_NBR	integer	number	8		2008		2006,2007	Nombre administré éventuellement fractionnaire		
T_MCOaaMED	ADM_NBR_PRI	integer	number	8		2008		2006,2007	Prix d'achat multiplié par le nombre administré		
T_MCOaaMED	ANN	string	string	4		2008		2006,2007	Année période		
T_MCOaaMED	COD_LES	string	string	7		2018		2006,2007,2008,2009,2010,2011,2012,2013,2014,2015,2016,2017	Code indication des spécialités pharmaceutiques inscrites sur la liste en sus	Obligatoire au 1er septembre (code_LES sur https://www.atih.sante.fr/unites-communes-de-dispensation-prises-en-charge-en-sus)	
T_MCOaaMED	DAT_ADM_ANN	string	string	4		2009		2006,2007,2008	Année de la date d'administration		
T_MCOaaMED	DELAI	integer	number	8		2008		2006,2007	Délai entre la date d’entrée du séjour et la date de dispensation		
T_MCOaaMED	ETA_NUM	string	string	9		2008		2006,2007	N° FINESS		
T_MCOaaMED	ETA_NUM_ENT	string	string	9		2017		2006,2007,2008,2009,2010,2011,2012,2013,2014,2015,2016	N° FINESS du fichier d'entrée	Correspond soit au FINESS PMSI (version 2016, soit FINESS géographique en mode dégradé)cf notice technique FICHCOMP version dégradée (lien: http://www.atih.sante.fr/sites/default/files/public/content/3057/notice_technique_atih_ndeg_cim-mf-902-2-2017_notice_pmsi_rectificative.pdf	
T_MCOaaMED	INI_VAL_PRS	string	string	1		2010		2006,2007,2008,2009	Validation initiale de la prescription par un centre de référence ou de compétence		
T_MCOaaMED	MOI	string	string	2		2008		2006,2007	N° période (mois)		
T_MCOaaMED	NBR_SEJ	integer	number	8		2008		2006,2007	Nombre de séjours impliqués		
T_MCOaaMED	PRS_TYP	string	string	2		2008		2006,2007	Type de prestation		
T_MCOaaMED	RSA_NUM	string	string	10		2008		2006,2007	N° d'index du RSA		
T_MCOaaMED	TOP_UCD_AUTO	string	string	1		2015		2006,2007,2008,2009,2010,2011,2012,2013,2014	Top transcodage UCD13 auto	1=oui, 2=non	
T_MCOaaMED	UCD_COD	string	string	9		2008	2014	2006,2007,2015,2016,2017,2018,2019,2020,2021,2022,2023,2024	Code UCD		
T_MCOaaMED	UCD_UCD_COD	string	string	13	NU_UCD_R	2008		2006,2007	Code UCD (avec 0 à gauche)		
T_MCOaaMEDAPAC	ACH_PRI_ADM	integer	number	13		2022		2006,2007,2008,2009,2010,2011,2012,2013,2014,2015,2016,2017,2018,2019,2020,2021	Prix d'achat multiplié par le nombre administré		
T_MCOaaMEDAPAC	ADM_ANN	string	string	4		2022		2006,2007,2008,2009,2010,2011,2012,2013,2014,2015,2016,2017,2018,2019,2020,2021	Année de la date d'administration		
T_MCOaaMEDAPAC	ADM_MOIS	string	string	2		2022		2006,2007,2008,2009,2010,2011,2012,2013,2014,2015,2016,2017,2018,2019,2020,2021	Mois de la date d'administration		
T_MCOaaMEDAPAC	ADM_NBR	integer	number	8		2022		2006,2007,2008,2009,2010,2011,2012,2013,2014,2015,2016,2017,2018,2019,2020,2021	Nombre administré éventuellement fractionnaire		
T_MCOaaMEDAPAC	ANN	string	string	4		2022		2006,2007,2008,2009,2010,2011,2012,2013,2014,2015,2016,2017,2018,2019,2020,2021	Année période		
T_MCOaaMEDAPAC	COD_LES	string	string	7		2022		2006,2007,2008,2009,2010,2011,2012,2013,2014,2015,2016,2017,2018,2019,2020,2021	Code indication des spécialités pharmaceutiques inscrites sur la liste en sus	code_LES sur https://www.atih.sante.fr/unites-communes-de-dispensation-prises-en-charge-en-sus	
T_MCOaaMEDAPAC	DAT_DELAI	integer	number	4		2022		2006,2007,2008,2009,2010,2011,2012,2013,2014,2015,2016,2017,2018,2019,2020,2021	Délai entre la date d’entrée du séjour et la date de dispensation		
T_MCOaaMEDAPAC	ETA_NUM	string	string	9		2022		2006,2007,2008,2009,2010,2011,2012,2013,2014,2015,2016,2017,2018,2019,2020,2021	N° FINESS		
T_MCOaaMEDAPAC	ETA_NUM_ENT	string	string	9		2022		2006,2007,2008,2009,2010,2011,2012,2013,2014,2015,2016,2017,2018,2019,2020,2021	N° FINESS du fichier d'entrée	Correspond soit au FINESS PMSI (version 2016, soit FINESS géographique en mode dégradé)cf notice technique FICHCOMP version dégradée (lien: http://www.atih.sante.fr/sites/default/files/public/content/3057/notice_technique_atih_ndeg_cim-mf-902-2-2017_notice_pmsi_rectificative.pdf	
T_MCOaaMEDAPAC	INI_VAL_PRS	string	string	1		2022		2006,2007,2008,2009,2010,2011,2012,2013,2014,2015,2016,2017,2018,2019,2020,2021	Validation initiale de la prescription par un centre de référence ou de compétence		
T_MCOaaMEDAPAC	MOI	string	string	2		2022		2006,2007,2008,2009,2010,2011,2012,2013,2014,2015,2016,2017,2018,2019,2020,2021	N° période (mois)		
T_MCOaaMEDAPAC	PRS_TYP	string	string	2		2022		2006,2007,2008,2009,2010,2011,2012,2013,2014,2015,2016,2017,2018,2019,2020,2021	Type de prestation		
T_MCOaaMEDAPAC	RSA_NUM	string	string	10		2022		2006,2007,2008,2009,2010,2011,2012,2013,2014,2015,2016,2017,2018,2019,2020,2021	N° d'index du RSA		
T_MCOaaMEDAPAC	SEJ_NBR	integer	number	6		2022		2006,2007,2008,2009,2010,2011,2012,2013,2014,2015,2016,2017,2018,2019,2020,2021	Nombre de séjours impliqués		
T_MCOaaMEDAPAC	TOP_UCD_AUTO	string	string	1		2022		2006,2007,2008,2009,2010,2011,2012,2013,2014,2015,2016,2017,2018,2019,2020,2021	Top transcodage UCD13 auto	1=oui, 2=non	
T_MCOaaMEDAPAC	UCD_UCD_COD	string	string	13		2022		2006,2007,2008,2009,2010,2011,2012,2013,2014,2015,2016,2017,2018,2019,2020,2021	Code UCD (avec 0 à gauche)		
T_MCOaaMEDATU	ACH_PRI_ADM	integer	number	13		2012	2021	2006,2007,2008,2009,2010,2011,2022,2023,2024	Prix d'achat multiplié par le nombre administré		
T_MCOaaMEDATU	ADM_ANN	string	string	4		2012	2021	2006,2007,2008,2009,2010,2011,2022,2023,2024	Année de la date d'administration		
T_MCOaaMEDATU	ADM_MOIS	string	string	2		2012	2021	2006,2007,2008,2009,2010,2011,2022,2023,2024	Mois de la date d'administration		
T_MCOaaMEDATU	ADM_NBR	integer	number	8		2012	2021	2006,2007,2008,2009,2010,2011,2022,2023,2024	Nombre administré éventuellement fractionnaire		
T_MCOaaMEDATU	ANN	string	string	4		2012	2021	2006,2007,2008,2009,2010,2011,2022,2023,2024	Année période		
T_MCOaaMEDATU	COD_LES	string	string	7		2019	2021	2006,2007,2008,2009,2010,2011,2012,2013,2014,2015,2016,2017,2018,2022,2023,2024	Code indication des spécialités pharmaceutiques inscrites sur la liste en sus	code_LES sur https://www.atih.sante.fr/unites-communes-de-dispensation-prises-en-charge-en-sus	
T_MCOaaMEDATU	DAT_DELAI	integer	number	4		2012	2021	2006,2007,2008,2009,2010,2011,2022,2023,2024	Délai entre la date d’entrée du séjour et la date de dispensation		
T_MCOaaMEDATU	ETA_NUM	string	string	9		2012	2021	2006,2007,2008,2009,2010,2011,2022,2023,2024	N° FINESS		
T_MCOaaMEDATU	ETA_NUM_ENT	string	string	9		2017	2021	2006,2007,2008,2009,2010,2011,2012,2013,2014,2015,2016,2022,2023,2024	N° FINESS du fichier d'entrée	Correspond soit au FINESS PMSI (version 2016, soit FINESS géographique en mode dégradé)cf notice technique FICHCOMP version dégradée (lien: http://www.atih.sante.fr/sites/default/files/public/content/3057/notice_technique_atih_ndeg_cim-mf-902-2-2017_notice_pmsi_rectificative.pdf	
T_MCOaaMEDATU	INI_VAL_PRS	string	string	1		2012	2021	2006,2007,2008,2009,2010,2011,2022,2023,2024	Validation initiale de la prescription par un centre de référence ou de compétence		
T_MCOaaMEDATU	MOI	string	string	2		2012	2021	2006,2007,2008,2009,2010,2011,2022,2023,2024	N° période (mois)		
T_MCOaaMEDATU	PRS_TYP	string	string	2		2012	2021	2006,2007,2008,2009,2010,2011,2022,2023,2024	Type de prestation		
T_MCOaaMEDATU	RSA_NUM	string	string	10		2012	2021	2006,2007,2008,2009,2010,2011,2022,2023,2024	N° d'index du RSA		
T_MCOaaMEDATU	SEJ_NBR	integer	number	6		2012	2021	2006,2007,2008,2009,2010,2011,2022,2023,2024	Nombre de séjours impliqués		
T_MCOaaMEDATU	TOP_UCD_AUTO	string	string	1		2015	2021	2006,2007,2008,2009,2010,2011,2012,2013,2014,2022,2023,2024	Top transcodage UCD13 auto	1=oui, 2=non	
T_MCOaaMEDATU	UCD_COD	string	string	9		2012	2014	2006,2007,2008,2009,2010,2011,2015,2016,2017,2018,2019,2020,2021,2022,2023,2024	Code UCD		
T_MCOaaMEDATU	UCD_UCD_COD	string	string	13	NU_UCD_R	2012	2021	2006,2007,2008,2009,2010,2011,2022,2023,2024	Code UCD (avec 0 à gauche)		
T_MCOaaMEDTHROMBO	ADM_ANN	string	string	4.0		2012	2021	2006,2007,2008,2009,2010,2011,2022,2023,2024	Année de la date d'administration		
T_MCOaaMEDTHROMBO	ADM_MOIS	string	string	2.0		2012	2021	2006,2007,2008,2009,2010,2011,2022,2023,2024	Mois de la date d'administration		
T_MCOaaMEDTHROMBO	ADM_NBR	integer	number	8.0		2012	2021	2006,2007,2008,2009,2010,2011,2022,2023,2024	Nombre administré éventuellement fractionnaire		
T_MCOaaMEDTHROMBO	ADM_PRI_ADM	integer	number	10.3		2012	2021	2006,2007,2008,2009,2010,2011,2022,2023,2024	Prix d'achat multiplié par le nombre administré		
T_MCOaaMEDTHROMBO	ANN	string	string	4.0		2012	2021	2006,2007,2008,2009,2010,2011,2022,2023,2024	Année période		
T_MCOaaMEDTHROMBO	DAT_DELAI	integer	number	4.0		2012	2021	2006,2007,2008,2009,2010,2011,2022,2023,2024	Délai entre la date d’entrée du séjour et la date de dispensation		
T_MCOaaMEDTHROMBO	ETA_NUM	string	string	9.0		2012	2021	2006,2007,2008,2009,2010,2011,2022,2023,2024	N° FINESS		
T_MCOaaMEDTHROMBO	ETA_NUM_ENT	string	string	9.0		2017	2021	2006,2007,2008,2009,2010,2011,2012,2013,2014,2015,2016,2022,2023,2024	N° FINESS du fichier d'entrée	Correspond soit au FINESS PMSI (version 2016, soit FINESS géographique en mode dégradé)cf notice technique FICHCOMP version dégradée (lien: http://www.atih.sante.fr/sites/default/files/public/content/3057/notice_technique_atih_ndeg_cim-mf-902-2-2017_notice_pmsi_rectificative.pdf	
T_MCOaaMEDTHROMBO	INI_VAL_PRS	string	string	1.0		2012	2021	2006,2007,2008,2009,2010,2011,2022,2023,2024	Validation initiale de la prescription par un centre de référence ou de compétence		
T_MCOaaMEDTHROMBO	MOI	string	string	2.0		2012	2021	2006,2007,2008,2009,2010,2011,2022,2023,2024	N° période (mois)		
T_MCOaaMEDTHROMBO	PRS_TYP	string	string	2.0		2012	2021	2006,2007,2008,2009,2010,2011,2022,2023,2024	Type de prestation		
T_MCOaaMEDTHROMBO	RSA_NUM	string	string	10.0		2012	2021	2006,2007,2008,2009,2010,2011,2022,2023,2024	N° d'index du RSA		
T_MCOaaMEDTHROMBO	SEJ_NBR	integer	number	6.0		2012	2021	2006,2007,2008,2009,2010,2011,2022,2023,2024	Nombre de séjours impliqués		
T_MCOaaMEDTHROMBO	TOP_UCD_AUTO	string	string	1.0		2015	2021	2006,2007,2008,2009,2010,2011,2012,2013,2014,2022,2023,2024	Top transcodage UCD13 auto	1=oui, 2=non	
T_MCOaaMEDTHROMBO	UCD_COD	string	string	9.0		2012	2014	2006,2007,2008,2009,2010,2011,2015,2016,2017,2018,2019,2020,2021,2022,2023,2024	Code UCD		
T_MCOaaMEDTHROMBO	UCD_UCD_COD	string	string	13.0	NU_UCD_R	2012	2021	2006,2007,2008,2009,2010,2011,2022,2023,2024	Code UCD (avec 0 à gauche)		
T_MCOaaORP	ANN	string	string	4		2013	2016	2006,2007,2008,2009,2010,2011,2012,2017,2018,2019,2020,2021,2022,2023,2024	Année période		
T_MCOaaORP	ETA_NUM	string	string	9		2013	2016	2006,2007,2008,2009,2010,2011,2012,2017,2018,2019,2020,2021,2022,2023,2024	N° FINESS		
T_MCOaaORP	MOI	string	string	2		2013	2016	2006,2007,2008,2009,2010,2011,2012,2017,2018,2019,2020,2021,2022,2023,2024	N° période (mois)		
T_MCOaaORP	ORP_COD	string	string	15		2013	2016	2006,2007,2008,2009,2010,2011,2012,2017,2018,2019,2020,2021,2022,2023,2024	Code ORPHA		
T_MCOaaORP	PRS_TYP	string	string	2		2013	2016	2006,2007,2008,2009,2010,2011,2012,2017,2018,2019,2020,2021,2022,2023,2024	Type de prestation		
T_MCOaaORP	RSA_NUM	string	string	10		2013	2016	2006,2007,2008,2009,2010,2011,2012,2017,2018,2019,2020,2021,2022,2023,2024	N° d'index du RSA		
T_MCOaaPIE	ANN	string	string	4		2008		2006,2007	Année période		
T_MCOaaPIE	DELAI	integer	number	8		2008		2006,2007	Délai entre la date d’entrée du séjour et la date de début de la prestation		
T_MCOaaPIE	ETA_NUM	string	string	9		2008		2006,2007	N° FINESS		
T_MCOaaPIE	ETA_NUM_ENT	string	string	9		2017		2006,2007,2008,2009,2010,2011,2012,2013,2014,2015,2016	N° FINESS du fichier d'entrée	Correspond soit au FINESS PMSI (version 2016, soit FINESS géographique en mode dégradé)cf notice technique FICHCOMP version dégradée (lien: http://www.atih.sante.fr/sites/default/files/public/content/3057/notice_technique_atih_ndeg_cim-mf-902-2-2017_notice_pmsi_rectificative.pdf	
T_MCOaaPIE	MOI	string	string	2		2008		2006,2007	N° période (mois)		
T_MCOaaPIE	POS_ANN	string	string	4		2009		2006,2007,2008	Année de la date de début de la prestation		
T_MCOaaPIE	POS_MOI	string	string	2		2008		2006,2007	Mois de la date de pose (si renseginée)		
T_MCOaaPIE	PRS_COD	string	string	9		2008		2006,2007	Code Prestation		
T_MCOaaPIE	PRS_JOU_NBR	integer	number	8		2008		2006,2007	Durée de la prestation		
T_MCOaaPIE	PRS_TYP	string	string	2		2008		2006,2007	Type de prestation		
T_MCOaaPIE	RSA_NUM	string	string	10		2008		2006,2007	N° d'index du RSA		
T_MCOaaPIE	SUP_PAY_NBR	integer	number	8		2009		2006,2007,2008	Nombre de suppléments payés		
T_MCOaaPIP	ANN	string	string	4		2012	2015	2006,2007,2008,2009,2010,2011,2016,2017,2018,2019,2020,2021,2022,2023,2024	Année période		
T_MCOaaPIP	ETA_NUM	string	string	9		2012	2015	2006,2007,2008,2009,2010,2011,2016,2017,2018,2019,2020,2021,2022,2023,2024	N° FINESS		
T_MCOaaPIP	MOI	string	string	2		2012	2015	2006,2007,2008,2009,2010,2011,2016,2017,2018,2019,2020,2021,2022,2023,2024	N° période (mois)		
T_MCOaaPIP	PIP_COD	string	string	3		2012	2015	2006,2007,2008,2009,2010,2011,2016,2017,2018,2019,2020,2021,2022,2023,2024	Code PIP		
T_MCOaaPIP	PRS_TYP	string	string	2		2012	2015	2006,2007,2008,2009,2010,2011,2016,2017,2018,2019,2020,2021,2022,2023,2024	Type de prestation		
T_MCOaaPIP	RSA_NUM	string	string	10		2012	2015	2006,2007,2008,2009,2010,2011,2016,2017,2018,2019,2020,2021,2022,2023,2024	N° d'index du RSA		
T_MCOaaPORG	ANN	string	string	4		2008		2006,2007	Année période		
T_MCOaaPORG	ANN_PO	string	string	4		2009		2006,2007,2008	Année de la date de réalisation du prélèvement d'organe		
T_MCOaaPORG	DELAI	integer	number	8		2008		2006,2007	Délai entre la date d’entrée du séjour et la date de réalisation du prélèvement d'organe		
T_MCOaaPORG	ETA_NUM	string	string	9		2008		2006,2007	N° FINESS		
T_MCOaaPORG	ETA_NUM_ENT	string	string	9		2017		2006,2007,2008,2009,2010,2011,2012,2013,2014,2015,2016	N° FINESS du fichier d'entrée	Correspond soit au FINESS PMSI (version 2016, soit FINESS géographique en mode dégradé)cf notice technique FICHCOMP version dégradée (lien: http://www.atih.sante.fr/sites/default/files/public/content/3057/notice_technique_atih_ndeg_cim-mf-902-2-2017_notice_pmsi_rectificative.pdf	
T_MCOaaPORG	MOI	string	string	2		2008		2006,2007	N° période (mois)		
T_MCOaaPORG	MOI_PO	string	string	2		2008		2006,2007	Mois de la date de réalisation du prélèvement d'organe		
T_MCOaaPORG	PO_COD	string	string	3		2008		2006,2007	Code PO		
T_MCOaaPORG	PRS_TYP	string	string	2		2008		2006,2007	Type de prestation		
T_MCOaaPORG	RSA_NUM	string	string	10		2008		2006,2007	N° d'index du RSA		
T_MCOaaSTC	AME_DEB_FAC	string	string	6		2017		2006,2007,2008,2009,2010,2011,2012,2013,2014,2015,2016	Date d’entrée (Année + Mois)		
T_MCOaaSTC	AME_FIN_FAC	string	string	6		2017		2006,2007,2008,2009,2010,2011,2012,2013,2014,2015,2016	Date de sortie (Année + Mois)		
T_MCOaaSTC	AME_PEC	string	string	8		2017		2006,2007,2008,2009,2010,2011,2012,2013,2014,2015,2016	Prise en charge établie le (Année + Mois)		
T_MCOaaSTC	ART_51	string	string	1		2022		2006,2007,2008,2009,2010,2011,2012,2013,2014,2015,2016,2017,2018,2019,2020,2021	Article 51		
T_MCOaaSTC	ART_51_RET	string	string	1		2022		2006,2007,2008,2009,2010,2011,2012,2013,2014,2015,2016,2017,2018,2019,2020,2021	Code retour contrôle Article 51		
T_MCOaaSTC	BEN_CMU	string	string	1		2011		2006,2007,2008,2009,2010	Patient bénéficiaire de la CMU		
T_MCOaaSTC	BEN_CMU_CTL	string	string	1		2011		2006,2007,2008,2009,2010	Code retour contrôle « Patient bénéficiaire de la CMU »		
T_MCOaaSTC	CAI_GES	string	string	3		2014		2006,2007,2008,2009,2010,2011,2012,2013	N° caisse gestionnaire		
T_MCOaaSTC	CAI_GES_CTL	string	string	1		2014		2006,2007,2008,2009,2010,2011,2012,2013	Code retour contrôle « N° caisse gestionnaire »		
T_MCOaaSTC	CAI_NUM	string	string	3		2017		2006,2007,2008,2009,2010,2011,2012,2013,2014,2015,2016	Délivrée par		
T_MCOaaSTC	CAI_NUM_CTL	string	string	1		2017		2006,2007,2008,2009,2010,2011,2012,2013,2014,2015,2016	Code retour contrôle "Délivrée par"		
T_MCOaaSTC	CENT_GES	string	string	4		2014		2006,2007,2008,2009,2010,2011,2012,2013	N° centre gestionnaire		
T_MCOaaSTC	CENT_GES_CTL	string	string	1		2014		2006,2007,2008,2009,2010,2011,2012,2013	Code retour contrôle « N° centre gestionnaire »		
T_MCOaaSTC	COD_PEC_CTL	string	string	1		2006			Code retour contrôle « code de prise en charge du forfait journalier »		
T_MCOaaSTC	CTR_TYP	string	string	2		2008		2006,2007	Type de contrat souscrit auprès d'un organisme complémentaire		
T_MCOaaSTC	CTR_TYP_CTL	string	string	1		2008		2006,2007	Code retour contrôle « type de contrat souscrit auprès d'un organisme complémentaire »		
T_MCOaaSTC	DAT_DEB_FAC	date	date	8		2017		2006,2007,2008,2009,2010,2011,2012,2013,2014,2015,2016	Date d’entrée		
T_MCOaaSTC	DAT_DEB_FAC_CTL	string	string	1		2017		2006,2007,2008,2009,2010,2011,2012,2013,2014,2015,2016	Code retour contrôle "Date d’entrée"		
T_MCOaaSTC	DAT_FIN_FAC	date	date	8		2017		2006,2007,2008,2009,2010,2011,2012,2013,2014,2015,2016	Date de sortie		
T_MCOaaSTC	DAT_FIN_FAC_CTL	string	string	1		2017		2006,2007,2008,2009,2010,2011,2012,2013,2014,2015,2016	Code retour contrôle "Date de sortie"		
T_MCOaaSTC	DAT_HOS	string	string	8		2012		2006,2007,2008,2009,2010,2011	Identifiant anonyme d'hospitalisation date hospitalisation		
T_MCOaaSTC	DAT_HOS_CTL	string	string	1		2012		2006,2007,2008,2009,2010,2011	Code retour contrôle « Date de l’hospitalisation »		
T_MCOaaSTC	DAT_PEC	string	string	8		2017		2006,2007,2008,2009,2010,2011,2012,2013,2014,2015,2016	Prise en charge établie le		
T_MCOaaSTC	DAT_PEC_CTL	string	string	1		2017		2006,2007,2008,2009,2010,2011,2012,2013,2014,2015,2016	Code retour contrôle "Prise en charge établie le"		
T_MCOaaSTC	ENT_NUM	string	string	9		2014		2006,2007,2008,2009,2010,2011,2012,2013	N° d’entrée		
T_MCOaaSTC	ENT_NUM_CTL	string	string	1		2014		2006,2007,2008,2009,2010,2011,2012,2013	Code retour contrôle « N° d’entrée »		
T_MCOaaSTC	ETA_NUM	string	string	9		2006			N° FINESS		
T_MCOaaSTC	EXO_TM	string	string	1		2006			Code justification d’exonération du ticket modérateur		
T_MCOaaSTC	EXO_TM_CTL	string	string	1		2006			Code retour contrôle « code justification d’exonération du ticket modérateur »		
T_MCOaaSTC	FAC_18E	string	string	1		2006	2018	2019,2020,2021,2022,2023,2024	Facturation du 18 euro		
T_MCOaaSTC	FAC_18E_CTL	string	string	1		2006	2018	2019,2020,2021,2022,2023,2024	Code retour contrôle « facturation du 18 euro »		
T_MCOaaSTC	FAC_AMC_DT	string	string	8		2018	2021	2006,2007,2008,2009,2010,2011,2012,2013,2014,2015,2016,2017,2022,2023,2024	Date de facturation AMC		
T_MCOaaSTC	FAC_AMC_DT_CTL	string	string	1		2018	2021	2006,2007,2008,2009,2010,2011,2012,2013,2014,2015,2016,2017,2022,2023,2024	Code retour contrôle " Date de facturation AMC "		
T_MCOaaSTC	FAC_AMO_DT	string	string	8		2018	2021	2006,2007,2008,2009,2010,2011,2012,2013,2014,2015,2016,2017,2022,2023,2024	Date de facturation AMO		
T_MCOaaSTC	FAC_AMO_DT_CTL	string	string	1		2018	2021	2006,2007,2008,2009,2010,2011,2012,2013,2014,2015,2016,2017,2022,2023,2024	Code retour contrôle " Date de facturation AMO "		
T_MCOaaSTC	FAC_MNT_FJ	integer	number	8		2006			Montant à facturer au titre du forfait journalier		
T_MCOaaSTC	FAC_MNT_FJ_CTL	string	string	1		2006			Code retour contrôle « montant à facturer au titre du forfait journalier »		
T_MCOaaSTC	FAC_MNT_TM	integer	number	8		2006			Montant à facturer au titre du ticket modérateur		
T_MCOaaSTC	FAC_MNT_TM_CTL	string	string	1		2006			Code retour contrôle « montant à facturer au titre du ticket modérateur»		
T_MCOaaSTC	FAC_NBR_VEN	integer	number	8		2006			Nombre de venues de la facture		
T_MCOaaSTC	FAC_RAC_DT	string	string	8		2018	2021	2006,2007,2008,2009,2010,2011,2012,2013,2014,2015,2016,2017,2022,2023,2024	Date de facturation patient		
T_MCOaaSTC	FAC_RAC_DT_CTL	string	string	1		2018	2021	2006,2007,2008,2009,2010,2011,2012,2013,2014,2015,2016,2017,2022,2023,2024	Code retour contrôle " Date de facturation patient "		
T_MCOaaSTC	FAC_SEJ_AM	string	string	1		2006			Séjour facturable à l’assurance maladie		
T_MCOaaSTC	FJ_COD_PEC	string	string	1		2006			Code de prise en charge du forfait journalier		
T_MCOaaSTC	GES_COD	string	string	2		2014		2006,2007,2008,2009,2010,2011,2012,2013	Code gestion		
T_MCOaaSTC	GES_COD_CTL	string	string	1		2014		2006,2007,2008,2009,2010,2011,2012,2013	Code retour contrôle « code gestion »		
T_MCOaaSTC	HOS_NN_MAM	string	string	1		2011	2014	2006,2007,2008,2009,2010,2015,2016,2017,2018,2019,2020,2021,2022,2023,2024	Hospitalisation d'un nouveau-né auprès de la mère		
T_MCOaaSTC	HOS_NN_MAM_CTL	string	string	1		2011	2014	2006,2007,2008,2009,2010,2015,2016,2017,2018,2019,2020,2021,2022,2023,2024	Code retour contrôle « Hospitalisation d'un nouveau-né auprès de la mère »		
T_MCOaaSTC	HOS_PLO	string	string	1		2011	2014	2006,2007,2008,2009,2010,2015,2016,2017,2018,2019,2020,2021,2022,2023,2024	Hospitalisation pour prélèvement d'organe		
T_MCOaaSTC	HOS_PLO_CTL	string	string	1		2011	2014	2006,2007,2008,2009,2010,2015,2016,2017,2018,2019,2020,2021,2022,2023,2024	Code retour contrôle « Hospitalisation pour prélèvement d'organe »		
T_MCOaaSTC	ID_MAM_ENF	string	string	32		2017	2018	2006,2007,2008,2009,2010,2011,2012,2013,2014,2015,2016,2019,2020,2021,2022,2023,2024	N° chaînage mère-enfant		
T_MCOaaSTC	MAJ_MNT_CTL	string	string	1		2006			Code retour contrôle « montant lié à la majoration au parcours de soin »		
T_MCOaaSTC	MAJ_MNT_PS	integer	number	8		2006			Montant lié à la majoration au parcours de soins		
T_MCOaaSTC	NAT_ASS	string	string	2		2006			Nature d'assurance		
T_MCOaaSTC	NAT_ASS_CTL	string	string	1		2006			Code retour contrôle « nature d’assurance »		
T_MCOaaSTC	NAT_PJ_DT	string	string	1		2017		2006,2007,2008,2009,2010,2011,2012,2013,2014,2015,2016	Nature de la pièce justificative des droits		
T_MCOaaSTC	NAT_PJ_DT_CTL	string	string	1		2017		2006,2007,2008,2009,2010,2011,2012,2013,2014,2015,2016	Code retour contrôle "Nature de la pièce justificative des droits"		
T_MCOaaSTC	NBR_REJET_AMO	integer	number	8		2018	2021	2006,2007,2008,2009,2010,2011,2012,2013,2014,2015,2016,2017,2022,2023,2024	Rejet AMO		
T_MCOaaSTC	NBR_REJET_AMO_CTL	string	string	1		2018	2021	2006,2007,2008,2009,2010,2011,2012,2013,2014,2015,2016,2017,2022,2023,2024	Code retour contrôle " Rejet AMO "		
T_MCOaaSTC	NBR_VEN_CTL	string	string	1		2006			Code retour contrôle « nombre de venues de la facture »		
T_MCOaaSTC	NIR_ANO_MAM	string	string	32		2011	2014	2006,2007,2008,2009,2010,2015,2016,2017,2018,2019,2020,2021,2022,2023,2024	N° anonyme mère-enfant		
T_MCOaaSTC	NOE_RGM	string	string	2		2008		2006,2007	Code grand régime		
T_MCOaaSTC	NOE_RGM_CTL	string	string	1		2008		2006,2007	Code retour contrôle « code grand régime »		
T_MCOaaSTC	NON_FAC_AM	string	string	1		2009		2006,2007,2008	Motif de la non facturation à l'assurance maladie		
T_MCOaaSTC	NON_FAC_AM_CTL	string	string	1		2009		2006,2007,2008	Code retour contrôle « motif de la non facturation à l'assurance maladie »		
T_MCOaaSTC	PA_COD	string	string	1		2014		2006,2007,2008,2009,2010,2011,2012,2013	Code participation assuré		
T_MCOaaSTC	PA_COD_CTL	string	string	1		2014		2006,2007,2008,2009,2010,2011,2012,2013	Code retour contrôle « Code participation assuré »		
T_MCOaaSTC	PAI_AMC_DT	string	string	8		2018	2021	2006,2007,2008,2009,2010,2011,2012,2013,2014,2015,2016,2017,2022,2023,2024	Date de paiement AMC		
T_MCOaaSTC	PAI_AMC_DT_CTL	string	string	1		2018	2021	2006,2007,2008,2009,2010,2011,2012,2013,2014,2015,2016,2017,2022,2023,2024	Code retour contrôle " Date de paiement AMC "		
T_MCOaaSTC	PAI_AMO_DT	string	string	8		2018	2021	2006,2007,2008,2009,2010,2011,2012,2013,2014,2015,2016,2017,2022,2023,2024	Date de paiement AMO		
T_MCOaaSTC	PAI_AMO_DT_CTL	string	string	1		2018	2021	2006,2007,2008,2009,2010,2011,2012,2013,2014,2015,2016,2017,2022,2023,2024	Code retour contrôle " Date de paiement AMO "		
T_MCOaaSTC	PAI_RAC_DT	string	string	8		2018	2021	2006,2007,2008,2009,2010,2011,2012,2013,2014,2015,2016,2017,2022,2023,2024	Date de paiement patient		
T_MCOaaSTC	PAI_RAC_DT_CTL	string	string	1		2018	2021	2006,2007,2008,2009,2010,2011,2012,2013,2014,2015,2016,2017,2022,2023,2024	Code retour contrôle " Date de paiement patient "		
T_MCOaaSTC	PAYS_ASS_PAT	string	string	3		2018		2006,2007,2008,2009,2010,2011,2012,2013,2014,2015,2016,2017	Pays d’assurance social		
T_MCOaaSTC	PAYS_ASS_PAT_CTL	string	string	1		2018		2006,2007,2008,2009,2010,2011,2012,2013,2014,2015,2016,2017	Code retour contrôle " Pays d’assurance social "		
T_MCOaaSTC	PEC_SOI_URG	string	string	1		2015		2006,2007,2008,2009,2010,2011,2012,2013,2014	Confirmation de la prise en charge dans le cadre du dispositif des soins urgents		
T_MCOaaSTC	PEC_SOI_URG_CTL	string	string	1		2015		2006,2007,2008,2009,2010,2011,2012,2013,2014	Code retour contrôle "Confirmation de la prise en charge dans le cadre du dispositif des soins urgents"		
T_MCOaaSTC	PRS_HOS_AMD	string	string	6		2012	2013	2006,2007,2008,2009,2010,2011,2014,2015,2016,2017,2018,2019,2020,2021,2022,2023,2024	Date d'hospitalisation au format mois+année		
T_MCOaaSTC	PRS_HOS_DTD	integer	number	8		2012	2013	2006,2007,2008,2009,2010,2011,2014,2015,2016,2017,2018,2019,2020,2021,2022,2023,2024	Date d'hospitalisation		
T_MCOaaSTC	RAC_MNT_PAT	integer	number	8		2018	2021	2006,2007,2008,2009,2010,2011,2012,2013,2014,2015,2016,2017,2022,2023,2024	Montant total du séjour facturé au patient		
T_MCOaaSTC	RAC_MNT_PAT_CTL	string	string	1		2018	2021	2006,2007,2008,2009,2010,2011,2012,2013,2014,2015,2016,2017,2022,2023,2024	Code retour contrôle " Montant total du séjour facturé au patient "		
T_MCOaaSTC	REG_PEC_ASS	string	string	3		2017		2006,2007,2008,2009,2010,2011,2012,2013,2014,2015,2016	Régime de prestation de l’assuré		
T_MCOaaSTC	REG_PEC_ASS_CTL	string	string	1		2017		2006,2007,2008,2009,2010,2011,2012,2013,2014,2015,2016	Code retour contrôle "Régime de prestation de l’assuré"		
T_MCOaaSTC	REM_BAS_CTL	string	string	1		2008		2006,2007	Code retour contrôle « montant base remboursement »		
T_MCOaaSTC	REM_BAS_MNT	integer	number	8		2008		2006,2007	Montant base remboursement		
T_MCOaaSTC	REM_TAU	integer	number	8		2008		2006,2007	Taux de remboursement		
T_MCOaaSTC	REM_TAU_CTL	string	string	1		2008		2006,2007	Code retour contrôle « taux de remboursement »		
T_MCOaaSTC	RNG_BEN	string	string	3		2014	2014	2006,2007,2008,2009,2010,2011,2012,2013,2015,2016,2017,2018,2019,2020,2021,2022,2023,2024	Rang de bénéficiaire		
T_MCOaaSTC	RNG_BEN_CTL	string	string	1		2014	2014	2006,2007,2008,2009,2010,2011,2012,2013,2015,2016,2017,2018,2019,2020,2021,2022,2023,2024	Code retour contrôle « Rang du bénéficiaire »		
T_MCOaaSTC	RNG_NAI	string	string	1		2014	2014	2006,2007,2008,2009,2010,2011,2012,2013,2015,2016,2017,2018,2019,2020,2021,2022,2023,2024	Rang de naissance		
T_MCOaaSTC	RNG_NAI_CTL	string	string	1		2014	2014	2006,2007,2008,2009,2010,2011,2012,2013,2015,2016,2017,2018,2019,2020,2021,2022,2023,2024	Code retour contrôle « Rang de naissance »		
T_MCOaaSTC	RSA_NUM	string	string	10		2006			N° séquentiel dans fichier PMSI		
T_MCOaaSTC	SEJ_FAC_CTL	string	string	1		2006			Code retour contrôle « séjour facturable à l’assurance maladie »		
T_MCOaaSTC	SEJ_MAM_CTL	string	string	1		2011	2014	2006,2007,2008,2009,2010,2015,2016,2017,2018,2019,2020,2021,2022,2023,2024	Code retour contrôle « N° administratif de séjour de la mère »		
T_MCOaaSTC	TOP_ECL_FLX	string	string	1		2017		2006,2007,2008,2009,2010,2011,2012,2013,2014,2015,2016	Top éclatement des flux par l’établissement		
T_MCOaaSTC	TOP_ECL_FLX_CTL	string	string	1		2017		2006,2007,2008,2009,2010,2011,2012,2013,2014,2015,2016	Code retour contrôle "Top éclatement des flux par l’établissement"		
T_MCOaaSTC	TOP_TMF	string	string	1		2019		2006,2007,2008,2009,2010,2011,2012,2013,2014,2015,2016,2017,2018	Facturation du ticket modérateur forfaitaire		
T_MCOaaSTC	TOP_TMF_CTL	string	string	1		2019		2006,2007,2008,2009,2010,2011,2012,2013,2014,2015,2016,2017,2018	Code retour contrôle « ticket modérateur forfaitaire »		
T_MCOaaSTC	TOT_MNT_AM	integer	number	8		2006			Montant total du séjour remboursé par l’assurance maladie (i.e. hors prestations annexes)		
T_MCOaaSTC	TOT_MNT_AM_CTL	string	string	1		2006			Code retour contrôle « montant total du séjour remboursé par l’assurance maladie (i.e. hors prestations annexes »)		
T_MCOaaSTC	TOT_MNT_AMC	integer	number	8		2012		2006,2007,2008,2009,2010,2011	Montant total du séjour remboursable pour l'AMC		
T_MCOaaSTC	TOT_MNT_AMC_CTL	string	string	1		2012		2006,2007,2008,2009,2010,2011	Code retour contrôle « Montant total du séjour remboursable pour l'AMC »		
T_MCOaaSTC	VALID_FAC_AMC	string	string	1		2018	2021	2006,2007,2008,2009,2010,2011,2012,2013,2014,2015,2016,2017,2022,2023,2024	Statut FT AMC		
T_MCOaaSTC	VALID_FAC_AMC_CTL	string	string	1		2018	2021	2006,2007,2008,2009,2010,2011,2012,2013,2014,2015,2016,2017,2022,2023,2024	Code retour contrôle " Statut FT AMC "		
T_MCOaaSTC	VALID_FAC_AMO	string	string	1		2018	2021	2006,2007,2008,2009,2010,2011,2012,2013,2014,2015,2016,2017,2022,2023,2024	Statut FT AMO		
T_MCOaaSTC	VALID_FAC_AMO_CTL	string	string	1		2018	2021	2006,2007,2008,2009,2010,2011,2012,2013,2014,2015,2016,2017,2022,2023,2024	Code retour contrôle " Statut FT AMO "		
T_MCOaaSTC	VALID_FAC_RAC	string	string	1		2018	2021	2006,2007,2008,2009,2010,2011,2012,2013,2014,2015,2016,2017,2022,2023,2024	Statut FT patient		
T_MCOaaSTC	VALID_FAC_RAC_CTL	string	string	1		2018	2021	2006,2007,2008,2009,2010,2011,2012,2013,2014,2015,2016,2017,2022,2023,2024	Code retour contrôle " Statut FT patient "		
T_MCOaaSUP_BPHNA	ACT_COD	string	string	4	IR_ACT_COD	2015	2017	2006,2007,2008,2009,2010,2011,2012,2013,2014,2018,2019,2020,2021,2022,2023,2024	Code acte		
T_MCOaaSUP_BPHNA	ANN_MOI	string	string	6		2015	2017	2006,2007,2008,2009,2010,2011,2012,2013,2014,2018,2019,2020,2021,2022,2023,2024	Année+Mois		
T_MCOaaSUP_BPHNA	ETA_NUM	string	string	9		2015	2017	2006,2007,2008,2009,2010,2011,2012,2013,2014,2018,2019,2020,2021,2022,2023,2024	N° FINESS		
T_MCOaaSUP_BPHNA	FIC_TYP	string	string	3		2015	2017	2006,2007,2008,2009,2010,2011,2012,2013,2014,2018,2019,2020,2021,2022,2023,2024	Type de fichier	G46	
T_MCOaaSUP_BPHNA	NBR_ACT_CON_EXT	integer	number	10		2015	2017	2006,2007,2008,2009,2010,2011,2012,2013,2014,2018,2019,2020,2021,2022,2023,2024	Nombre d'actes réalisés pour consultants externe		
T_MCOaaSUP_BPHNA	NBR_ACT_PAT_AUT_ETB	integer	number	10		2015	2017	2006,2007,2008,2009,2010,2011,2012,2013,2014,2018,2019,2020,2021,2022,2023,2024	Nombre d'actes réalisés pour les patients d'autres établissements ou de laboratoires extérieurs		
T_MCOaaSUP_BPHNA	NBR_ACT_PAT_ETB	integer	number	10		2015	2017	2006,2007,2008,2009,2010,2011,2012,2013,2014,2018,2019,2020,2021,2022,2023,2024	Nombre d'actes réalisés pour patients de l'etablissement		
T_MCOaaSUP_BPHNA	NBR_ACT_PAT_HOS	integer	number	10		2015	2017	2006,2007,2008,2009,2010,2011,2012,2013,2014,2018,2019,2020,2021,2022,2023,2024	Nombre d'actes réalisés pour patients hospitalisés		
T_MCOaaSUP_BPHNC	ANN_MOI	string	string	6		2015	2017	2006,2007,2008,2009,2010,2011,2012,2013,2014,2018,2019,2020,2021,2022,2023,2024	Année+Mois		
T_MCOaaSUP_BPHNC	ETA_NUM	string	string	9		2015	2017	2006,2007,2008,2009,2010,2011,2012,2013,2014,2018,2019,2020,2021,2022,2023,2024	N° FINESS		
T_MCOaaSUP_BPHNC	FIC_TYP	string	string	3		2015	2017	2006,2007,2008,2009,2010,2011,2012,2013,2014,2018,2019,2020,2021,2022,2023,2024	Type de fichier		
T_MCOaaSUP_BPHNC	MNT_BHN_ETB_EXDG	integer	number	12		2015	2015	2006,2007,2008,2009,2010,2011,2012,2013,2014,2016,2017,2018,2019,2020,2021,2022,2023,2024	Montant total de BHN payés à un établissement de santé - ex-DG ou ex-OQN - (en centimes d'euro)		
T_MCOaaSUP_BPHNC	MNT_BHN_LAB_PRI	integer	number	12		2015	2015	2006,2007,2008,2009,2010,2011,2012,2013,2014,2016,2017,2018,2019,2020,2021,2022,2023,2024	Montant total de BHN payés à un laboratoire privé ou un cabinet (en centimes d'euro)		
T_MCOaaSUP_BPHNC	MNT_LC_ETB_EXDG	integer	number	12		2016	2017	2006,2007,2008,2009,2010,2011,2012,2013,2014,2015,2018,2019,2020,2021,2022,2023,2024	Montant total d’actes de la LC dont la facture a été reçue  à un établissement de santé - ex-DG ou ex-OQN - (en centimes d'euro)		
T_MCOaaSUP_BPHNC	MNT_LC_LAB_PRI	integer	number	12		2016	2017	2006,2007,2008,2009,2010,2011,2012,2013,2014,2015,2018,2019,2020,2021,2022,2023,2024	Montant total d’actes de la LC dont la facture a été reçue  à un laboratoire privé ou un cabinet (en centimes d'euro)		
T_MCOaaSUP_BPHNC	MNT_PHN_ETB_EXDG	integer	number	12		2015	2015	2006,2007,2008,2009,2010,2011,2012,2013,2014,2016,2017,2018,2019,2020,2021,2022,2023,2024	Montant total de PHN payés à un établissement de santé - ex-DG ou ex-OQN - (en centimes d'euro)		
T_MCOaaSUP_BPHNC	MNT_PHN_LAB_PRI	integer	number	12		2015	2015	2006,2007,2008,2009,2010,2011,2012,2013,2014,2016,2017,2018,2019,2020,2021,2022,2023,2024	Montant total de PHN payés à un laboratoire privé ou un cabinet (en centimes d'euro)		
T_MCOaaSUP_BPHNC	MNT_RIHN_ETB_EXDG	integer	number	12		2016	2017	2006,2007,2008,2009,2010,2011,2012,2013,2014,2015,2018,2019,2020,2021,2022,2023,2024	Montant total d’actes du RIHN dont la facture a été reçue à un établissement de santé - ex-DG ou ex-OQN - (en centimes d'euro)		
T_MCOaaSUP_BPHNC	MNT_RIHN_LAB_PRI	integer	number	12		2016	2017	2006,2007,2008,2009,2010,2011,2012,2013,2014,2015,2018,2019,2020,2021,2022,2023,2024	Montant total d’actes du RIHN dont la facture a été reçue à un laboratoire privé ou un cabinet (en centimes d'euro)		
T_MCOaaSUP_BPHNP	ANN_MOI	string	string	6		2015	2017	2006,2007,2008,2009,2010,2011,2012,2013,2014,2018,2019,2020,2021,2022,2023,2024	Année+Mois		
T_MCOaaSUP_BPHNP	ETA_NUM	string	string	9		2015	2017	2006,2007,2008,2009,2010,2011,2012,2013,2014,2018,2019,2020,2021,2022,2023,2024	N° FINESS		
T_MCOaaSUP_BPHNP	FIC_TYP	string	string	3		2015	2017	2006,2007,2008,2009,2010,2011,2012,2013,2014,2018,2019,2020,2021,2022,2023,2024	Type de fichier		
T_MCOaaSUP_BPHNP	MNT_BHN_ETB_EXDG	integer	number	12		2015	2015	2006,2007,2008,2009,2010,2011,2012,2013,2014,2016,2017,2018,2019,2020,2021,2022,2023,2024	Montant total de BHN payés à un établissement de santé - ex-DG ou ex-OQN - (en centimes d'euro)		
T_MCOaaSUP_BPHNP	MNT_BHN_ETB_EXOQN	integer	number	12		2015	2015	2006,2007,2008,2009,2010,2011,2012,2013,2014,2016,2017,2018,2019,2020,2021,2022,2023,2024	Montant total de BHN facturés à l'encontre d'un établissement de santé ex-OQN (en centimes d'euro)		
T_MCOaaSUP_BPHNP	MNT_BHN_LAB_PRI	integer	number	12		2015	2015	2006,2007,2008,2009,2010,2011,2012,2013,2014,2016,2017,2018,2019,2020,2021,2022,2023,2024	Montant total de BHN payés à un laboratoire privé ou un cabinet (en centimes d'euro)		
T_MCOaaSUP_BPHNP	MNT_LC_ETB_EXDG	integer	number	12		2016	2017	2006,2007,2008,2009,2010,2011,2012,2013,2014,2015,2018,2019,2020,2021,2022,2023,2024	Montant total d’actes de la LC dont la facture a été émise  à l'encontre d'un établissement de santé ex-DG (en centimes d'euro)		
T_MCOaaSUP_BPHNP	MNT_LC_ETB_EXOQN	integer	number	12		2016	2017	2006,2007,2008,2009,2010,2011,2012,2013,2014,2015,2018,2019,2020,2021,2022,2023,2024	Montant total d’actes de la LC dont la facture a été émise  à l'encontre d'un établissement de santé ex-OQN (en centimes d'euro)		
T_MCOaaSUP_BPHNP	MNT_LC_LAB_PRI	integer	number	12		2016	2017	2006,2007,2008,2009,2010,2011,2012,2013,2014,2015,2018,2019,2020,2021,2022,2023,2024	Montant total d’actes de la LC dont la facture a été émise  à l'encontre d'un laboratoire privé ou d'un cabinet (en centimes d'euro)		
T_MCOaaSUP_BPHNP	MNT_PHN_ETB_EXDG	integer	number	12		2015	2015	2006,2007,2008,2009,2010,2011,2012,2013,2014,2016,2017,2018,2019,2020,2021,2022,2023,2024	Montant total de PHN payés à un établissement de santé - ex-DG ou ex-OQN - (en centimes d'euro)		
T_MCOaaSUP_BPHNP	MNT_PHN_ETB_EXOQN	integer	number	12		2015	2015	2006,2007,2008,2009,2010,2011,2012,2013,2014,2016,2017,2018,2019,2020,2021,2022,2023,2024	Montant total de PHN facturés à l'encontre d'un établissement de santé ex-OQN (en centimes d'euro)		
T_MCOaaSUP_BPHNP	MNT_PHN_LAB_PRI	integer	number	12		2015	2015	2006,2007,2008,2009,2010,2011,2012,2013,2014,2016,2017,2018,2019,2020,2021,2022,2023,2024	Montant total de PHN payés à un laboratoire privé ou un cabinet (en centimes d'euro)		
T_MCOaaSUP_BPHNP	MNT_RIHN_ETB_EXDG	integer	number	12		2016	2017	2006,2007,2008,2009,2010,2011,2012,2013,2014,2015,2018,2019,2020,2021,2022,2023,2024	Montant total d’actes du RIHN dont la facture a été émise à l'encontre d'un établissement de santé ex-DG (en centimes d'euro)		
T_MCOaaSUP_BPHNP	MNT_RIHN_ETB_EXOQN	integer	number	12		2016	2017	2006,2007,2008,2009,2010,2011,2012,2013,2014,2015,2018,2019,2020,2021,2022,2023,2024	Montant total d’actes du RIHN dont la facture a été émise à l'encontre d'un établissement de santé ex-OQN (en centimes d'euro)		
T_MCOaaSUP_BPHNP	MNT_RIHN_LAB_PRI	integer	number	12		2016	2017	2006,2007,2008,2009,2010,2011,2012,2013,2014,2015,2018,2019,2020,2021,2022,2023,2024	Montant total d’actes du RIHN dont la facture a été émise à l'encontre d'un laboratoire privé ou d'un cabinet (en centimes d'euro)		
T_MCOaaSUP_CES	ANN	string	string	4		2015	2021	2006,2007,2008,2009,2010,2011,2012,2013,2014,2022,2023,2024	Année		
T_MCOaaSUP_CES	CL_ASS_SOC	string	string	1		2015	2021	2006,2007,2008,2009,2010,2011,2012,2013,2014,2022,2023,2024	consultations avec contact Assistante sociale	Classe de % : 1 : Jamais (0%) / 2 : Rarement (0<%<25) / 3 : Souvent (25≤%<75) / 4 : Très souvent (75≤%<100) / 5 : Toujours (100%)	
T_MCOaaSUP_CES	CL_AUT_MED	string	string	1		2015	2021	2006,2007,2008,2009,2010,2011,2012,2013,2014,2022,2023,2024	consultations avec contact Autre médecin		
T_MCOaaSUP_CES	CL_AUT_PRO	string	string	1		2015	2021	2006,2007,2008,2009,2010,2011,2012,2013,2014,2022,2023,2024	consultations avec contact Autre professionnel (hors professionnel de santé)		
T_MCOaaSUP_CES	CL_PARA_MED	string	string	1		2015	2021	2006,2007,2008,2009,2010,2011,2012,2013,2014,2022,2023,2024	consultations avec contact Autre professionnel de santé (psychologue, diététicien, masseur-kinésithérapeute)		
T_MCOaaSUP_CES	CL_PLURI_PRO	string	string	1		2015	2021	2006,2007,2008,2009,2010,2011,2012,2013,2014,2022,2023,2024	consultations avec contact d’un autre professionnel		
T_MCOaaSUP_CES	CONSULT_MIG	string	string	2		2015	2021	2006,2007,2008,2009,2010,2011,2012,2013,2014,2022,2023,2024	Code Consultation	La liste des MIG nécessitant ce suivi particulier est la suivante :01-Les consultations mémoire effectuées exclusivement dans les centres mémoire de ressources et de recherche (CM2R)02-Les consultations des centres référents pour les troubles spécifiques d'apprentissage du langage03-Les consultations « maladies rares » effectuées exclusivement dans les  centres de référence pour la prise en charge des maladies rares04-Les consultations pour la mucoviscidose effectuées exclusivement dans les centres de ressources et de compétences sur la mucoviscidose05-Les consultations destinées à effectuer la prévention, le dépistage et le diagnostic de l'infection par le VIH (mentionnées à l'article L.3121-2 CSP) effectuées dans les centres de dépistage anonyme et gratuit  (CDAG)06-Les consultations mémoire effectuées dans les établissements ne disposant pas de centre mémoire de ressources et de recherche (CM2R)07-Les consultations hospitalières d'addictologie08-Les consultations hospitalières de génétique09-Les consultations de prise en charge des patients atteints de la maladie de Parkinson ou de syndromes parkinsoniens effectuées exclusivement dans les centres experts de la maladie de Parkinson	
T_MCOaaSUP_CES	ETA_NUM	string	string	9		2015	2021	2006,2007,2008,2009,2010,2011,2012,2013,2014,2022,2023,2024	N° FINESS		
T_MCOaaSUP_CES	FIC_TYP	string	string	3		2015	2021	2006,2007,2008,2009,2010,2011,2012,2013,2014,2022,2023,2024	Type de fichier		
T_MCOaaSUP_CES	MOI	string	string	2		2015	2021	2006,2007,2008,2009,2010,2011,2012,2013,2014,2022,2023,2024	Période		
T_MCOaaSUP_CES	NBR_CONS_MIG	integer	number	10		2015	2021	2006,2007,2008,2009,2010,2011,2012,2013,2014,2022,2023,2024	Le nombre total de consultations médicales pendant l’année		
T_MCOaaSUP_CES	NBR_PAT_CONS	integer	number	10		2015	2021	2006,2007,2008,2009,2010,2011,2012,2013,2014,2022,2023,2024	La file active de patients (nombre de patients vus au moins une fois en consultation au cours de l’année)		
T_MCOaaSUP_CES	NBR_PAT_NVX	integer	number	10		2015	2021	2006,2007,2008,2009,2010,2011,2012,2013,2014,2022,2023,2024	Le nombre de patient vu pour la première fois cette année		
T_MCOaaSUP_CES	NBR_PAT_SUP1	integer	number	10		2015	2021	2006,2007,2008,2009,2010,2011,2012,2013,2014,2022,2023,2024	Le nombre de patients suivis depuis plus d’un an		
T_MCOaaSUP_CES	NBR_PAT_SUP5	integer	number	10		2015	2021	2006,2007,2008,2009,2010,2011,2012,2013,2014,2022,2023,2024	Le nombre de patient suivis depuis plus de 5 ans		
T_MCOaaSUP_CES	P_CONS_30_60	integer	number	3		2015	2021	2006,2007,2008,2009,2010,2011,2012,2013,2014,2022,2023,2024	La durée des consultations entre 30 et 60 minutes	% des consultations - La répartition des durées des consultations avec un arrondi à 5% à déterminer sur une période donnée (15j minimum)	
T_MCOaaSUP_CES	P_CONS_60_120	integer	number	3		2015	2021	2006,2007,2008,2009,2010,2011,2012,2013,2014,2022,2023,2024	La durée des consultations entre 60 et 120 minutes	% des consultations - La répartition des durées des consultations avec un arrondi à 5% à déterminer sur une période donnée (15j minimum)	
T_MCOaaSUP_CES	P_CONS_SUP_120	integer	number	3		2015	2021	2006,2007,2008,2009,2010,2011,2012,2013,2014,2022,2023,2024	La durée des consultations supérieure à 120 minutes	% des consultations - La répartition des durées des consultations avec un arrondi à 5% à déterminer sur une période donnée (15j minimum)	
T_MCOaaSUP_DSC	ACT_COD	string	string	7		2021	2023	2006,2007,2008,2009,2010,2011,2012,2013,2014,2015,2016,2017,2018,2019,2020,2024	Code de l'acte	Actes autorisés pour PCR :INF, MED, BIO, PRA, PCRActes autorisés pour TAG :INF, MED, BIO, ADBActes autorisés indépendemment du test (type de test = 3) :CCT, SEQ (seulement pour les établissements autorisés)Type de dépistage individuel ou collectif : uniquement pour les actes de prélèvement (INF, MED, BIO)Les prestations PRA et ADB n'acceptent aucun modificateur	
T_MCOaaSUP_DSC	ANN_MOI	string	string	6		2021	2023	2006,2007,2008,2009,2010,2011,2012,2013,2014,2015,2016,2017,2018,2019,2020,2024	Année et Mois de la période de transmission		
T_MCOaaSUP_DSC	ETA_NUM	string	string	9		2021	2023	2006,2007,2008,2009,2010,2011,2012,2013,2014,2015,2016,2017,2018,2019,2020,2024	Numéro FINESS ePMSI		
T_MCOaaSUP_DSC	FIC_TYP	string	string	3		2021	2023	2006,2007,2008,2009,2010,2011,2012,2013,2014,2015,2016,2017,2018,2019,2020,2024	Type de fichier		
T_MCOaaSUP_DSC	NBR_ACT	integer	number	8		2021	2023	2006,2007,2008,2009,2010,2011,2012,2013,2014,2015,2016,2017,2018,2019,2020,2024	Nombre d'actes réalisés		
T_MCOaaSUP_DSC	PERIOD_ACT	integer	number	8		2021	2023	2006,2007,2008,2009,2010,2011,2012,2013,2014,2015,2016,2017,2018,2019,2020,2024	Période d'execution	RT-PCR :1 : 01/01/2021 - 16/03/20212 : à partir du 17/03/2021PRA et ADB :1 : 01/01/2021 - 31/03/20212 : à partir du 01/04/2021Pour les autres prestations, égal à 1 par défaut	
T_MCOaaSUP_DSC	PMP	integer	number	8		2021	2021	2006,2007,2008,2009,2010,2011,2012,2013,2014,2015,2016,2017,2018,2019,2020,2022,2023,2024	Prix moyen pondéré par l'effectif des autotests du personnel non vacciné du 08/08/2021 au 15/10/2021	Par exemple si 3 types d'autotests ont été réalisés dans une population n, test 1 au prix p1 pour n1 patients, test 2 au prix p2 pour n2 patients, test 3 au prix p3 pour n3 patients, le prix moyen pondéré (PMP) sera :PMP = (n1*p1+n2*p2+n3*p3)/n	
T_MCOaaSUP_DSC	TYP_TEST	integer	number	8		2021	2023	2006,2007,2008,2009,2010,2011,2012,2013,2014,2015,2016,2017,2018,2019,2020,2024	Type de tests	Le recueil PCR ne concerne que les établissements ex-DG et sous DAF	
T_MCOaaSUP_FFM	ANN_MOI	string	string	6		2015	2015	2006,2007,2008,2009,2010,2011,2012,2013,2014,2016,2017,2018,2019,2020,2021,2022,2023,2024	Année+Mois		
T_MCOaaSUP_FFM	ETA_NUM	string	string	9		2015	2015	2006,2007,2008,2009,2010,2011,2012,2013,2014,2016,2017,2018,2019,2020,2021,2022,2023,2024	N° FINESS		
T_MCOaaSUP_FFM	FIC_TYP	string	string	3		2015	2015	2006,2007,2008,2009,2010,2011,2012,2013,2014,2016,2017,2018,2019,2020,2021,2022,2023,2024	Type de fichier		
T_MCOaaSUP_FFM	NBR_FFM	integer	number	10		2015	2015	2006,2007,2008,2009,2010,2011,2012,2013,2014,2016,2017,2018,2019,2020,2021,2022,2023,2024	Nombre total réalisé		
T_MCOaaSUP_IUM	ANN_MOI	string	string	6		2018		2006,2007,2008,2009,2010,2011,2012,2013,2014,2015,2016,2017	Année+Mois		
T_MCOaaSUP_IUM	AUT_TYP_UM	string	string	3		2018		2006,2007,2008,2009,2010,2011,2012,2013,2014,2015,2016,2017	Type d'autorisation		
T_MCOaaSUP_IUM	DAT_DEB_AUT	string	string	8		2018		2006,2007,2008,2009,2010,2011,2012,2013,2014,2015,2016,2017	Date de début d’effet	Format de date jjmmaaaa	
T_MCOaaSUP_IUM	ETA_NUM	string	string	9		2018		2006,2007,2008,2009,2010,2011,2012,2013,2014,2015,2016,2017	N° FINESS		
T_MCOaaSUP_IUM	ETA_NUM_GEO	string	string	9		2018		2006,2007,2008,2009,2010,2011,2012,2013,2014,2015,2016,2017	N° FINESS géographque		
T_MCOaaSUP_IUM	FIC_TYP	string	string	3		2018		2006,2007,2008,2009,2010,2011,2012,2013,2014,2015,2016,2017	Type de fichier		
T_MCOaaSUP_IUM	HOS_TYP	string	string	1		2018		2006,2007,2008,2009,2010,2011,2012,2013,2014,2015,2016,2017	Mode d'hospitalisation	=C : HC=P : HP=M : Mixte	
T_MCOaaSUP_IUM	NBR_LIT_UM	integer	number	3		2018		2006,2007,2008,2009,2010,2011,2012,2013,2014,2015,2016,2017	Nombre de lits	3 caractères «espace» si pas d’autorisation, sinon au format «000» (par exemple pour un chiffre 2, écrire «002»)	
T_MCOaaSUP_IUM	UM_NUM_ETB	string	string	4		2018	2019	2006,2007,2008,2009,2010,2011,2012,2013,2014,2015,2016,2017,2020,2021,2022,2023,2024	N° UM	Notation identique à celle du fichier RSS. Consignes particulières pour le type 30 (cf. Note ci-dessous)	
T_MCOaaSUP_IUM	NUM_ANO_UM	integer	number	4		2020		2006,2007,2008,2009,2010,2011,2012,2013,2014,2015,2016,2017,2018,2019	Numéro séquentiel de l'UM		
T_MCOaaSUP_LACT	ANN_MOI	string	string	6		2015		2006,2007,2008,2009,2010,2011,2012,2013,2014	Année+Mois		
T_MCOaaSUP_LACT	ETA_NUM	string	string	9		2015		2006,2007,2008,2009,2010,2011,2012,2013,2014	N° FINESS		
T_MCOaaSUP_LACT	ETA_NUM_GEO	string	string	9		2015		2006,2007,2008,2009,2010,2011,2012,2013,2014	Numéro FINESS géographique		
T_MCOaaSUP_LACT	FIC_TYP	string	string	3		2015		2006,2007,2008,2009,2010,2011,2012,2013,2014	Type de fichier		
T_MCOaaSUP_LACT	LAI_COL_ANO	integer	number	7		2015		2006,2007,2008,2009,2010,2011,2012,2013,2014	Quantité de lait collecté dans le cadre d'un don anonyme (en litres)		
T_MCOaaSUP_LACT	LAI_COL_PERS	integer	number	7		2015		2006,2007,2008,2009,2010,2011,2012,2013,2014	Quantité de lait collecté pour don personnalisé (en litres)		
T_MCOaaSUP_LACT	LAI_CONG_CONS	integer	number	7		2015		2006,2007,2008,2009,2010,2011,2012,2013,2014	Quantité de lait congelé consommé (en litres)		
T_MCOaaSUP_LACT	LAI_LYOP_CONS	integer	number	7		2015		2006,2007,2008,2009,2010,2011,2012,2013,2014	Quantité de lait lyophilisé consommé (en litres)		
T_MCOaaSUP_LACT	LAI_PAST_DIS_ANO	integer	number	7		2015		2006,2007,2008,2009,2010,2011,2012,2013,2014	Quantité de lait pasteurisé congelé distribué au total dans le cadre du don anonyme (en litres)		
T_MCOaaSUP_LACT	LAI_PAST_DIS_PERS	integer	number	7		2015		2006,2007,2008,2009,2010,2011,2012,2013,2014	Quantité de lait pasteurisé congelé distribué pour don personnalisé (en litres)		
T_MCOaaSUP_LACT	LAI_PAST_REQ_ANO	integer	number	7		2015		2006,2007,2008,2009,2010,2011,2012,2013,2014	Quantité de lait pasteurisé congelé requalifié en don anonyme (en litres)		
T_MCOaaSUP_LACT	LAI_PAST_VEND	integer	number	7		2015		2006,2007,2008,2009,2010,2011,2012,2013,2014	Quantité de lait pasteurisé congelé vendu (en litres)		
T_MCOaaSUP_MKP	ANN	string	string	4		2023	2023	2006,2007,2008,2009,2010,2011,2012,2013,2014,2015,2016,2017,2018,2019,2020,2021,2022,2024	Année de la période de transmission		
T_MCOaaSUP_MKP	ETA_NUM	string	string	9		2023	2023	2006,2007,2008,2009,2010,2011,2012,2013,2014,2015,2016,2017,2018,2019,2020,2021,2022,2024	Numéro FINESS ePMSI		
T_MCOaaSUP_MKP	FIC_TYP	string	string	3		2023	2023	2006,2007,2008,2009,2010,2011,2012,2013,2014,2015,2016,2017,2018,2019,2020,2021,2022,2024	Type de fichier		
T_MCOaaSUP_MKP	MOI	string	string	2		2023	2023	2006,2007,2008,2009,2010,2011,2012,2013,2014,2015,2016,2017,2018,2019,2020,2021,2022,2024	Mois de la période de transmission		
T_MCOaaSUP_MKP	NBR_PRS	integer	number	10		2023	2023	2006,2007,2008,2009,2010,2011,2012,2013,2014,2015,2016,2017,2018,2019,2020,2021,2022,2024	Nombre de prestation		
T_MCOaaSUP_MKP	PERIOD	integer	number	1		2023	2023	2006,2007,2008,2009,2010,2011,2012,2013,2014,2015,2016,2017,2018,2019,2020,2021,2022,2024	Période		
T_MCOaaSUP_MKP	PRS	string	string	3		2023	2023	2006,2007,2008,2009,2010,2011,2012,2013,2014,2015,2016,2017,2018,2019,2020,2021,2022,2024	Prestation		
T_MCOaaSUP_PCR	ACT_COD	string	string	5		2020	2020	2006,2007,2008,2009,2010,2011,2012,2013,2014,2015,2016,2017,2018,2019,2021,2022,2023,2024	Code acte		
T_MCOaaSUP_PCR	ANN_MOI	string	string	6		2020	2020	2006,2007,2008,2009,2010,2011,2012,2013,2014,2015,2016,2017,2018,2019,2021,2022,2023,2024	Année Mois de la période de transmission		
T_MCOaaSUP_PCR	ETA_NUM	string	string	9		2020	2020	2006,2007,2008,2009,2010,2011,2012,2013,2014,2015,2016,2017,2018,2019,2021,2022,2023,2024	Numéro FINESS ePMSI		
T_MCOaaSUP_PCR	FIC_TYP	string	string	3		2020	2020	2006,2007,2008,2009,2010,2011,2012,2013,2014,2015,2016,2017,2018,2019,2021,2022,2023,2024	Type de fichier		
T_MCOaaSUP_PCR	NBR_ACT	integer	number	10		2020	2020	2006,2007,2008,2009,2010,2011,2012,2013,2014,2015,2016,2017,2018,2019,2021,2022,2023,2024	Nombre d’actes réalisés		
T_MCOaaSUP_PCR	PERIOD_ACT	string	string	1		2020	2020	2006,2007,2008,2009,2010,2011,2012,2013,2014,2015,2016,2017,2018,2019,2021,2022,2023,2024	Periode execution		
T_MCOaaSUP_PCR	TYP_DEP	string	string	1		2020	2020	2006,2007,2008,2009,2010,2011,2012,2013,2014,2015,2016,2017,2018,2019,2021,2022,2023,2024	Type de dépistage		
T_MCOaaSUP_PPCO	ANN_MOI	string	string	6		2016		2006,2007,2008,2009,2010,2011,2012,2013,2014,2015	Année+Mois		
T_MCOaaSUP_PPCO	ETA_NUM	string	string	9		2016		2006,2007,2008,2009,2010,2011,2012,2013,2014,2015	N° FINESS		
T_MCOaaSUP_PPCO	FIC_TYP	string	string	3		2016		2006,2007,2008,2009,2010,2011,2012,2013,2014,2015	Type de fichier		
T_MCOaaSUP_PPCO	NBR_CONS_000_030	integer	number	10		2016		2006,2007,2008,2009,2010,2011,2012,2013,2014,2015	Nombre de consultations d'une durée inférieure à 30 minutes		
T_MCOaaSUP_PPCO	NBR_CONS_030_060	integer	number	10		2016		2006,2007,2008,2009,2010,2011,2012,2013,2014,2015	Nombre de consultations d'une durée comprise entre 30 et 60 minutes		
T_MCOaaSUP_PPCO	NBR_CONS_060_120	integer	number	10		2016		2006,2007,2008,2009,2010,2011,2012,2013,2014,2015	Nombre de consultations d'une durée comprise entre 60 et 120 minutes		
T_MCOaaSUP_PPCO	NBR_CONS_120_SUP	integer	number	10		2016		2006,2007,2008,2009,2010,2011,2012,2013,2014,2015	Nombre de consultations d'une durée supérieure à 120 minutes		
T_MCOaaSUP_PPCO	NBR_CONS_ASS_SOC	integer	number	10		2016		2006,2007,2008,2009,2010,2011,2012,2013,2014,2015	Nombre total de consultations avec participation d'un autre intervenant dont participation d'une assistante sociale		
T_MCOaaSUP_PPCO	NBR_CONS_AUT_MED	integer	number	10		2016		2006,2007,2008,2009,2010,2011,2012,2013,2014,2015	Nombre total de consultations avec participation d'un autre intervenant dont participation d'un autre médecin		
T_MCOaaSUP_PPCO	NBR_CONS_AUT_PRO	integer	number	10		2016		2006,2007,2008,2009,2010,2011,2012,2013,2014,2015	Nombre total de consultations avec participation d'un autre intervenant dont participation d'un autre professionnel (hors professionnel de santé)		
T_MCOaaSUP_PPCO	NBR_CONS_AUT_PS	integer	number	10		2016		2006,2007,2008,2009,2010,2011,2012,2013,2014,2015	Nombre total de consultations avec participation d'un autre intervenant dont participation d'un autre professionnel de santé		
T_MCOaaSUP_PPCO	NBR_CONS_INFIRM	integer	number	10		2016		2006,2007,2008,2009,2010,2011,2012,2013,2014,2015	Nombre total de consultations avec participation d'un autre intervenant dont participation d'un infirmier		
T_MCOaaSUP_PPCO	NBR_CONS_PHARMA	integer	number	10		2016		2006,2007,2008,2009,2010,2011,2012,2013,2014,2015	Nombre total de consultations avec participation d'un autre intervenant dont participation d'un pharmacien		
T_MCOaaSUP_PPCO	NBR_CONS_PLURI_PRO	integer	number	10		2016		2006,2007,2008,2009,2010,2011,2012,2013,2014,2015	Nombre total de consultations avec participation d'un autre intervenant		
T_MCOaaSUP_PPCO	NBR_CONS_PPCO	integer	number	10		2016		2006,2007,2008,2009,2010,2011,2012,2013,2014,2015	Nombre total de consultations médicales pour primo-prescription de traitement de chimiothérapie par voie orale pendant l’année		
T_MCOaaSUP_PPCO	NBR_CONS_PPCO_IV	integer	number	10		2016		2006,2007,2008,2009,2010,2011,2012,2013,2014,2015	Nombre total de consultations médicales pour primo-prescription de traitement de chimiothérapie par voie orale pendant l’année dont nb de consultations ayant également donné lieu à une prescription de chimiothérapie par voie IV		
T_MCOaaSUP_PPCO	NBR_CONS_PPCO_SC	integer	number	10		2016		2006,2007,2008,2009,2010,2011,2012,2013,2014,2015	Nombre total de consultations médicales pour primo-prescription de traitement de chimiothérapie par voie orale pendant l’année dont nb de consultations ayant également donné lieu à une prescription de chimiothérapie sous-cutanée		
T_MCOaaSUP_PPCO	NBR_PAT_PPCO	integer	number	10		2016		2006,2007,2008,2009,2010,2011,2012,2013,2014,2015	Nombre total de patients ayant eu une consultation médicale de primo-prescription de traitement de chimiothérapie par voie orale pendant l’année		
T_MCOaaSUP_PPCO	NBR_PAT_PPCO_1ER_TRAIT	integer	number	10		2016		2006,2007,2008,2009,2010,2011,2012,2013,2014,2015	Nombre de patients ayant eu une consultation médicale de primo-prescription de traitement de chimiothérapie par voie orale pendant l’année pour lesquels il s’agit d’un premier traitement de chimiothérapie orale		
T_MCOaaSUP_PPCO	NBR_PAT_PPCO_INF_1AN	integer	number	10		2016		2006,2007,2008,2009,2010,2011,2012,2013,2014,2015	Nombre de patients ayant eu une consultation médicale de primo-prescription de traitement de chimiothérapie par voie orale pendant l’année vus pour la première fois cette année		
T_MCOaaSUP_PPCO	NBR_PAT_PPCO_SUP_1AN	integer	number	10		2016		2006,2007,2008,2009,2010,2011,2012,2013,2014,2015	Nombre de patients ayant eu une consultation médicale de primo-prescription de traitement de chimiothérapie par voie orale pendant l’année suivis pour un traitement du cancer depuis plus d’un an		
T_MCOaaSUP_PPCO	NBR_PAT_PPCO_SUP_5AN	integer	number	10		2016		2006,2007,2008,2009,2010,2011,2012,2013,2014,2015	Nombre de patients ayant eu une consultation médicale de primo-prescription de traitement de chimiothérapie par voie orale pendant l’année suivis pour un traitement du cancer depuis plus de 5 ans		
T_MCOaaSUP_PPCO	NBR_TOT_PAT	integer	number	10		2016		2006,2007,2008,2009,2010,2011,2012,2013,2014,2015	File active de patients ayant un traitement du cancer par chimiothérapie orale		
T_MCOaaSUP_RIHND	ACT_COD	string	string	4		2018		2006,2007,2008,2009,2010,2011,2012,2013,2014,2015,2016,2017	Code Acte	Suivant le référentiel RIHN et LC publié en vigueur au moment de la réalisation de l’acte selon le codage de l’acte sur la factureSi pas de code détaillé, utiliser le chapitre du référentiel en annexe mentionné sur la factureSi pas de code alors indiquer 9999	
T_MCOaaSUP_RIHND	ANN_MOI	string	string	6		2018		2006,2007,2008,2009,2010,2011,2012,2013,2014,2015,2016,2017	Année+Mois		
T_MCOaaSUP_RIHND	ETA_NUM	string	string	9		2018		2006,2007,2008,2009,2010,2011,2012,2013,2014,2015,2016,2017	N° FINESS		
T_MCOaaSUP_RIHND	FIC_TYP	string	string	3		2018		2006,2007,2008,2009,2010,2011,2012,2013,2014,2015,2016,2017	Type de fichier		
T_MCOaaSUP_RIHND	ID_PRODUCT	string	string	9		2018		2006,2007,2008,2009,2010,2011,2012,2013,2014,2015,2016,2017	Finess établissement producteur	LABO99999 si labo privé999999999 si établissement de santé et Finess inconnuN° Finess sinon (établissement de santé)(*)	
T_MCOaaSUP_RIHND	MNT_ACT	integer	number	10		2018		2006,2007,2008,2009,2010,2011,2012,2013,2014,2015,2016,2017	Montant	Montant total pour cet acte (si 9999 alors montant total pour ce regroupement d’actes par ce fournisseur)	
T_MCOaaSUP_RIHND	NBR_ACT	integer	number	10		2018		2006,2007,2008,2009,2010,2011,2012,2013,2014,2015,2016,2017	Nombre	Correspond au nombre d’actes sauf si code acte 9999 alors correspond au nombre de factures	
T_MCOaaSUP_RIHNP	ACT_COD	string	string	4		2018		2006,2007,2008,2009,2010,2011,2012,2013,2014,2015,2016,2017	Code de l'acte	Suivant le référentiel RIHN et LC publié en vigueur au moment de la réalisation de l’acte	
T_MCOaaSUP_RIHNP	ANN_MOI	string	string	6		2018		2006,2007,2008,2009,2010,2011,2012,2013,2014,2015,2016,2017	Année+Mois		
T_MCOaaSUP_RIHNP	ETA_NUM	string	string	9		2018		2006,2007,2008,2009,2010,2011,2012,2013,2014,2015,2016,2017	N° FINESS		
T_MCOaaSUP_RIHNP	FIC_TYP	string	string	3		2018		2006,2007,2008,2009,2010,2011,2012,2013,2014,2015,2016,2017	Type de fichier		
T_MCOaaSUP_RIHNP	ID_DEMANDR	string	string	9		2018		2006,2007,2008,2009,2010,2011,2012,2013,2014,2015,2016,2017	Identification du bénéficiaire	Dans le cas de l'interne coder : INTERNEDans le cas d'un laboratoire privé ou un cabinet libéral : coder LABO99999Dans le cas d'un établissement tiers : noter son numéro FINESS(pour un établissement public, indiquez son numéro FINESS juridique pour un établissement privé, indiquez son numéro  FINESS géographiqueSi on ne connaît pas le numéro FINESS indiquez : 999999999)	
T_MCOaaSUP_RIHNP	MNT_ACT_FACT	integer	number	10		2018		2006,2007,2008,2009,2010,2011,2012,2013,2014,2015,2016,2017	Montant facturé	0 pour l’interne8+2 (ex : renseigner 0001000050 pour indiquer 10000,50€)	
T_MCOaaSUP_RIHNP	NBR_ACT_FACT	integer	number	10		2018		2006,2007,2008,2009,2010,2011,2012,2013,2014,2015,2016,2017	Nombre d’actes facturés	0 pour l’internePeut-être différent du « nombre réalisés » si des actes gratuits sont réalisés pour un bénéficiaire donné	
T_MCOaaSUP_RIHNP	NBR_ACT_PROD	integer	number	10		2018		2006,2007,2008,2009,2010,2011,2012,2013,2014,2015,2016,2017	Nombre d’actes réalisés	Par acte et par bénéficiaire	
T_MCOaaSUP_SMUR	ANN_MOI	string	string	6		2016		2006,2007,2008,2009,2010,2011,2012,2013,2014,2015	Année+Mois		
T_MCOaaSUP_SMUR	ETA_NUM	string	string	9		2016		2006,2007,2008,2009,2010,2011,2012,2013,2014,2015	N° FINESS		
T_MCOaaSUP_SMUR	ETA_NUM_SMUR	string	string	9		2016		2006,2007,2008,2009,2010,2011,2012,2013,2014,2015	N° FINESS d’implantation SMUR		
T_MCOaaSUP_SMUR	FIC_TYP	string	string	3		2016		2006,2007,2008,2009,2010,2011,2012,2013,2014,2015	Type de fichier		
T_MCOaaSUP_SMUR	NBR_SOR_PRIM	integer	number	6		2016		2006,2007,2008,2009,2010,2011,2012,2013,2014,2015	Nombre de sorties primaires		
T_MCOaaSUP_SMUR	NBR_SOR_SND	integer	number	6		2016		2006,2007,2008,2009,2010,2011,2012,2013,2014,2015	Nombre de sorties secondaires		
T_MCOaaSUP_SMUR	NBR_TIIH	integer	number	6		2016		2006,2007,2008,2009,2010,2011,2012,2013,2014,2015	Nombre TIIH (transfert infirmier inter-hospitalier)		
T_MCOaaSUP_TIE	ACT_COD	string	string	3		2018	2021	2006,2007,2008,2009,2010,2011,2012,2013,2014,2015,2016,2017,2022,2023,2024	Code	valeur égale à TSE ou TDE	
T_MCOaaSUP_TIE	ANN_MOI	string	string	6		2018	2021	2006,2007,2008,2009,2010,2011,2012,2013,2014,2015,2016,2017,2022,2023,2024	Année+Période		
T_MCOaaSUP_TIE	CL_DISTANCE	integer	number	2		2020	2021	2006,2007,2008,2009,2010,2011,2012,2013,2014,2015,2016,2017,2018,2019,2022,2023,2024	Classe de distance	- pour TDE et TSE, valeur égale à 00 pour les transports de janvier-février- pour TDE, valeur égale à :01 : [0-25 km[02 : [25-75 km[03 : [75-150 km[04 : [150-300 km[05 : [300-∞ km[ - pour TSE, valeur égale à :06 : [0-40 km[07 : [40-80 km[08 : [80-160 km[09 : [160-∞ km[	
T_MCOaaSUP_TIE	ETA_NUM	string	string	9		2018	2021	2006,2007,2008,2009,2010,2011,2012,2013,2014,2015,2016,2017,2022,2023,2024	N° FINESS d’inscription e-PMSI		
T_MCOaaSUP_TIE	FIC_TYP	string	string	3		2018	2021	2006,2007,2008,2009,2010,2011,2012,2013,2014,2015,2016,2017,2022,2023,2024	Type de fichier	G61	
T_MCOaaSUP_TIE	NBR_SEJ	integer	number	10		2018	2019	2006,2007,2008,2009,2010,2011,2012,2013,2014,2015,2016,2017,2020,2021,2022,2023,2024	Nombre de séjours		
T_MCOaaSUP_TIE	NBR_SUP_TRSP	integer	number	10		2020	2021	2006,2007,2008,2009,2010,2011,2012,2013,2014,2015,2016,2017,2018,2019,2022,2023,2024	Nombre de suppléments		
T_MCOaaSUP_TIE	MOIS_TRSP	integer	number	8		2021	2021	2006,2007,2008,2009,2010,2011,2012,2013,2014,2015,2016,2017,2018,2019,2020,2022,2023,2024	Mois du transport		
T_MCOaaSUP_USMP	ANN_MOI	string	string	6		2016		2006,2007,2008,2009,2010,2011,2012,2013,2014,2015	Année+Mois		
T_MCOaaSUP_USMP	ETA_NUM	string	string	9		2016		2006,2007,2008,2009,2010,2011,2012,2013,2014,2015	N° FINESS		
T_MCOaaSUP_USMP	FIC_TYP	string	string	3		2016		2006,2007,2008,2009,2010,2011,2012,2013,2014,2015	Type de fichier		
T_MCOaaSUP_USMP	MNT_TOT_TTC	integer	number	9		2016		2006,2007,2008,2009,2010,2011,2012,2013,2014,2015	Montant total TTC		
T_MCOaaSUP_USMP	UCD_COD_7_13	string	string	13		2016		2006,2007,2008,2009,2010,2011,2012,2013,2014,2015	Code UCD (7 ou 13)		
T_MCOaaSUP_VAC	ANN_MOI	string	string	6		2021	2023	2006,2007,2008,2009,2010,2011,2012,2013,2014,2015,2016,2017,2018,2019,2020,2024	Année et Mois de la période de transmission	Format AAAA, Ex : 10 pour la transmission d’octobre	
T_MCOaaSUP_VAC	ETA_NUM	string	string	9		2021	2023	2006,2007,2008,2009,2010,2011,2012,2013,2014,2015,2016,2017,2018,2019,2020,2024	Numéro FINESS ePMSI		
T_MCOaaSUP_VAC	FIC_TYP	string	string	3		2021	2023	2006,2007,2008,2009,2010,2011,2012,2013,2014,2015,2016,2017,2018,2019,2020,2024	Type de fichier		
T_MCOaaSUP_VAC	FVACC_SUP	string	string	3		2021	2023	2006,2007,2008,2009,2010,2011,2012,2013,2014,2015,2016,2017,2018,2019,2020,2024	Forfait de ligne vaccinale OU type de supplément horaire	Forfaits de ligne vaccinale : A, B, C ou DSuppléments horaires (uniquement pour les établissements pivots listés par l'ARS) : I (infirmier), S (sage-femme), M (médecin)Modificateurs :-1 : jour ouvrable dont samedi matin-2 : samedi après-midi, dimanche et jour férié	
T_MCOaaSUP_VAC	NBR_PRS	integer	number	8		2021	2023	2006,2007,2008,2009,2010,2011,2012,2013,2014,2015,2016,2017,2018,2019,2020,2024	Nombre de prestation	Pour les forfaits : nombre de lignes de vaccination. Une ligne de vaccination correspond à la mobilisation des professionnels de santé et de l'environnement correspondant au forfait renseigné (A, B, C ou D), pendant une durée de 4h.Pour les suppléments : nombre d'heures payées. Transformer le cas échéant une vacation complète en son nombre d'heures	
T_MCOaaSUP_VAC	PERIOD	integer	number	8		2021	2023	2006,2007,2008,2009,2010,2011,2012,2013,2014,2015,2016,2017,2018,2019,2020,2024	Période	1 par défaut	
T_MCOaaTRPT	ACT_COD	string	string	5.0		2020		2006,2007,2008,2009,2010,2011,2012,2013,2014,2015,2016,2017,2018,2019	Code		
T_MCOaaTRPT	ANN	string	string	4.0		2020		2006,2007,2008,2009,2010,2011,2012,2013,2014,2015,2016,2017,2018,2019	Année période de transmission		
T_MCOaaTRPT	CL_DISTANCE	integer	number	2.0		2020		2006,2007,2008,2009,2010,2011,2012,2013,2014,2015,2016,2017,2018,2019	Classe de distance	- pour TDE et TSE, valeur égale à 00 pour les transports de janvier-février- pour TDE, valeur égale à :01 : [0-25 km[02 : [25-75 km[03 : [75-150 km[04 : [150-300 km[05 : [300-∞ km[ - pour TSE, valeur égale à :06 : [0-40 km[07 : [40-80 km[08 : [80-160 km[09 : [160-∞ km[	
T_MCOaaTRPT	ETA_NUM	string	string	9.0		2020		2006,2007,2008,2009,2010,2011,2012,2013,2014,2015,2016,2017,2018,2019	Numéro FINESS e-PMSI		
T_MCOaaTRPT	ETA_NUM_ENT	string	string	9.0		2020		2006,2007,2008,2009,2010,2011,2012,2013,2014,2015,2016,2017,2018,2019	Numéro FINESS du fichier d'entrée		
T_MCOaaTRPT	EXE_SOI_AMD	string	string	6.0		2020		2006,2007,2008,2009,2010,2011,2012,2013,2014,2015,2016,2017,2018,2019	Date au format Mois Année		
T_MCOaaTRPT	EXE_SOI_DTD	date	date			2020		2006,2007,2008,2009,2010,2011,2012,2013,2014,2015,2016,2017,2018,2019	Date d'aller		
T_MCOaaTRPT	EXE_SOI_RET	string	string	1.0		2020		2006,2007,2008,2009,2010,2011,2012,2013,2014,2015,2016,2017,2018,2019	CR Date d'aller	0 : date d’aller OK; 1 : date d'aller non renseignée;2 :date d’aller au bon format mais pas compris dans le séjour;3 :date d’aller non conforme au format; 4 : forfait TDE mais date d'aller ne correspond pas à la date de sortie de séjour	
T_MCOaaTRPT	MOI	string	string	2.0		2020		2006,2007,2008,2009,2010,2011,2012,2013,2014,2015,2016,2017,2018,2019	Mois période de transmission		
T_MCOaaTRPT	PRS_TYP	string	string	2.0		2020		2006,2007,2008,2009,2010,2011,2012,2013,2014,2015,2016,2017,2018,2019	Type de prestation		
T_MCOaaTRPT	RSA_NUM	string	string	10.0		2020		2006,2007,2008,2009,2010,2011,2012,2013,2014,2015,2016,2017,2018,2019	Numéro séquentiel de séjour		
T_MCOaaUM	ACT_RUM_NBR	integer	number	8		2010		2006,2007,2008,2009	Nombre de zones d'actes du RUM (Nb_Act_R_1)		
T_MCOaaUM	AGE_GES	integer	number	2		2014		2006,2007,2008,2009,2010,2011,2012,2013	Age gestationnel		
T_MCOaaUM	AUT_TYP1_UM	string	string	2		2010		2006,2007,2008,2009	Premier type d'autorisation d'UM		
T_MCOaaUM	AUT_TYP2_UM	string	string	2		2010		2006,2007,2008,2009	Deuxième type d'autorisation d'UM		
T_MCOaaUM	DGN_ASS_NBR	integer	number	8		2010		2006,2007,2008,2009	Nombre de diagnostics associés du RUM (Nb_DA_R_1)		
T_MCOaaUM	DGN_PAL	string	string	6	MS_CIM_V	2008		2006,2007	DP		
T_MCOaaUM	DGN_REL	string	string	6	MS_CIM_V	2008		2006,2007	DR		
T_MCOaaUM	DP_POS	string	string	2		2006	2007	2008,2009,2010,2011,2012,2013,2014,2015,2016,2017,2018,2019,2020,2021,2022,2023,2024	Position du DP		
T_MCOaaUM	ETA_NUM	string	string	1		2006			Numéro FINESS		
T_MCOaaUM	ETA_NUM_GEO	string	string	9		2013		2006,2007,2008,2009,2010,2011,2012	Numéro FINESS géographique		
T_MCOaaUM	ETA_NUM_GEO1	string	string	9		2012	2012	2006,2007,2008,2009,2010,2011,2013,2014,2015,2016,2017,2018,2019,2020,2021,2022,2023,2024	Premier numéro FINESS géographique		
T_MCOaaUM	ETA_NUM_GEO2	string	string	9		2012	2012	2006,2007,2008,2009,2010,2011,2013,2014,2015,2016,2017,2018,2019,2020,2021,2022,2023,2024	Deuxième numéro FINESS géographique		
T_MCOaaUM	IGS2_COD	string	string	3		2010		2006,2007,2008,2009	IGS2		
T_MCOaaUM	IND_SRC	string	string	1		2009	2009	2006,2007,2008,2010,2011,2012,2013,2014,2015,2016,2017,2018,2019,2020,2021,2022,2023,2024	Indicateur de SRC		
T_MCOaaUM	NUM_ANO_UM	integer	number	4		2020		2006,2007,2008,2009,2010,2011,2012,2013,2014,2015,2016,2017,2018,2019	Numéro séquentiel de l'UM	n° de l'UM interne à l'ES, anonymisé	
T_MCOaaUM	PAR_DUR_SEJ	integer	number	8		2010		2006,2007,2008,2009	Durée séjour partielle		
T_MCOaaUM	PAR_NBR_SEJ	integer	number	4		2006	2009	2010,2011,2012,2013,2014,2015,2016,2017,2018,2019,2020,2021,2022,2023,2024	Durée séjour partielle		
T_MCOaaUM	RSA_NUM	string	string	10		2006			N° d'index du RSA		
T_MCOaaUM	RSS_NUM	string	string	3		2006			Numéro de version du format du RSA		
T_MCOaaUM	RUM_ORD_NUM	integer	number	4		2020		2006,2007,2008,2009,2010,2011,2012,2013,2014,2015,2016,2017,2018,2019	Numero sequentiel du RUM		
T_MCOaaUM	SUP_TYP1_NAT	string	string	2		2010		2006,2007,2008,2009	Nature du supplément pour le premier type		
T_MCOaaUM	SUP_TYP1_NBR	integer	number	4		2010		2006,2007,2008,2009	Nombre de supplément pour le premier type		
T_MCOaaUM	SUP_TYP2_NAT	string	string	2		2010		2006,2007,2008,2009	Nature du supplément pour le deuxième type		
T_MCOaaUM	SUP_TYP2_NBR	integer	number	4		2010		2006,2007,2008,2009	Nombre de supplément pour le deuxième type		
T_MCOaaUM	UM_ORD_NUM	integer	number	1		2010	2019	2006,2007,2008,2009,2020,2021,2022,2023,2024	N°ordre de l'unité médicale dans le séjour		
T_MCOaaUM	UM_TYP	string	string	2		2006	2009	2010,2011,2012,2013,2014,2015,2016,2017,2018,2019,2020,2021,2022,2023,2024	Type d'UM		
T_MCOaaUM	VAL_PAR	string	string	1		2006	2009	2010,2011,2012,2013,2014,2015,2016,2017,2018,2019,2020,2021,2022,2023,2024	Valorisation partielle		
T_MCOaaUM	VAL_REA	string	string	1		2006	2009	2010,2011,2012,2013,2014,2015,2016,2017,2018,2019,2020,2021,2022,2023,2024	Valorisation réa		
T_MCOaaUPGV	AUT_TYP_PGV	string	string	2		2012		2006,2007,2008,2009,2010,2011	Type d'autorisation à portée globale valide		
T_MCOaaUPGV	ETA_NUM	string	string	3		2012		2006,2007,2008,2009,2010,2011	Numéro FINESS		
T_MCOaaUPGV	RSA_NUM	string	string	10		2012		2006,2007,2008,2009,2010,2011	N° d'index du RSA		
T_MCOaaUPGV	RSS_NUM	string	string	3		2012		2006,2007,2008,2009,2010,2011	Numéro de version du format du RSA		
T_MCOaaVALO	COEFGEO	integer	number	3.0		2011		2006,2007,2008,2009,2010	Coefficient géographique		
T_MCOaaVALO	COEFPRUD	integer	number	5.0		2014		2006,2007,2008,2009,2010,2011,2012,2013	Coefficient prudentiel		
T_MCOaaVALO	COEFREP	integer	number	5.4		2018		2006,2007,2008,2009,2010,2011,2012,2013,2014,2015,2016,2017	Coefficient de reprise		
T_MCOaaVALO	COEFSEG	integer	number	8.0		2021		2006,2007,2008,2009,2010,2011,2012,2013,2014,2015,2016,2017,2018,2019,2020	Coefficient SEGUR		
T_MCOaaVALO	COEFTRANS	integer	number	5.0		2011	2020	2006,2007,2008,2009,2010,2021,2022,2023,2024	Coefficient de transition		
T_MCOaaVALO	ETA_NUM	string	string	9.0		2011		2006,2007,2008,2009,2010	Numéro FINESS de l’établissement		
T_MCOaaVALO	ETE_GHS_NUM	integer	number	4.0		2011		2006,2007,2008,2009,2010	GHS au format DCIR		
T_MCOaaVALO	FLAG_FIDES	string	string	1.0		2014		2006,2007,2008,2009,2010,2011,2012,2013	Indicateur FIDES GENRSA	Vaut 1 si le séjour est pris en charge dans le cadre de FIDES	
T_MCOaaVALO	GHS_NUM	string	string	4.0		2011		2006,2007,2008,2009,2010	Numéro du GHS		
T_MCOaaVALO	GHS50	integer	number	5.0		2011		2006,2007,2008,2009,2010	Nb séjours avec réhospitalisation dans le même GHM		
T_MCOaaVALO	GHSMIN	integer	number			2015	2017	2006,2007,2008,2009,2010,2011,2012,2013,2014,2018,2019,2020,2021,2022,2023,2024	Nb séjours avec minoration forfaitaire liste en sus		
T_MCOaaVALO	MNT_18	integer	number	10.0		2011	2018	2006,2007,2008,2009,2010,2019,2020,2021,2022,2023,2024	Montant participation forfaitaire du 18 euros		
T_MCOaaVALO	MNT_9610_AM	integer	number	10.0		2011	2021	2006,2007,2008,2009,2010,2022,2023,2024	Valorisation AM actes menant dans le GHS 9610		
T_MCOaaVALO	MNT_9610_BR	integer	number	10.2		2018	2021	2006,2007,2008,2009,2010,2011,2012,2013,2014,2015,2016,2017,2022,2023,2024	Valorisation BR actes menant dans le GHS 9610		
T_MCOaaVALO	MNT_9611_AM	integer	number	10.0		2011	2011	2006,2007,2008,2009,2010,2012,2013,2014,2015,2016,2017,2018,2019,2020,2021,2022,2023,2024	Valorisation AM actes menant dans le GHS 9611		
T_MCOaaVALO	MNT_9612_AM	integer	number	10.0		2011	2011	2006,2007,2008,2009,2010,2012,2013,2014,2015,2016,2017,2018,2019,2020,2021,2022,2023,2024	Valorisation AM actes menant dans le GHS 9612		
T_MCOaaVALO	MNT_9615_AM	integer	number	10.0		2011	2021	2006,2007,2008,2009,2010,2022,2023,2024	Valorisation AM actes menant dans le GHS 9615		
T_MCOaaVALO	MNT_9615_BR	integer	number	10.2		2018	2021	2006,2007,2008,2009,2010,2011,2012,2013,2014,2015,2016,2017,2022,2023,2024	Valorisation BR actes menant dans le GHS 9615		
T_MCOaaVALO	MNT_9619_AM	integer	number	10.0		2011	2021	2006,2007,2008,2009,2010,2022,2023,2024	Valorisation AM actes menant dans le GHS 9619		
T_MCOaaVALO	MNT_9619_BR	integer	number	10.2		2018	2021	2006,2007,2008,2009,2010,2011,2012,2013,2014,2015,2016,2017,2022,2023,2024	Valorisation BR actes menant dans le GHS 9619		
T_MCOaaVALO	MNT_9620_AM	integer	number	10.0		2011	2021	2006,2007,2008,2009,2010,2022,2023,2024	Valorisation AM actes menant dans le GHS 9620		
T_MCOaaVALO	MNT_9620_BR	integer	number	10.2		2018	2021	2006,2007,2008,2009,2010,2011,2012,2013,2014,2015,2016,2017,2022,2023,2024	Valorisation BR actes menant dans le GHS 9620		
T_MCOaaVALO	MNT_9621_AM	integer	number	10.0		2011	2021	2006,2007,2008,2009,2010,2022,2023,2024	Valorisation AM actes menant dans le GHS 9621		
T_MCOaaVALO	MNT_9621_BR	integer	number	10.2		2018	2021	2006,2007,2008,2009,2010,2011,2012,2013,2014,2015,2016,2017,2022,2023,2024	Valorisation BR actes menant dans le GHS 9621		
T_MCOaaVALO	MNT_9622_AM	integer	number	10.0		2011	2021	2006,2007,2008,2009,2010,2022,2023,2024	Valorisation AM actes menant dans le GHS 9622		
T_MCOaaVALO	MNT_9622_BR	integer	number	10.2		2018	2021	2006,2007,2008,2009,2010,2011,2012,2013,2014,2015,2016,2017,2022,2023,2024	Valorisation BR actes menant dans le GHS 9622		
T_MCOaaVALO	MNT_9623_AM	integer	number	10.0		2012	2021	2006,2007,2008,2009,2010,2011,2022,2023,2024	Valorisation AM actes menant dans le GHS 9623		
T_MCOaaVALO	MNT_9623_BR	integer	number	10.2		2018	2021	2006,2007,2008,2009,2010,2011,2012,2013,2014,2015,2016,2017,2022,2023,2024	Valorisation BR actes menant dans le GHS 9623		
T_MCOaaVALO	MNT_9624_AM	integer	number	10.0		2011	2012	2006,2007,2008,2009,2010,2013,2014,2015,2016,2017,2018,2019,2020,2021,2022,2023,2024	Valorisation AM actes menant dans le GHS 9624		
T_MCOaaVALO	MNT_9625_AM	integer	number	10.0		2011	2021	2006,2007,2008,2009,2010,2022,2023,2024	Valorisation AM actes menant dans le GHS 9625		
T_MCOaaVALO	MNT_9625_BR	integer	number	10.2		2018	2021	2006,2007,2008,2009,2010,2011,2012,2013,2014,2015,2016,2017,2022,2023,2024	Valorisation BR actes menant dans le GHS 9625		
T_MCOaaVALO	MNT_9631_AM	integer	number	10.0		2011	2021	2006,2007,2008,2009,2010,2022,2023,2024	Valorisation AM actes menant dans le GHS 9631		
T_MCOaaVALO	MNT_9631_BR	integer	number	10.2		2018	2021	2006,2007,2008,2009,2010,2011,2012,2013,2014,2015,2016,2017,2022,2023,2024	Valorisation BR actes menant dans le GHS 9631		
T_MCOaaVALO	MNT_9632_AM	integer	number	10.0		2011	2021	2006,2007,2008,2009,2010,2022,2023,2024	Valorisation AM actes menant dans le GHS 9632		
T_MCOaaVALO	MNT_9632_BR	integer	number	10.2		2018	2021	2006,2007,2008,2009,2010,2011,2012,2013,2014,2015,2016,2017,2022,2023,2024	Valorisation BR actes menant dans le GHS 9632		
T_MCOaaVALO	MNT_9633_AM	integer	number	10.0		2011	2021	2006,2007,2008,2009,2010,2022,2023,2024	Valorisation AM actes menant dans le GHS 9633		
T_MCOaaVALO	MNT_9633_BR	integer	number	10.2		2018	2021	2006,2007,2008,2009,2010,2011,2012,2013,2014,2015,2016,2017,2022,2023,2024	Valorisation BR actes menant dans le GHS 9633		
T_MCOaaVALO	MNT_ANT_AM	integer	number	10.0		2012	2021	2006,2007,2008,2009,2010,2011,2022,2023,2024	Valorisation AM suppléments antepartum		
T_MCOaaVALO	MNT_ANT_BR	integer	number	10.2		2018	2021	2006,2007,2008,2009,2010,2011,2012,2013,2014,2015,2016,2017,2022,2023,2024	Valorisation BR suppléments antepartum		
T_MCOaaVALO	MNT_CAISSON_AM	integer	number	10.0		2011	2021	2006,2007,2008,2009,2010,2022,2023,2024	Valorisation AM suppléments caisson hyperbare		
T_MCOaaVALO	MNT_CAISSON_BR	integer	number	10.2		2018	2021	2006,2007,2008,2009,2010,2011,2012,2013,2014,2015,2016,2017,2022,2023,2024	Valorisation BR suppléments caisson hyperbare		
T_MCOaaVALO	MNT_CTC	integer	number	10.0		2023		2006,2007,2008,2009,2010,2011,2012,2013,2014,2015,2016,2017,2018,2019,2020,2021,2022	Valorisation BR suppléments Car-t cells		
T_MCOaaVALO	MNT_CTC_AM	integer	number	10.0		2023		2006,2007,2008,2009,2010,2011,2012,2013,2014,2015,2016,2017,2018,2019,2020,2021,2022	Valorisation AM suppléments Car-t cells		
T_MCOaaVALO	MNT_DIP_AM	integer	number	10.0		2011	2021	2006,2007,2008,2009,2010,2022,2023,2024	Valorisation AM suppléments de dialyse DIP		
T_MCOaaVALO	MNT_DIP_BR	integer	number	10.2		2018	2021	2006,2007,2008,2009,2010,2011,2012,2013,2014,2015,2016,2017,2022,2023,2024	Valorisation BR suppléments de dialyse DIP		
T_MCOaaVALO	MNT_DMI	integer	number	10.0		2011	2021	2006,2007,2008,2009,2010,2022,2023,2024	Valorisation accordée DMI		
T_MCOaaVALO	MNT_EXH_AM	integer	number	10.0		2011	2021	2006,2007,2008,2009,2010,2022,2023,2024	Valorisation AM EXH		
T_MCOaaVALO	MNT_EXH_BR	integer	number	10.2		2018	2021	2006,2007,2008,2009,2010,2011,2012,2013,2014,2015,2016,2017,2022,2023,2024	Valorisation BR EXH		
T_MCOaaVALO	MNT_EXINF_AM	integer	number	10.0		2011	2021	2006,2007,2008,2009,2010,2022,2023,2024	Valorisation AM EXB		
T_MCOaaVALO	MNT_EXINF_BR	integer	number	10.2		2018	2021	2006,2007,2008,2009,2010,2011,2012,2013,2014,2015,2016,2017,2022,2023,2024	Valorisation BR EXB		
T_MCOaaVALO	MNT_FJ2	integer	number	10.0		2011	2021	2006,2007,2008,2009,2010,2022,2023,2024	Montant du forfait journalier		
T_MCOaaVALO	MNT_FJS_AME	integer	number	10.0		2012	2012	2006,2007,2008,2009,2010,2011,2013,2014,2015,2016,2017,2018,2019,2020,2021,2022,2023,2024	Valorisation Forfait Journalier de Sortie (uniquement pour les séjours AME)		
T_MCOaaVALO	MNT_GHS_AM	integer	number	10.0		2011	2021	2006,2007,2008,2009,2010,2022,2023,2024	Valorisation AM GHS		
T_MCOaaVALO	MNT_GHS_BR	integer	number	10.2		2018	2021	2006,2007,2008,2009,2010,2011,2012,2013,2014,2015,2016,2017,2022,2023,2024	Valorisation BR GHS		
T_MCOaaVALO	MNT_GHS50_AM	integer	number	10.0		2011	2021	2006,2007,2008,2009,2010,2022,2023,2024	Valorisation AM des séjours avec réhospitalisation dans le même GHM		
T_MCOaaVALO	MNT_GHS50_BR	integer	number	10.2		2018	2021	2006,2007,2008,2009,2010,2011,2012,2013,2014,2015,2016,2017,2022,2023,2024	Valorisation BR des séjours avec réhospitalisation dans le même GHM		
T_MCOaaVALO	MNT_GHSMIN_AM	integer	number	10.0		2015	2017	2006,2007,2008,2009,2010,2011,2012,2013,2014,2018,2019,2020,2021,2022,2023,2024	Valorisation AM des séjours avec minoration forfaitaire liste en sus		
T_MCOaaVALO	MNT_I04	integer	number	10.2		2018	2020	2006,2007,2008,2009,2010,2011,2012,2013,2014,2015,2016,2017,2021,2022,2023,2024	Valorisation BR suppléments Forfait Innovation I04		
T_MCOaaVALO	MNT_I04_AM	integer	number	10.2		2018	2020	2006,2007,2008,2009,2010,2011,2012,2013,2014,2015,2016,2017,2021,2022,2023,2024	Valorisation AM suppléments Forfait Innovation I04		
T_MCOaaVALO	MNT_IVG_AM	integer	number	10.0		2011	2021	2006,2007,2008,2009,2010,2022,2023,2024	Valorisation AM IVG (hors FJS)		
T_MCOaaVALO	MNT_IVG_BR	integer	number	10.2		2018	2021	2006,2007,2008,2009,2010,2011,2012,2013,2014,2015,2016,2017,2022,2023,2024	Valorisation BR IVG		
T_MCOaaVALO	MNT_IVGFJS_AM	integer	number	10.0		2011	2013	2006,2007,2008,2009,2010,2014,2015,2016,2017,2018,2019,2020,2021,2022,2023,2024	Valorisation AM FJS		
T_MCOaaVALO	MNT_MAJO	integer	number	10.0		2011	2021	2006,2007,2008,2009,2010,2022,2023,2024	Montant majoration du parcours de soin		
T_MCOaaVALO	MNT_MED_ATU	integer	number	10.0		2017	2021	2006,2007,2008,2009,2010,2011,2012,2013,2014,2015,2016,2022,2023,2024	Valorisation accordée médicaments ATU/POST ATU		
T_MCOaaVALO	MNT_MON	integer	number	10.0		2011	2021	2006,2007,2008,2009,2010,2022,2023,2024	Valorisation accordée molécules onéreuses		
T_MCOaaVALO	MNT_NN1_AM	integer	number	10.0		2011	2021	2006,2007,2008,2009,2010,2022,2023,2024	Valorisation AM suppléments de néonat sans SI		
T_MCOaaVALO	MNT_NN1_BR	integer	number	10.2		2018	2021	2006,2007,2008,2009,2010,2011,2012,2013,2014,2015,2016,2017,2022,2023,2024	Valorisation BR suppléments de néonat sans SI		
T_MCOaaVALO	MNT_NN2_AM	integer	number	10.0		2011	2021	2006,2007,2008,2009,2010,2022,2023,2024	Valorisation AM suppléments de néonat avec SI		
T_MCOaaVALO	MNT_NN2_BR	integer	number	10.2		2018	2021	2006,2007,2008,2009,2010,2011,2012,2013,2014,2015,2016,2017,2022,2023,2024	Valorisation BR suppléments de néonat avec SI		
T_MCOaaVALO	MNT_NN3_AM	integer	number	10.0		2011	2021	2006,2007,2008,2009,2010,2022,2023,2024	Valorisation AM suppléments de réanimation néonat		
T_MCOaaVALO	MNT_NN3_BR	integer	number	10.2		2018	2021	2006,2007,2008,2009,2010,2011,2012,2013,2014,2015,2016,2017,2022,2023,2024	Valorisation BR suppléments de réanimation néonat		
T_MCOaaVALO	MNT_PO1_AM	integer	number	10.0		2011	2021	2006,2007,2008,2009,2010,2022,2023,2024	Valorisation AM PO1		
T_MCOaaVALO	MNT_PO1_BR	integer	number	10.2		2018	2021	2006,2007,2008,2009,2010,2011,2012,2013,2014,2015,2016,2017,2022,2023,2024	Valorisation BR PO1		
T_MCOaaVALO	MNT_PO2_AM	integer	number	10.0		2011	2021	2006,2007,2008,2009,2010,2022,2023,2024	Valorisation AM PO2		
T_MCOaaVALO	MNT_PO2_BR	integer	number	10.2		2018	2021	2006,2007,2008,2009,2010,2011,2012,2013,2014,2015,2016,2017,2022,2023,2024	Valorisation BR PO2		
T_MCOaaVALO	MNT_PO3_AM	integer	number	10.0		2011	2021	2006,2007,2008,2009,2010,2022,2023,2024	Valorisation AM PO3		
T_MCOaaVALO	MNT_PO3_BR	integer	number	10.2		2018	2021	2006,2007,2008,2009,2010,2011,2012,2013,2014,2015,2016,2017,2022,2023,2024	Valorisation BR PO3		
T_MCOaaVALO	MNT_PO4_AM	integer	number	10.0		2011	2021	2006,2007,2008,2009,2010,2022,2023,2024	Valorisation AM PO4		
T_MCOaaVALO	MNT_PO4_BR	integer	number	10.2		2018	2021	2006,2007,2008,2009,2010,2011,2012,2013,2014,2015,2016,2017,2022,2023,2024	Valorisation BR PO4		
T_MCOaaVALO	MNT_PO5_AM	integer	number	10.0		2011	2021	2006,2007,2008,2009,2010,2022,2023,2024	Valorisation AM PO5		
T_MCOaaVALO	MNT_PO5_BR	integer	number	10.2		2018	2021	2006,2007,2008,2009,2010,2011,2012,2013,2014,2015,2016,2017,2022,2023,2024	Valorisation BR PO5		
T_MCOaaVALO	MNT_PO6_AM	integer	number	10.0		2011	2021	2006,2007,2008,2009,2010,2022,2023,2024	Valorisation AM PO6		
T_MCOaaVALO	MNT_PO6_BR	integer	number	10.2		2018	2021	2006,2007,2008,2009,2010,2011,2012,2013,2014,2015,2016,2017,2022,2023,2024	Valorisation BR PO6		
T_MCOaaVALO	MNT_PO7_AM	integer	number	10.0		2011	2021	2006,2007,2008,2009,2010,2022,2023,2024	Valorisation AM PO7		
T_MCOaaVALO	MNT_PO7_BR	integer	number	10.2		2018	2021	2006,2007,2008,2009,2010,2011,2012,2013,2014,2015,2016,2017,2022,2023,2024	Valorisation BR PO7		
T_MCOaaVALO	MNT_PO8_AM	integer	number	10.0		2011	2021	2006,2007,2008,2009,2010,2022,2023,2024	Valorisation AM PO8		
T_MCOaaVALO	MNT_PO8_BR	integer	number	10.2		2018	2021	2006,2007,2008,2009,2010,2011,2012,2013,2014,2015,2016,2017,2022,2023,2024	Valorisation BR PO8		
T_MCOaaVALO	MNT_PO9_AM	integer	number	10.0		2011	2021	2006,2007,2008,2009,2010,2022,2023,2024	Valorisation AM PO9		
T_MCOaaVALO	MNT_PO9_BR	integer	number	10.2		2018	2021	2006,2007,2008,2009,2010,2011,2012,2013,2014,2015,2016,2017,2022,2023,2024	Valorisation BR PO9		
T_MCOaaVALO	MNT_POA_AM	integer	number	10.0		2012	2021	2006,2007,2008,2009,2010,2011,2022,2023,2024	Valorisation AM POA		
T_MCOaaVALO	MNT_POA_BR	integer	number	10.2		2018	2021	2006,2007,2008,2009,2010,2011,2012,2013,2014,2015,2016,2017,2022,2023,2024	Valorisation BR POA		
T_MCOaaVALO	MNT_RAC	integer	number	10.0		2016	2021	2006,2007,2008,2009,2010,2011,2012,2013,2014,2015,2022,2023,2024	Montant remboursable par l'organisme complémentaire (AMC)		
T_MCOaaVALO	MNT_RAP_AM	integer	number	10.0		2012	2021	2006,2007,2008,2009,2010,2011,2022,2023,2024	Valorisation AM suppléments de radiothérapie pédiatrique		
T_MCOaaVALO	MNT_RAP_BR	integer	number	10.2		2018	2021	2006,2007,2008,2009,2010,2011,2012,2013,2014,2015,2016,2017,2022,2023,2024	Valorisation BR suppléments de radiothérapie pédiatrique		
T_MCOaaVALO	MNT_REA_AM	integer	number	10.0		2011	2021	2006,2007,2008,2009,2010,2022,2023,2024	Valorisation AM suppléments de réanimation		
T_MCOaaVALO	MNT_REA_BR	integer	number	10.2		2018	2021	2006,2007,2008,2009,2010,2011,2012,2013,2014,2015,2016,2017,2022,2023,2024	Valorisation BR suppléments de réanimation		
T_MCOaaVALO	MNT_REP_AM	integer	number	10.0		2011	2021	2006,2007,2008,2009,2010,2022,2023,2024	Valorisation AM suppléments de réanimation pédiatrique		
T_MCOaaVALO	MNT_REP_BR	integer	number	10.2		2018	2021	2006,2007,2008,2009,2010,2011,2012,2013,2014,2015,2016,2017,2022,2023,2024	Valorisation BR suppléments de réanimation pédiatrique		
T_MCOaaVALO	MNT_SC_AM	integer	number	10.0		2011	2021	2006,2007,2008,2009,2010,2022,2023,2024	Valorisation AM suppléments de surveillance continue		
T_MCOaaVALO	MNT_SC_BR	integer	number	10.2		2018	2021	2006,2007,2008,2009,2010,2011,2012,2013,2014,2015,2016,2017,2022,2023,2024	Valorisation BR suppléments de surveillance continue		
T_MCOaaVALO	MNT_SDC_AM	integer	number	10.2		2018	2021	2006,2007,2008,2009,2010,2011,2012,2013,2014,2015,2016,2017,2022,2023,2024	Valorisation AM suppléments défibrillateur cardiaque		
T_MCOaaVALO	MNT_SDC_BR	integer	number	10.2		2018	2021	2006,2007,2008,2009,2010,2011,2012,2013,2014,2015,2016,2017,2022,2023,2024	Valorisation BR suppléments défibrillateur cardiaque		
T_MCOaaVALO	MNT_SI_AM	integer	number	10.0		2011	2021	2006,2007,2008,2009,2010,2022,2023,2024	Valorisation AM suppléments soins intensifs		
T_MCOaaVALO	MNT_SI_BR	integer	number	10.2		2018	2021	2006,2007,2008,2009,2010,2011,2012,2013,2014,2015,2016,2017,2022,2023,2024	Valorisation BR suppléments soins intensifs		
T_MCOaaVALO	MNT_SUPP_INNO	integer	number	8.0		2021	2021	2006,2007,2008,2009,2010,2011,2012,2013,2014,2015,2016,2017,2018,2019,2020,2022,2023,2024	Valorisation BR suppléments Forfait Innovation		
T_MCOaaVALO	MNT_SUPP_INNO_AM	integer	number	8.0		2021	2021	2006,2007,2008,2009,2010,2011,2012,2013,2014,2015,2016,2017,2018,2019,2020,2022,2023,2024	Valorisation AM suppléments Forfait Innovation		
T_MCOaaVALO	MNT_SUPPENT1_AM	integer	number	10.0		2011	2021	2006,2007,2008,2009,2010,2022,2023,2024	Valorisation AM suppléments pour entraînements à la dialyse péritonéale automatisée hors séance		
T_MCOaaVALO	MNT_SUPPENT1_BR	integer	number	10.2		2018	2021	2006,2007,2008,2009,2010,2011,2012,2013,2014,2015,2016,2017,2022,2023,2024	Valorisation BR suppléments pour entraînements à la dialyse péritonéale automatisée hors séance		
T_MCOaaVALO	MNT_SUPPENT2_AM	integer	number	10.0		2011	2021	2006,2007,2008,2009,2010,2022,2023,2024	Valorisation AM suppléments pour entraînements à la dialyse péritonéale continue ambulatoire hors séance		
T_MCOaaVALO	MNT_SUPPENT2_BR	integer	number	10.2		2018	2021	2006,2007,2008,2009,2010,2011,2012,2013,2014,2015,2016,2017,2022,2023,2024	Valorisation BR suppléments pour entraînements à la dialyse péritonéale continue ambulatoire hors séance		
T_MCOaaVALO	MNT_SUPPENT3_AM	integer	number	10.0		2011	2021	2006,2007,2008,2009,2010,2022,2023,2024	Valorisation AM suppléments pour entraînements à l’hémodialyse hors séance		
T_MCOaaVALO	MNT_SUPPENT3_BR	integer	number	10.2		2018	2021	2006,2007,2008,2009,2010,2011,2012,2013,2014,2015,2016,2017,2022,2023,2024	Valorisation BR suppléments pour entraînements à l’hémodialyse hors séance		
T_MCOaaVALO	MNT_SUPPHD_AM	integer	number	10.0		2011	2021	2006,2007,2008,2009,2010,2022,2023,2024	Valorisation AM suppléments pour hémodialyse hors séance		
T_MCOaaVALO	MNT_SUPPHD_BR	integer	number	10.2		2018	2021	2006,2007,2008,2009,2010,2011,2012,2013,2014,2015,2016,2017,2022,2023,2024	Valorisation BR suppléments pour hémodialyse hors séance		
T_MCOaaVALO	MNT_TJP20_AME	integer	number	10.0		2012	2012	2006,2007,2008,2009,2010,2011,2013,2014,2015,2016,2017,2018,2019,2020,2021,2022,2023,2024	Valorisation 20% TJP (uniquement pour les séjours AME)		
T_MCOaaVALO	MNT_TMF	integer	number	2.0		2019	2021	2006,2007,2008,2009,2010,2011,2012,2013,2014,2015,2016,2017,2018,2022,2023,2024	Ticket modérateur forfaitaire		
T_MCOaaVALO	MNT_TOT_AM	integer	number	10.0		2011	2021	2006,2007,2008,2009,2010,2022,2023,2024	Valorisation totale AM du séjour.	C’est la somme de : mnt_mon, mnt_dmi, mnt_ghs_am, mnt_exinf_am, mnt_ghs50_am, mnt_exh_am, mnt_supphd_am, mnt_suppent1_am, mnt_suppent2_am, mnt_suppent3_am, mnt_dip_am, mnt_po1_am, mnt_po2_am, mnt_po3_am, mnt_po4_am, mnt_po5_am, mnt_po6_am, mnt_po7_am, mnt_po8_am, mnt_po9_am, mnt_poa_am,mnt_9610_am, mnt_9619_am, mnt_9620_am,  mnt_9621_am, mnt_9622_am, mnt_9623_am,mnt_9624_am, mnt_9625_am, mnt_9631_am, mnt_9632_am, mnt_9633_am, mnt_9615_am, mnt_rap_am, mnt_ant_am, mnt_rea_am, mnt_rep_am, mnt_si_am, mnt_sc_am, mnt_nn1_am, mnt_nn2_am, mnt_nn3_am, mnt_caisson_am, mnt_ivg_am, mnt_ivgfjs_amPour les séjours AME, c’est la somme de:mnt_mon, mnt_dmi, mnt_ghs_am, mnt_exinf_am, mnt_ghs50_am, mnt_exh_am, mnt_supphd_am, mnt_suppent1_am, mnt_suppent2_am, mnt_suppent3_am, mnt_dip_am, mnt_9610_am, mnt_9619_am, mnt_9620_am,  mnt_9621_am, mnt_9622_am, mnt_9623_am,mnt_9624_am, mnt_9625_am, mnt_9631_am, mnt_9632_am, mnt_9633_am, mnt_9615_am, mnt_rap_am, mnt_ant_am, mnt_rea_am, mnt_rep_am, mnt_si_am, mnt_sc_am, mnt_nn1_am, mnt_nn2_am, mnt_nn3_am, mnt_caisson_am,mnt_tjp20_ame, mnt_fjs_ame	
T_MCOaaVALO	MNT_TOT_BR	integer	number	10.2		2018	2021	2006,2007,2008,2009,2010,2011,2012,2013,2014,2015,2016,2017,2022,2023,2024	Valorisation totale BR du séjour.	C’est la somme de :mnt_mon, mnt_dmi, mnt_med_atu, mnt_ghs, mnt_exinf, mnt_ghs50, mnt_exh, mnt_supphd, mnt_suppent1, mnt_suppent2, mnt_suppent3, mnt_dip, mnt_po1, mnt_po2, mnt_po3, mnt_po4, mnt_po5, mnt_po6, mnt_po7, mnt_po8, mnt_po9, mnt_poa,mnt_9610, mnt_9619, mnt_9620,  mnt_9621, mnt_9622, mnt_9623, mnt_9625, mnt_9631, mnt_9632, mnt_9633, mnt_9615, mnt_rap, mnt_ant, mnt_rea, mnt_rep, mnt_si, mnt_sc, mnt_nn1, mnt_nn2, mnt_nn3, mnt_caisson, mnt_ivg, mnt_sdcPour les séjours AME et SU, c’est la somme de:mnt_mon, mnt_dmi, mnt_med_atu, mnt_ghs, mnt_exinf, mnt_ghs50, mnt_exh, mnt_supphd, mnt_suppent1, mnt_suppent2, mnt_suppent3, mnt_dip, mnt_9610, mnt_9619, mnt_9620,  mnt_9621, mnt_9622, mnt_9623, mnt_9625, mnt_9631, mnt_9632, mnt_9633, mnt_9615, mnt_rap, mnt_ant, mnt_rea, mnt_rep, mnt_si, mnt_sc, mnt_nn1, mnt_nn2, mnt_nn3, mnt_caisson,mnt_tjp20e, mnt_fjse, mnt_sdc	
T_MCOaaVALO	MT_9610	integer	number	10.0		2023		2006,2007,2008,2009,2010,2011,2012,2013,2014,2015,2016,2017,2018,2019,2020,2021,2022	Valorisation actes menant dans le GHS 9610		
T_MCOaaVALO	MT_9610_AM	integer	number	10.0		2022		2006,2007,2008,2009,2010,2011,2012,2013,2014,2015,2016,2017,2018,2019,2020,2021	Valorisation AM actes menant dans le GHS 9610		
T_MCOaaVALO	MT_9610_BR	integer	number	10.0		2022	2022	2006,2007,2008,2009,2010,2011,2012,2013,2014,2015,2016,2017,2018,2019,2020,2021,2023,2024	Valorisation BR actes menant dans le GHS 9610		
T_MCOaaVALO	MT_9615	integer	number	10.0		2023		2006,2007,2008,2009,2010,2011,2012,2013,2014,2015,2016,2017,2018,2019,2020,2021,2022	Valorisation actes menant dans le GHS 9615		
T_MCOaaVALO	MT_9615_AM	integer	number	10.0		2022		2006,2007,2008,2009,2010,2011,2012,2013,2014,2015,2016,2017,2018,2019,2020,2021	Valorisation AM actes menant dans le GHS 9615		
T_MCOaaVALO	MT_9615_BR	integer	number	10.0		2022	2022	2006,2007,2008,2009,2010,2011,2012,2013,2014,2015,2016,2017,2018,2019,2020,2021,2023,2024	Valorisation BR actes menant dans le GHS 9615		
T_MCOaaVALO	MT_9619	integer	number	10.0		2023		2006,2007,2008,2009,2010,2011,2012,2013,2014,2015,2016,2017,2018,2019,2020,2021,2022	Valorisation actes menant dans le GHS 9619		
T_MCOaaVALO	MT_9619_AM	integer	number	10.0		2022		2006,2007,2008,2009,2010,2011,2012,2013,2014,2015,2016,2017,2018,2019,2020,2021	Valorisation AM actes menant dans le GHS 9619		
T_MCOaaVALO	MT_9619_BR	integer	number	10.0		2022	2022	2006,2007,2008,2009,2010,2011,2012,2013,2014,2015,2016,2017,2018,2019,2020,2021,2023,2024	Valorisation BR actes menant dans le GHS 9619		
T_MCOaaVALO	MT_9620	integer	number	10.0		2023		2006,2007,2008,2009,2010,2011,2012,2013,2014,2015,2016,2017,2018,2019,2020,2021,2022	Valorisation actes menant dans le GHS 9620		
T_MCOaaVALO	MT_9620_AM	integer	number	10.0		2022		2006,2007,2008,2009,2010,2011,2012,2013,2014,2015,2016,2017,2018,2019,2020,2021	Valorisation AM actes menant dans le GHS 9620		
T_MCOaaVALO	MT_9620_BR	integer	number	10.0		2022	2022	2006,2007,2008,2009,2010,2011,2012,2013,2014,2015,2016,2017,2018,2019,2020,2021,2023,2024	Valorisation BR actes menant dans le GHS 9620		
T_MCOaaVALO	MT_9621	integer	number	10.0		2023		2006,2007,2008,2009,2010,2011,2012,2013,2014,2015,2016,2017,2018,2019,2020,2021,2022	Valorisation actes menant dans le GHS 9621		
T_MCOaaVALO	MT_9621_AM	integer	number	10.0		2022		2006,2007,2008,2009,2010,2011,2012,2013,2014,2015,2016,2017,2018,2019,2020,2021	Valorisation AM actes menant dans le GHS 9621		
T_MCOaaVALO	MT_9621_BR	integer	number	10.0		2022	2022	2006,2007,2008,2009,2010,2011,2012,2013,2014,2015,2016,2017,2018,2019,2020,2021,2023,2024	Valorisation BR actes menant dans le GHS 9621		
T_MCOaaVALO	MT_9622	integer	number	10.0		2023		2006,2007,2008,2009,2010,2011,2012,2013,2014,2015,2016,2017,2018,2019,2020,2021,2022	Valorisation actes menant dans le GHS 9622		
T_MCOaaVALO	MT_9622_AM	integer	number	10.0		2022		2006,2007,2008,2009,2010,2011,2012,2013,2014,2015,2016,2017,2018,2019,2020,2021	Valorisation AM actes menant dans le GHS 9622		
T_MCOaaVALO	MT_9622_BR	integer	number	10.0		2022	2022	2006,2007,2008,2009,2010,2011,2012,2013,2014,2015,2016,2017,2018,2019,2020,2021,2023,2024	Valorisation BR actes menant dans le GHS 9622		
T_MCOaaVALO	MT_9623	integer	number	10.0		2023		2006,2007,2008,2009,2010,2011,2012,2013,2014,2015,2016,2017,2018,2019,2020,2021,2022	Valorisation actes menant dans le GHS 9623		
T_MCOaaVALO	MT_9623_AM	integer	number	10.0		2022		2006,2007,2008,2009,2010,2011,2012,2013,2014,2015,2016,2017,2018,2019,2020,2021	Valorisation AM actes menant dans le GHS 9623		
T_MCOaaVALO	MT_9623_BR	integer	number	10.0		2022	2022	2006,2007,2008,2009,2010,2011,2012,2013,2014,2015,2016,2017,2018,2019,2020,2021,2023,2024	Valorisation BR actes menant dans le GHS 9623		
T_MCOaaVALO	MT_9625	integer	number	10.0		2023		2006,2007,2008,2009,2010,2011,2012,2013,2014,2015,2016,2017,2018,2019,2020,2021,2022	Valorisation actes menant dans le GHS 9625		
T_MCOaaVALO	MT_9625_AM	integer	number	10.0		2022		2006,2007,2008,2009,2010,2011,2012,2013,2014,2015,2016,2017,2018,2019,2020,2021	Valorisation AM actes menant dans le GHS 9625		
T_MCOaaVALO	MT_9625_BR	integer	number	10.0		2022	2022	2006,2007,2008,2009,2010,2011,2012,2013,2014,2015,2016,2017,2018,2019,2020,2021,2023,2024	Valorisation BR actes menant dans le GHS 9625		
T_MCOaaVALO	MT_9631	integer	number	10.0		2023		2006,2007,2008,2009,2010,2011,2012,2013,2014,2015,2016,2017,2018,2019,2020,2021,2022	Valorisation actes menant dans le GHS 9631		
T_MCOaaVALO	MT_9631_AM	integer	number	10.0		2022		2006,2007,2008,2009,2010,2011,2012,2013,2014,2015,2016,2017,2018,2019,2020,2021	Valorisation AM actes menant dans le GHS 9631		
T_MCOaaVALO	MT_9631_BR	integer	number	10.0		2022	2022	2006,2007,2008,2009,2010,2011,2012,2013,2014,2015,2016,2017,2018,2019,2020,2021,2023,2024	Valorisation BR actes menant dans le GHS 9631		
T_MCOaaVALO	MT_9632	integer	number	10.0		2023		2006,2007,2008,2009,2010,2011,2012,2013,2014,2015,2016,2017,2018,2019,2020,2021,2022	Valorisation actes menant dans le GHS 9632		
T_MCOaaVALO	MT_9632_AM	integer	number	10.0		2022		2006,2007,2008,2009,2010,2011,2012,2013,2014,2015,2016,2017,2018,2019,2020,2021	Valorisation AM actes menant dans le GHS 9632		
T_MCOaaVALO	MT_9632_BR	integer	number	10.0		2022	2022	2006,2007,2008,2009,2010,2011,2012,2013,2014,2015,2016,2017,2018,2019,2020,2021,2023,2024	Valorisation BR actes menant dans le GHS 9632		
T_MCOaaVALO	MT_9633	integer	number	10.0		2023		2006,2007,2008,2009,2010,2011,2012,2013,2014,2015,2016,2017,2018,2019,2020,2021,2022	Valorisation actes menant dans le GHS 9633		
T_MCOaaVALO	MT_9633_AM	integer	number	10.0		2022		2006,2007,2008,2009,2010,2011,2012,2013,2014,2015,2016,2017,2018,2019,2020,2021	Valorisation AM actes menant dans le GHS 9633		
T_MCOaaVALO	MT_9633_BR	integer	number	10.0		2022	2022	2006,2007,2008,2009,2010,2011,2012,2013,2014,2015,2016,2017,2018,2019,2020,2021,2023,2024	Valorisation BR actes menant dans le GHS 9633		
T_MCOaaVALO	MT_9639	integer	number	10.0		2023		2006,2007,2008,2009,2010,2011,2012,2013,2014,2015,2016,2017,2018,2019,2020,2021,2022	Valorisation actes menant dans le GHS 9639		
T_MCOaaVALO	MT_9639_AM	integer	number	10.0		2022		2006,2007,2008,2009,2010,2011,2012,2013,2014,2015,2016,2017,2018,2019,2020,2021	Valorisation AM actes menant dans le GHS 9639		
T_MCOaaVALO	MT_9639_BR	integer	number	10.0		2022	2022	2006,2007,2008,2009,2010,2011,2012,2013,2014,2015,2016,2017,2018,2019,2020,2021,2023,2024	Valorisation BR actes menant dans le GHS 9639		
T_MCOaaVALO	MT_ANT	integer	number	10.0		2023		2006,2007,2008,2009,2010,2011,2012,2013,2014,2015,2016,2017,2018,2019,2020,2021,2022	Valorisation suppléments antepartum		
T_MCOaaVALO	MT_ANT_AM	integer	number	10.0		2022		2006,2007,2008,2009,2010,2011,2012,2013,2014,2015,2016,2017,2018,2019,2020,2021	Valorisation AM suppléments antepartum		
T_MCOaaVALO	MT_ANT_BR	integer	number	10.0		2022	2022	2006,2007,2008,2009,2010,2011,2012,2013,2014,2015,2016,2017,2018,2019,2020,2021,2023,2024	Valorisation BR suppléments antepartum		
T_MCOaaVALO	MT_CAISSON	integer	number	10.0		2023		2006,2007,2008,2009,2010,2011,2012,2013,2014,2015,2016,2017,2018,2019,2020,2021,2022	Valorisation suppléments caisson hyperbare		
T_MCOaaVALO	MT_CAISSON_AM	integer	number	10.0		2022		2006,2007,2008,2009,2010,2011,2012,2013,2014,2015,2016,2017,2018,2019,2020,2021	Valorisation AM suppléments caisson hyperbare		
T_MCOaaVALO	MT_CAISSON_BR	integer	number	10.0		2022	2022	2006,2007,2008,2009,2010,2011,2012,2013,2014,2015,2016,2017,2018,2019,2020,2021,2023,2024	Valorisation BR suppléments caisson hyperbare		
T_MCOaaVALO	MT_DIP	integer	number	10.0		2023		2006,2007,2008,2009,2010,2011,2012,2013,2014,2015,2016,2017,2018,2019,2020,2021,2022	Valorisation suppléments de dialyse DIP		
T_MCOaaVALO	MT_DIP_AM	integer	number	10.0		2022		2006,2007,2008,2009,2010,2011,2012,2013,2014,2015,2016,2017,2018,2019,2020,2021	Valorisation AM suppléments de dialyse DIP		
T_MCOaaVALO	MT_DIP_BR	integer	number	10.0		2022	2022	2006,2007,2008,2009,2010,2011,2012,2013,2014,2015,2016,2017,2018,2019,2020,2021,2023,2024	Valorisation BR suppléments de dialyse DIP		
T_MCOaaVALO	MT_DMI	integer	number	10.0		2022		2006,2007,2008,2009,2010,2011,2012,2013,2014,2015,2016,2017,2018,2019,2020,2021	Valorisation accordée DMI		
T_MCOaaVALO	MT_EXH	integer	number	10.0		2023		2006,2007,2008,2009,2010,2011,2012,2013,2014,2015,2016,2017,2018,2019,2020,2021,2022	Valorisation EXH		
T_MCOaaVALO	MT_EXH_AM	integer	number	10.0		2022		2006,2007,2008,2009,2010,2011,2012,2013,2014,2015,2016,2017,2018,2019,2020,2021	Valorisation AM EXH		
T_MCOaaVALO	MT_EXH_BR	integer	number	10.0		2022	2022	2006,2007,2008,2009,2010,2011,2012,2013,2014,2015,2016,2017,2018,2019,2020,2021,2023,2024	Valorisation BR EXH		
T_MCOaaVALO	MT_EXINF	integer	number	10.0		2023		2006,2007,2008,2009,2010,2011,2012,2013,2014,2015,2016,2017,2018,2019,2020,2021,2022	Valorisation EXB		
T_MCOaaVALO	MT_EXINF_AM	integer	number	10.0		2022		2006,2007,2008,2009,2010,2011,2012,2013,2014,2015,2016,2017,2018,2019,2020,2021	Valorisation AM EXB		
T_MCOaaVALO	MT_EXINF_BR	integer	number	10.0		2022	2022	2006,2007,2008,2009,2010,2011,2012,2013,2014,2015,2016,2017,2018,2019,2020,2021,2023,2024	Valorisation BR EXB		
T_MCOaaVALO	MT_FJ2	integer	number	10.0		2022		2006,2007,2008,2009,2010,2011,2012,2013,2014,2015,2016,2017,2018,2019,2020,2021	Montant du forfait journalier		
T_MCOaaVALO	MT_GHS	integer	number	10.0		2023		2006,2007,2008,2009,2010,2011,2012,2013,2014,2015,2016,2017,2018,2019,2020,2021,2022	Valorisation GHS		
T_MCOaaVALO	MT_GHS_AM	integer	number	10.0		2022		2006,2007,2008,2009,2010,2011,2012,2013,2014,2015,2016,2017,2018,2019,2020,2021	Valorisation AM GHS		
T_MCOaaVALO	MT_GHS_BR	integer	number	10.0		2022	2022	2006,2007,2008,2009,2010,2011,2012,2013,2014,2015,2016,2017,2018,2019,2020,2021,2023,2024	Valorisation BR GHS		
T_MCOaaVALO	MT_GHS50	integer	number	10.0		2023		2006,2007,2008,2009,2010,2011,2012,2013,2014,2015,2016,2017,2018,2019,2020,2021,2022	Valorisation des séjours avec réhospitalisation dans le même GHM		
T_MCOaaVALO	MT_GHS50_AM	integer	number	10.0		2022		2006,2007,2008,2009,2010,2011,2012,2013,2014,2015,2016,2017,2018,2019,2020,2021	Valorisation AM des séjours avec réhospitalisation dans le même GHM		
T_MCOaaVALO	MT_GHS50_BR	integer	number	10.0		2022	2022	2006,2007,2008,2009,2010,2011,2012,2013,2014,2015,2016,2017,2018,2019,2020,2021,2023,2024	Valorisation BR des séjours avec réhospitalisation dans le même GHM		
T_MCOaaVALO	MT_IVG	integer	number	10.0		2023		2006,2007,2008,2009,2010,2011,2012,2013,2014,2015,2016,2017,2018,2019,2020,2021,2022	Valorisation IVG		
T_MCOaaVALO	MT_IVG_AM	integer	number	10.0		2022		2006,2007,2008,2009,2010,2011,2012,2013,2014,2015,2016,2017,2018,2019,2020,2021	Valorisation AM IVG (hors FJS)		
T_MCOaaVALO	MT_IVG_BR	integer	number	10.0		2022	2022	2006,2007,2008,2009,2010,2011,2012,2013,2014,2015,2016,2017,2018,2019,2020,2021,2023,2024	Valorisation BR IVG		
T_MCOaaVALO	MT_MAJO	integer	number	10.0		2022		2006,2007,2008,2009,2010,2011,2012,2013,2014,2015,2016,2017,2018,2019,2020,2021	Montant majoration du parcours de soin		
T_MCOaaVALO	MT_MED_APAC	integer	number	10.0		2022		2006,2007,2008,2009,2010,2011,2012,2013,2014,2015,2016,2017,2018,2019,2020,2021	Valorisation accordée médicaments sous AAP/AAC		
T_MCOaaVALO	MT_MON	integer	number	10.0		2022		2006,2007,2008,2009,2010,2011,2012,2013,2014,2015,2016,2017,2018,2019,2020,2021	Valorisation accordée molécules onéreuses		
T_MCOaaVALO	MT_NN1	integer	number	10.0		2023		2006,2007,2008,2009,2010,2011,2012,2013,2014,2015,2016,2017,2018,2019,2020,2021,2022	Valorisation suppléments de néonat sans SI		
T_MCOaaVALO	MT_NN1_AM	integer	number	10.0		2022		2006,2007,2008,2009,2010,2011,2012,2013,2014,2015,2016,2017,2018,2019,2020,2021	Valorisation AM suppléments de néonat sans SI		
T_MCOaaVALO	MT_NN1_BR	integer	number	10.0		2022	2022	2006,2007,2008,2009,2010,2011,2012,2013,2014,2015,2016,2017,2018,2019,2020,2021,2023,2024	Valorisation BR suppléments de néonat sans SI		
T_MCOaaVALO	MT_NN2	integer	number	10.0		2023		2006,2007,2008,2009,2010,2011,2012,2013,2014,2015,2016,2017,2018,2019,2020,2021,2022	Valorisation suppléments de néonat avec SI		
T_MCOaaVALO	MT_NN2_AM	integer	number	10.0		2022		2006,2007,2008,2009,2010,2011,2012,2013,2014,2015,2016,2017,2018,2019,2020,2021	Valorisation AM suppléments de néonat avec SI		
T_MCOaaVALO	MT_NN2_BR	integer	number	10.0		2022	2022	2006,2007,2008,2009,2010,2011,2012,2013,2014,2015,2016,2017,2018,2019,2020,2021,2023,2024	Valorisation BR suppléments de néonat avec SI		
T_MCOaaVALO	MT_NN3	integer	number	10.0		2023		2006,2007,2008,2009,2010,2011,2012,2013,2014,2015,2016,2017,2018,2019,2020,2021,2022	Valorisation suppléments de réanimation néonat		
T_MCOaaVALO	MT_NN3_AM	integer	number	10.0		2022		2006,2007,2008,2009,2010,2011,2012,2013,2014,2015,2016,2017,2018,2019,2020,2021	Valorisation AM suppléments de réanimation néonat		
T_MCOaaVALO	MT_NN3_BR	integer	number	10.0		2022	2022	2006,2007,2008,2009,2010,2011,2012,2013,2014,2015,2016,2017,2018,2019,2020,2021,2023,2024	Valorisation BR suppléments de réanimation néonat		
T_MCOaaVALO	MT_PO1	integer	number	10.0		2023		2006,2007,2008,2009,2010,2011,2012,2013,2014,2015,2016,2017,2018,2019,2020,2021,2022	Valorisation PO1		
T_MCOaaVALO	MT_PO1_AM	integer	number	10.0		2022		2006,2007,2008,2009,2010,2011,2012,2013,2014,2015,2016,2017,2018,2019,2020,2021	Valorisation AM PO1		
T_MCOaaVALO	MT_PO1_BR	integer	number	10.0		2022	2022	2006,2007,2008,2009,2010,2011,2012,2013,2014,2015,2016,2017,2018,2019,2020,2021,2023,2024	Valorisation BR PO1		
T_MCOaaVALO	MT_PO2	integer	number	10.0		2023		2006,2007,2008,2009,2010,2011,2012,2013,2014,2015,2016,2017,2018,2019,2020,2021,2022	Valorisation PO2		
T_MCOaaVALO	MT_PO2_AM	integer	number	10.0		2022		2006,2007,2008,2009,2010,2011,2012,2013,2014,2015,2016,2017,2018,2019,2020,2021	Valorisation AM PO2		
T_MCOaaVALO	MT_PO2_BR	integer	number	10.0		2022	2022	2006,2007,2008,2009,2010,2011,2012,2013,2014,2015,2016,2017,2018,2019,2020,2021,2023,2024	Valorisation BR PO2		
T_MCOaaVALO	MT_PO3	integer	number	10.0		2023		2006,2007,2008,2009,2010,2011,2012,2013,2014,2015,2016,2017,2018,2019,2020,2021,2022	Valorisation PO3		
T_MCOaaVALO	MT_PO3_AM	integer	number	10.0		2022		2006,2007,2008,2009,2010,2011,2012,2013,2014,2015,2016,2017,2018,2019,2020,2021	Valorisation AM PO3		
T_MCOaaVALO	MT_PO3_BR	integer	number	10.0		2022	2022	2006,2007,2008,2009,2010,2011,2012,2013,2014,2015,2016,2017,2018,2019,2020,2021,2023,2024	Valorisation BR PO3		
T_MCOaaVALO	MT_PO4	integer	number	10.0		2023		2006,2007,2008,2009,2010,2011,2012,2013,2014,2015,2016,2017,2018,2019,2020,2021,2022	Valorisation PO4		
T_MCOaaVALO	MT_PO4_AM	integer	number	10.0		2022		2006,2007,2008,2009,2010,2011,2012,2013,2014,2015,2016,2017,2018,2019,2020,2021	Valorisation AM PO4		
T_MCOaaVALO	MT_PO4_BR	integer	number	10.0		2022	2022	2006,2007,2008,2009,2010,2011,2012,2013,2014,2015,2016,2017,2018,2019,2020,2021,2023,2024	Valorisation BR PO4		
T_MCOaaVALO	MT_PO5	integer	number	10.0		2023		2006,2007,2008,2009,2010,2011,2012,2013,2014,2015,2016,2017,2018,2019,2020,2021,2022	Valorisation PO5		
T_MCOaaVALO	MT_PO5_AM	integer	number	10.0		2022		2006,2007,2008,2009,2010,2011,2012,2013,2014,2015,2016,2017,2018,2019,2020,2021	Valorisation AM PO5		
T_MCOaaVALO	MT_PO5_BR	integer	number	10.0		2022	2022	2006,2007,2008,2009,2010,2011,2012,2013,2014,2015,2016,2017,2018,2019,2020,2021,2023,2024	Valorisation BR PO5		
T_MCOaaVALO	MT_PO6	integer	number	10.0		2023		2006,2007,2008,2009,2010,2011,2012,2013,2014,2015,2016,2017,2018,2019,2020,2021,2022	Valorisation PO6		
T_MCOaaVALO	MT_PO6_AM	integer	number	10.0		2022		2006,2007,2008,2009,2010,2011,2012,2013,2014,2015,2016,2017,2018,2019,2020,2021	Valorisation AM PO6		
T_MCOaaVALO	MT_PO6_BR	integer	number	10.0		2022	2022	2006,2007,2008,2009,2010,2011,2012,2013,2014,2015,2016,2017,2018,2019,2020,2021,2023,2024	Valorisation BR PO6		
T_MCOaaVALO	MT_PO7	integer	number	10.0		2023		2006,2007,2008,2009,2010,2011,2012,2013,2014,2015,2016,2017,2018,2019,2020,2021,2022	Valorisation PO7		
T_MCOaaVALO	MT_PO7_AM	integer	number	10.0		2022		2006,2007,2008,2009,2010,2011,2012,2013,2014,2015,2016,2017,2018,2019,2020,2021	Valorisation AM PO7		
T_MCOaaVALO	MT_PO7_BR	integer	number	10.0		2022	2022	2006,2007,2008,2009,2010,2011,2012,2013,2014,2015,2016,2017,2018,2019,2020,2021,2023,2024	Valorisation BR PO7		
T_MCOaaVALO	MT_PO8	integer	number	10.0		2023		2006,2007,2008,2009,2010,2011,2012,2013,2014,2015,2016,2017,2018,2019,2020,2021,2022	Valorisation PO8		
T_MCOaaVALO	MT_PO8_AM	integer	number	10.0		2022		2006,2007,2008,2009,2010,2011,2012,2013,2014,2015,2016,2017,2018,2019,2020,2021	Valorisation AM PO8		
T_MCOaaVALO	MT_PO8_BR	integer	number	10.0		2022	2022	2006,2007,2008,2009,2010,2011,2012,2013,2014,2015,2016,2017,2018,2019,2020,2021,2023,2024	Valorisation BR PO8		
T_MCOaaVALO	MT_PO9	integer	number	10.0		2023		2006,2007,2008,2009,2010,2011,2012,2013,2014,2015,2016,2017,2018,2019,2020,2021,2022	Valorisation PO9		
T_MCOaaVALO	MT_PO9_AM	integer	number	10.0		2022		2006,2007,2008,2009,2010,2011,2012,2013,2014,2015,2016,2017,2018,2019,2020,2021	Valorisation AM PO9		
T_MCOaaVALO	MT_PO9_BR	integer	number	10.0		2022	2022	2006,2007,2008,2009,2010,2011,2012,2013,2014,2015,2016,2017,2018,2019,2020,2021,2023,2024	Valorisation BR PO9		
T_MCOaaVALO	MT_POA	integer	number	10.0		2023		2006,2007,2008,2009,2010,2011,2012,2013,2014,2015,2016,2017,2018,2019,2020,2021,2022	Valorisation POA		
T_MCOaaVALO	MT_POA_AM	integer	number	10.0		2022		2006,2007,2008,2009,2010,2011,2012,2013,2014,2015,2016,2017,2018,2019,2020,2021	Valorisation AM POA		
T_MCOaaVALO	MT_POA_BR	integer	number	10.0		2022	2022	2006,2007,2008,2009,2010,2011,2012,2013,2014,2015,2016,2017,2018,2019,2020,2021,2023,2024	Valorisation BR POA		
T_MCOaaVALO	MT_RAC	integer	number	10.0		2022		2006,2007,2008,2009,2010,2011,2012,2013,2014,2015,2016,2017,2018,2019,2020,2021	Montant remboursable par l'organisme complémentaire (AMC)		
T_MCOaaVALO	MT_RAP	integer	number	10.0		2023		2006,2007,2008,2009,2010,2011,2012,2013,2014,2015,2016,2017,2018,2019,2020,2021,2022	Valorisation suppléments de radiothérapie pédiatrique		
T_MCOaaVALO	MT_RAP_AM	integer	number	10.0		2022		2006,2007,2008,2009,2010,2011,2012,2013,2014,2015,2016,2017,2018,2019,2020,2021	Valorisation AM suppléments de radiothérapie pédiatrique		
T_MCOaaVALO	MT_RAP_BR	integer	number	10.0		2022	2022	2006,2007,2008,2009,2010,2011,2012,2013,2014,2015,2016,2017,2018,2019,2020,2021,2023,2024	Valorisation BR suppléments de radiothérapie pédiatrique		
T_MCOaaVALO	MT_REA	integer	number	10.0		2023		2006,2007,2008,2009,2010,2011,2012,2013,2014,2015,2016,2017,2018,2019,2020,2021,2022	Valorisation suppléments de réanimation		
T_MCOaaVALO	MT_REA_AM	integer	number	10.0		2022		2006,2007,2008,2009,2010,2011,2012,2013,2014,2015,2016,2017,2018,2019,2020,2021	Valorisation AM suppléments de réanimation		
T_MCOaaVALO	MT_REA_BR	integer	number	10.0		2022	2022	2006,2007,2008,2009,2010,2011,2012,2013,2014,2015,2016,2017,2018,2019,2020,2021,2023,2024	Valorisation BR suppléments de réanimation		
T_MCOaaVALO	MT_REP	integer	number	10.0		2023		2006,2007,2008,2009,2010,2011,2012,2013,2014,2015,2016,2017,2018,2019,2020,2021,2022	Valorisation suppléments de réanimation pédiatrique		
T_MCOaaVALO	MT_REP_AM	integer	number	10.0		2022		2006,2007,2008,2009,2010,2011,2012,2013,2014,2015,2016,2017,2018,2019,2020,2021	Valorisation AM suppléments de réanimation pédiatrique		
T_MCOaaVALO	MT_REP_BR	integer	number	10.0		2022	2022	2006,2007,2008,2009,2010,2011,2012,2013,2014,2015,2016,2017,2018,2019,2020,2021,2023,2024	Valorisation BR suppléments de réanimation pédiatrique		
T_MCOaaVALO	MT_SC	integer	number	10.0		2023		2006,2007,2008,2009,2010,2011,2012,2013,2014,2015,2016,2017,2018,2019,2020,2021,2022	Valorisation suppléments de surveillance continue		
T_MCOaaVALO	MT_SC_AM	integer	number	10.0		2022		2006,2007,2008,2009,2010,2011,2012,2013,2014,2015,2016,2017,2018,2019,2020,2021	Valorisation AM suppléments de surveillance continue		
T_MCOaaVALO	MT_SC_BR	integer	number	10.0		2022	2022	2006,2007,2008,2009,2010,2011,2012,2013,2014,2015,2016,2017,2018,2019,2020,2021,2023,2024	Valorisation BR suppléments de surveillance continue		
T_MCOaaVALO	MT_SDC	integer	number	10.0		2023		2006,2007,2008,2009,2010,2011,2012,2013,2014,2015,2016,2017,2018,2019,2020,2021,2022	Valorisation suppléments défibrillateur cardiaque		
T_MCOaaVALO	MT_SDC_AM	integer	number	10.0		2022		2006,2007,2008,2009,2010,2011,2012,2013,2014,2015,2016,2017,2018,2019,2020,2021	Valorisation AM suppléments défibrillateur cardiaque		
T_MCOaaVALO	MT_SDC_BR	integer	number	10.0		2022	2022	2006,2007,2008,2009,2010,2011,2012,2013,2014,2015,2016,2017,2018,2019,2020,2021,2023,2024	Valorisation BR suppléments défibrillateur cardiaque		
T_MCOaaVALO	MT_SI	integer	number	10.0		2023		2006,2007,2008,2009,2010,2011,2012,2013,2014,2015,2016,2017,2018,2019,2020,2021,2022	Valorisation suppléments soins intensifs		
T_MCOaaVALO	MT_SI_AM	integer	number	10.0		2022		2006,2007,2008,2009,2010,2011,2012,2013,2014,2015,2016,2017,2018,2019,2020,2021	Valorisation AM suppléments soins intensifs		
T_MCOaaVALO	MT_SI_BR	integer	number	10.0		2022	2022	2006,2007,2008,2009,2010,2011,2012,2013,2014,2015,2016,2017,2018,2019,2020,2021,2023,2024	Valorisation BR suppléments soins intensifs		
T_MCOaaVALO	MT_SUP_INNO	integer	number	10.0		2022		2006,2007,2008,2009,2010,2011,2012,2013,2014,2015,2016,2017,2018,2019,2020,2021	Valorisation BR suppléments Forfait Innovation		
T_MCOaaVALO	MT_SUP_INNO_AM	integer	number	10.0		2022		2006,2007,2008,2009,2010,2011,2012,2013,2014,2015,2016,2017,2018,2019,2020,2021	Valorisation AM suppléments Forfait Innovation		
T_MCOaaVALO	MT_SUPENT1	integer	number	10.0		2023		2006,2007,2008,2009,2010,2011,2012,2013,2014,2015,2016,2017,2018,2019,2020,2021,2022	Valorisation suppléments pour entraînements à la dialyse péritonéale automatisée hors séance		
T_MCOaaVALO	MT_SUPENT1_AM	integer	number	10.0		2022		2006,2007,2008,2009,2010,2011,2012,2013,2014,2015,2016,2017,2018,2019,2020,2021	Valorisation AM suppléments pour entraînements à la dialyse péritonéale automatisée hors séance		
T_MCOaaVALO	MT_SUPENT1_BR	integer	number	10.0		2022	2022	2006,2007,2008,2009,2010,2011,2012,2013,2014,2015,2016,2017,2018,2019,2020,2021,2023,2024	Valorisation BR suppléments pour entraînements à la dialyse péritonéale automatisée hors séance		
T_MCOaaVALO	MT_SUPENT2	integer	number	10.0		2023		2006,2007,2008,2009,2010,2011,2012,2013,2014,2015,2016,2017,2018,2019,2020,2021,2022	Valorisation suppléments pour entraînements à la dialyse péritonéale continue ambulatoire hors séance		
T_MCOaaVALO	MT_SUPENT2_AM	integer	number	10.0		2022		2006,2007,2008,2009,2010,2011,2012,2013,2014,2015,2016,2017,2018,2019,2020,2021	Valorisation AM suppléments pour entraînements à la dialyse péritonéale continue ambulatoire hors séance		
T_MCOaaVALO	MT_SUPENT2_BR	integer	number	10.0		2022	2022	2006,2007,2008,2009,2010,2011,2012,2013,2014,2015,2016,2017,2018,2019,2020,2021,2023,2024	Valorisation BR suppléments pour entraînements à la dialyse péritonéale continue ambulatoire hors séance		
T_MCOaaVALO	MT_SUPENT3	integer	number	10.0		2023		2006,2007,2008,2009,2010,2011,2012,2013,2014,2015,2016,2017,2018,2019,2020,2021,2022	Valorisation suppléments pour entraînements à l’hémodialyse hors séance		
T_MCOaaVALO	MT_SUPENT3_AM	integer	number	10.0		2022		2006,2007,2008,2009,2010,2011,2012,2013,2014,2015,2016,2017,2018,2019,2020,2021	Valorisation AM suppléments pour entraînements à l’hémodialyse hors séance		
T_MCOaaVALO	MT_SUPENT3_BR	integer	number	10.0		2022	2022	2006,2007,2008,2009,2010,2011,2012,2013,2014,2015,2016,2017,2018,2019,2020,2021,2023,2024	Valorisation BR suppléments pour entraînements à l’hémodialyse hors séance		
T_MCOaaVALO	MT_SUPHD	integer	number	10.0		2023		2006,2007,2008,2009,2010,2011,2012,2013,2014,2015,2016,2017,2018,2019,2020,2021,2022	Valorisation suppléments pour hémodialyse hors séance		
T_MCOaaVALO	MT_SUPHD_AM	integer	number	10.0		2022		2006,2007,2008,2009,2010,2011,2012,2013,2014,2015,2016,2017,2018,2019,2020,2021	Valorisation AM suppléments pour hémodialyse hors séance		
T_MCOaaVALO	MT_SUPHD_BR	integer	number	10.0		2022	2022	2006,2007,2008,2009,2010,2011,2012,2013,2014,2015,2016,2017,2018,2019,2020,2021,2023,2024	Valorisation BR suppléments pour hémodialyse hors séance		
T_MCOaaVALO	MT_TMF	integer	number	10.0		2022		2006,2007,2008,2009,2010,2011,2012,2013,2014,2015,2016,2017,2018,2019,2020,2021	Ticket modérateur forfaitaire		
T_MCOaaVALO	MT_TOT	integer	number	10.0		2023		2006,2007,2008,2009,2010,2011,2012,2013,2014,2015,2016,2017,2018,2019,2020,2021,2022	Valorisation totale du séjour		
T_MCOaaVALO	MT_TOT_AM	integer	number	10.0		2022		2006,2007,2008,2009,2010,2011,2012,2013,2014,2015,2016,2017,2018,2019,2020,2021	Valorisation totale AM du séjour	C’est la somme de :mnt_mon, mnt_dmi, mnt_med_atu, mnt_ghs_am, mnt_exinf_am, mnt_ghs50_am, mnt_exh_am, mnt_supphd_am, mnt_suppent1_am, mnt_suppent2_am, mnt_suppent3_am, mnt_dip_am, mnt_po1_am, mnt_po2_am, mnt_po3_am, mnt_po4_am, mnt_po5_am, mnt_po6_am, mnt_po7_am, mnt_po8_am, mnt_po9_am, mnt_poa_am,mnt_9610_am, mnt_9619_am, mnt_9620_am,  mnt_9621_am, mnt_9622_am, mnt_9623_am, mnt_9625_am, mnt_9631_am, mnt_9632_am, mnt_9633_am, mnt_9615_am, mnt_rap_am, mnt_ant_am, mnt_rea_am, mnt_rep_am, mnt_si_am, mnt_sc_am, mnt_nn1_am, mnt_nn2_am, mnt_nn3_am, mnt_caisson_am, mnt_ivg_am, mnt_sdc_amPour les séjours AME et SU, c’est la somme de:mnt_mon, mnt_dmi, mnt_med_atu, mnt_ghs_am, mnt_exinf_am, mnt_ghs50_am, mnt_exh_am, mnt_supphd_am, mnt_suppent1_am, mnt_suppent2_am, mnt_suppent3_am, mnt_dip_am, mnt_9610_am, mnt_9619_am, mnt_9620_am,  mnt_9621_am, mnt_9622_am, mnt_9623_am, mnt_9625_am, mnt_9631_am, mnt_9632_am, mnt_9633_am, mnt_9615_am, mnt_rap_am, mnt_ant_am, mnt_rea_am, mnt_rep_am, mnt_si_am, mnt_sc_am, mnt_nn1_am, mnt_nn2_am, mnt_nn3_am, mnt_caisson_am,mnt_tjp20_ame, mnt_fjs_ame, mnt_sdc_am	
T_MCOaaVALO	MT_TOT_BR	integer	number	10.0		2022	2022	2006,2007,2008,2009,2010,2011,2012,2013,2014,2015,2016,2017,2018,2019,2020,2021,2023,2024	Valorisation totale BR du séjour	C’est la somme de :mnt_mon, mnt_dmi, mnt_med_atu, mnt_ghs, mnt_exinf, mnt_ghs50, mnt_exh, mnt_supphd, mnt_suppent1, mnt_suppent2, mnt_suppent3, mnt_dip, mnt_po1, mnt_po2, mnt_po3, mnt_po4, mnt_po5, mnt_po6, mnt_po7, mnt_po8, mnt_po9, mnt_poa,mnt_9610, mnt_9619, mnt_9620,  mnt_9621, mnt_9622, mnt_9623, mnt_9625, mnt_9631, mnt_9632, mnt_9633, mnt_9615, mnt_rap, mnt_ant, mnt_rea, mnt_rep, mnt_si, mnt_sc, mnt_nn1, mnt_nn2, mnt_nn3, mnt_caisson, mnt_ivg, mnt_sdcPour les séjours AME et SU, c’est la somme de:mnt_mon, mnt_dmi, mnt_med_atu, mnt_ghs, mnt_exinf, mnt_ghs50, mnt_exh, mnt_supphd, mnt_suppent1, mnt_suppent2, mnt_suppent3, mnt_dip, mnt_9610, mnt_9619, mnt_9620,  mnt_9621, mnt_9622, mnt_9623, mnt_9625, mnt_9631, mnt_9632, mnt_9633, mnt_9615, mnt_rap, mnt_ant, mnt_rea, mnt_rep, mnt_si, mnt_sc, mnt_nn1, mnt_nn2, mnt_nn3, mnt_caisson,mnt_tjp20e, mnt_fjse, mnt_sdc	
T_MCOaaVALO	MT_TRANS	integer	number	10.0		2022		2006,2007,2008,2009,2010,2011,2012,2013,2014,2015,2016,2017,2018,2019,2020,2021	Valorisation BR Transport		
T_MCOaaVALO	MT_TRANS_AM	integer	number	10.0		2022		2006,2007,2008,2009,2010,2011,2012,2013,2014,2015,2016,2017,2018,2019,2020,2021	Valorisation AM Transport		
T_MCOaaVALO	NB_9610	integer	number	5.0		2011		2006,2007,2008,2009,2010	Nombre d’actes menant dans le GHS 9610		
T_MCOaaVALO	NB_9611	integer	number	5.0		2011	2011	2006,2007,2008,2009,2010,2012,2013,2014,2015,2016,2017,2018,2019,2020,2021,2022,2023,2024	Nombre d’actes menant dans le GHS 9611		
T_MCOaaVALO	NB_9612	integer	number	5.0		2011	2011	2006,2007,2008,2009,2010,2012,2013,2014,2015,2016,2017,2018,2019,2020,2021,2022,2023,2024	Nombre d’actes menant dans le GHS 9612		
T_MCOaaVALO	NB_9615	integer	number	5.0		2011		2006,2007,2008,2009,2010	Nombre d’actes menant dans le GHS 9615		
T_MCOaaVALO	NB_9619	integer	number	5.0		2011		2006,2007,2008,2009,2010	Nombre d’actes menant dans le GHS 9619		
T_MCOaaVALO	NB_9620	integer	number	5.0		2011		2006,2007,2008,2009,2010	Nombre d’actes menant dans le GHS 9620		
T_MCOaaVALO	NB_9621	integer	number	5.0		2011		2006,2007,2008,2009,2010	Nombre d’actes menant dans le GHS 9621		
T_MCOaaVALO	NB_9622	integer	number	5.0		2011		2006,2007,2008,2009,2010	Nombre d’actes menant dans le GHS 9622		
T_MCOaaVALO	NB_9623	integer	number	5.0		2012		2006,2007,2008,2009,2010,2011	Nombre d’actes menant dans le GHS 9623		
T_MCOaaVALO	NB_9624	integer	number	5.0		2011	2012	2006,2007,2008,2009,2010,2013,2014,2015,2016,2017,2018,2019,2020,2021,2022,2023,2024	Nombre d’actes menant dans le GHS 9624		
T_MCOaaVALO	NB_9625	integer	number	5.0		2011		2006,2007,2008,2009,2010	Nombre d’actes menant dans le GHS 9625		
T_MCOaaVALO	NB_9631	integer	number	5.0		2011		2006,2007,2008,2009,2010	Nombre d’actes menant dans le GHS 9631		
T_MCOaaVALO	NB_9632	integer	number	5.0		2011		2006,2007,2008,2009,2010	Nombre d’actes menant dans le GHS 9632		
T_MCOaaVALO	NB_9633	integer	number	5.0		2011		2006,2007,2008,2009,2010	Nombre d’actes menant dans le GHS 9633		
T_MCOaaVALO	NB_9639	integer	number	5.0		2022		2006,2007,2008,2009,2010,2011,2012,2013,2014,2015,2016,2017,2018,2019,2020,2021	Nombre d’actes menant dans le GHS 9639		
T_MCOaaVALO	NB_ANT	integer	number	5.0		2012		2006,2007,2008,2009,2010,2011	Nb suppléments antepartum		
T_MCOaaVALO	NB_CTC	integer	number	5.0		2023		2006,2007,2008,2009,2010,2011,2012,2013,2014,2015,2016,2017,2018,2019,2020,2021,2022	Nb suppléments Car-t cells		
T_MCOaaVALO	NB_DIP	integer	number	5.0		2011		2006,2007,2008,2009,2010	Nb suppléments dialyse DIP		
T_MCOaaVALO	NB_I04	integer	number	5.0		2018	2020	2006,2007,2008,2009,2010,2011,2012,2013,2014,2015,2016,2017,2021,2022,2023,2024	Nb suppléments Forfait Innovation I04		
T_MCOaaVALO	NB_NN1	integer	number	5.0		2011		2006,2007,2008,2009,2010	Nb suppléments de néonat sans SI		
T_MCOaaVALO	NB_NN2	integer	number	5.0		2011		2006,2007,2008,2009,2010	Nb suppléments de néonat avec SI		
T_MCOaaVALO	NB_NN3	integer	number	5.0		2011		2006,2007,2008,2009,2010	Nb suppléments de réanimation néonat		
T_MCOaaVALO	NB_RAP	integer	number	5.0		2012		2006,2007,2008,2009,2010,2011	Nb suppléments de radiothérapie pédiatrique		
T_MCOaaVALO	NB_SDC	integer	number	5.0		2018		2006,2007,2008,2009,2010,2011,2012,2013,2014,2015,2016,2017	Nb suppléments défibrillateur cardiaque		
T_MCOaaVALO	NB_SRC2	integer	number	5.0		2011		2006,2007,2008,2009,2010	Nb suppléments de surveillance continue		
T_MCOaaVALO	NB_STF2	integer	number	5.0		2011		2006,2007,2008,2009,2010	Nb suppléments de soins intensifs		
T_MCOaaVALO	NB_SUP_INNO	integer	number	8.0		2022		2006,2007,2008,2009,2010,2011,2012,2013,2014,2015,2016,2017,2018,2019,2020,2021	Nb suppléments Forfait Innovation		
T_MCOaaVALO	NB_SUPP_INNO	integer	number	8.0		2021	2021	2006,2007,2008,2009,2010,2011,2012,2013,2014,2015,2016,2017,2018,2019,2020,2022,2023,2024	Nb suppléments Forfait Innovation		
T_MCOaaVALO	NBCAISSON	integer	number	5.0		2011		2006,2007,2008,2009,2010	Nb suppléments caisson hyperbare		
T_MCOaaVALO	NBEXB	integer	number	5.0		2011		2006,2007,2008,2009,2010	Nb journées EXB		
T_MCOaaVALO	NBEXH	integer	number	5.0		2011		2006,2007,2008,2009,2010	Nombre de journées EXH		
T_MCOaaVALO	NBJREA	integer	number	5.0		2011		2006,2007,2008,2009,2010	Nb suppléments de réanimation		
T_MCOaaVALO	NBREP	integer	number	5.0		2011		2006,2007,2008,2009,2010	Nb suppléments de réanimation pédiatrique		
T_MCOaaVALO	PONDER	integer	number	5.0		2011		2006,2007,2008,2009,2010	Nombre de séjours ou nombre de séances		
T_MCOaaVALO	RSA_NUM	string	string	10.0		2011		2006,2007,2008,2009,2010	Numéro de séjour RSS		
T_MCOaaVALO	SEJXINF	string	string	1.0		2011	2018	2006,2007,2008,2009,2010,2019,2020,2021,2022,2023,2024	Type de séjour inférieur à la borne extrême basse		
T_MCOaaVALO	SUPENT1	integer	number	5.0		2022		2006,2007,2008,2009,2010,2011,2012,2013,2014,2015,2016,2017,2018,2019,2020,2021	Nb suppléments pour entraînements à la dialyse péritonéale automatisée hors séance		
T_MCOaaVALO	SUPENT2	integer	number	5.0		2022		2006,2007,2008,2009,2010,2011,2012,2013,2014,2015,2016,2017,2018,2019,2020,2021	Nb suppléments pour entraînements à la dialyse péritonéale continue ambulatoire hors séance		
T_MCOaaVALO	SUPENT3	integer	number	5.0		2022		2006,2007,2008,2009,2010,2011,2012,2013,2014,2015,2016,2017,2018,2019,2020,2021	Nb suppléments pour entraînements à l’hémodialyse hors séance		
T_MCOaaVALO	SUPHD	integer	number	5.0		2022		2006,2007,2008,2009,2010,2011,2012,2013,2014,2015,2016,2017,2018,2019,2020,2021	Nb suppléments pour hémodialyse hors séance		
T_MCOaaVALO	SUPPENT1	integer	number	5.0		2011	2021	2006,2007,2008,2009,2010,2022,2023,2024	Nb suppléments pour entraînements à la dialyse péritonéale automatisée hors séance		
T_MCOaaVALO	SUPPENT2	integer	number	5.0		2011	2021	2006,2007,2008,2009,2010,2022,2023,2024	Nb suppléments pour entraînements à la dialyse péritonéale continue ambulatoire hors séance		
T_MCOaaVALO	SUPPENT3	integer	number	5.0		2011	2021	2006,2007,2008,2009,2010,2022,2023,2024	Nb suppléments pour entraînements à l’hémodialyse hors séance		
T_MCOaaVALO	SUPPHD	integer	number	5.0		2011	2021	2006,2007,2008,2009,2010,2022,2023,2024	Nb suppléments pour hémodialyse hors séance		
T_MCOaaVALO	TAUX2	integer	number	5.0		2011	2021	2006,2007,2008,2009,2010,2022,2023,2024	Taux de remboursement		
T_MCOaaVALO	TX2	integer	number	5.0		2022		2006,2007,2008,2009,2010,2011,2012,2013,2014,2015,2016,2017,2018,2019,2020,2021	Taux de remboursement		
T_MCOaaVALO	TYPORG	string	string	1.0		2011		2006,2007,2008,2009,2010	Type de prestation de prélèvement d’organe (type 1, 2, 3 ou 4)		
T_MCOaaVALO	TYPORG5	string	string	1.0		2011		2006,2007,2008,2009,2010	Prélèvement d’organe de type 5		
T_MCOaaVALO	TYPORG6	string	string	1.0		2011		2006,2007,2008,2009,2010	Prélèvement d’organe de type 6		
T_MCOaaVALO	TYPORG7	string	string	1.0		2011		2006,2007,2008,2009,2010	Prélèvement d’organe de type 7		
T_MCOaaVALO	TYPORG8	string	string	1.0		2011		2006,2007,2008,2009,2010	Prélèvement d’organe de type 8		
T_MCOaaVALO	TYPORG9	string	string	1.0		2011		2006,2007,2008,2009,2010	Prélèvement d’organe de type 9		
T_MCOaaVALO	TYPORGA	string	string	1.0		2012		2006,2007,2008,2009,2010,2011	Prélèvement d’organe de type A		
T_MCOaaVALO	VALO	string	string	1.0		2011		2006,2007,2008,2009,2010	Type de valorisation du séjour		
T_MCOaaVALOACE	ETA_NUM	string	string	9.0		2013		2006,2007,2008,2009,2010,2011,2012	N° FINESS		
T_MCOaaVALOACE	FIDES	string	string	1.0		2013		2006,2007,2008,2009,2010,2011,2012	Variable "valorisé par fides" du RAFAEL-A		
T_MCOaaVALOACE	FIDES_OVALIDE	string	string	1.0		2013		2006,2007,2008,2009,2010,2011,2012	Indicateur (calculé par OVALIDE) servant à la valorisation FIDES:	0: Valorisé par OVALIDE / 1: Valorisé par FIDES / .: facture antérieure à la  bascule FIDES	
T_MCOaaVALOACE	MNT_BR	integer	number	12.0		2013		2006,2007,2008,2009,2010,2011,2012	Montant Base de remboursement total		
T_MCOaaVALOACE	MNT_BR_ATU	integer	number	12.0		2013		2006,2007,2008,2009,2010,2011,2012	Montant Base de remboursement ATU		
T_MCOaaVALOACE	MNT_BR_CCAM	integer	number	12.0		2013		2006,2007,2008,2009,2010,2011,2012	Montant Base de remboursement CCAM		
T_MCOaaVALOACE	MNT_BR_DIA	integer	number	12.0		2013		2006,2007,2008,2009,2010,2011,2012	Montant Base de remboursement Alternative à la dialyse en centre		
T_MCOaaVALOACE	MNT_BR_DM_EXT	integer	number	12.0		2013		2006,2007,2008,2009,2010,2011,2012	Montant Base de remboursement DM externe		
T_MCOaaVALOACE	MNT_BR_FFM	integer	number	12.0		2013		2006,2007,2008,2009,2010,2011,2012	Montant Base de remboursement FFM		
T_MCOaaVALOACE	MNT_BR_FTN	integer	number	12.0		2013		2006,2007,2008,2009,2010,2011,2012	Montant Base de remboursement FTN		
T_MCOaaVALOACE	MNT_BR_FU	integer	number	12.0		2022		2006,2007,2008,2009,2010,2011,2012,2013,2014,2015,2016,2017,2018,2019,2020,2021	Montant Base de remboursement Forfait Urgence et suppléments		
T_MCOaaVALOACE	MNT_BR_I04	string	string			2018	2020	2006,2007,2008,2009,2010,2011,2012,2013,2014,2015,2016,2017,2021,2022,2023,2024	Montant Base de remboursement Forfait Innovation I04		
T_MCOaaVALOACE	MNT_BR_INNO	integer	number	8.0		2021		2006,2007,2008,2009,2010,2011,2012,2013,2014,2015,2016,2017,2018,2019,2020	Montant Base de remboursement Forfait Innovation		
T_MCOaaVALOACE	MNT_BR_MED_EXT	string	string			2017		2006,2007,2008,2009,2010,2011,2012,2013,2014,2015,2016	Montant Base de remboursement Médicaments externe		
T_MCOaaVALOACE	MNT_BR_MOP	string	string			2019	2020	2006,2007,2008,2009,2010,2011,2012,2013,2014,2015,2016,2017,2018,2021,2022,2023,2024	Montant Base de remboursement Majoration Personnes âgées (MOP)		
T_MCOaaVALOACE	MNT_BR_NGAP	integer	number	12.0		2013		2006,2007,2008,2009,2010,2011,2012	Montant Base de remboursement NGAP		
T_MCOaaVALOACE	MNT_BR_PI	string	string			2017	2020	2006,2007,2008,2009,2010,2011,2012,2013,2014,2015,2016,2021,2022,2023,2024	Montant Base de remboursement Prestations Intermédiares		
T_MCOaaVALOACE	MNT_BR_SE	integer	number	12.0		2013		2006,2007,2008,2009,2010,2011,2012	Montant Base de remboursement SE		
T_MCOaaVALOACE	MNT_RAC	integer	number	12.0		2016		2006,2007,2008,2009,2010,2011,2012,2013,2014,2015	Montant remboursable par l'organisme complémentaire (AMC)		
T_MCOaaVALOACE	MNT_REMB	integer	number	12.0		2013		2006,2007,2008,2009,2010,2011,2012	Montant Remboursé AM  total, y compris factures FIDES		
T_MCOaaVALOACE	MNT_REMB_ATU	integer	number	12.0		2013		2006,2007,2008,2009,2010,2011,2012	Montant Remboursé AM ATU, y compris factures FIDES		
T_MCOaaVALOACE	MNT_REMB_CCAM	integer	number	12.0		2013		2006,2007,2008,2009,2010,2011,2012	Montant Remboursé AM CCAM, y compris factures FIDES		
T_MCOaaVALOACE	MNT_REMB_DIA	integer	number	12.0		2013		2006,2007,2008,2009,2010,2011,2012	Montant Remboursé AM Alternative à la dialyse en centre, y compris factures FIDES		
T_MCOaaVALOACE	MNT_REMB_DM_EXT	integer	number	12.0		2013		2006,2007,2008,2009,2010,2011,2012	Montant Remboursé AM DM externe, y compris factures FIDES		
T_MCOaaVALOACE	MNT_REMB_FFM	integer	number	12.0		2013		2006,2007,2008,2009,2010,2011,2012	Montant Remboursé AM FFM, y compris factures FIDES		
T_MCOaaVALOACE	MNT_REMB_FTN	integer	number	12.0		2013		2006,2007,2008,2009,2010,2011,2012	Montant Remboursé AM FTN, y compris factures FIDES		
T_MCOaaVALOACE	MNT_REMB_FU	integer	number	12.0		2022		2006,2007,2008,2009,2010,2011,2012,2013,2014,2015,2016,2017,2018,2019,2020,2021	Montant Remboursé AM Forfait Urgence et suppléments		
T_MCOaaVALOACE	MNT_REMB_I04	string	string			2018	2020	2006,2007,2008,2009,2010,2011,2012,2013,2014,2015,2016,2017,2021,2022,2023,2024	Montant Remboursé AM Forfait Innovation I04		
T_MCOaaVALOACE	MNT_REMB_INNO	integer	number	8.0		2021		2006,2007,2008,2009,2010,2011,2012,2013,2014,2015,2016,2017,2018,2019,2020	Montant Remboursé AM Forfait Innovation		
T_MCOaaVALOACE	MNT_REMB_MED_EXT	string	string			2017		2006,2007,2008,2009,2010,2011,2012,2013,2014,2015,2016	Montant Remboursé AM  Médicaments externe		
T_MCOaaVALOACE	MNT_REMB_MOP	string	string			2019	2020	2006,2007,2008,2009,2010,2011,2012,2013,2014,2015,2016,2017,2018,2021,2022,2023,2024	Montant Remboursé AM Majoration Personnes âgées (MOP)		
T_MCOaaVALOACE	MNT_REMB_NGAP	integer	number	12.0		2013		2006,2007,2008,2009,2010,2011,2012	Montant Remboursé AM NGAP, y compris factures FIDES		
T_MCOaaVALOACE	MNT_REMB_PI	string	string			2017	2020	2006,2007,2008,2009,2010,2011,2012,2013,2014,2015,2016,2021,2022,2023,2024	Montant Remboursé AM Prestations Intermédiares		
T_MCOaaVALOACE	MNT_REMB_SE	integer	number	12.0		2013		2006,2007,2008,2009,2010,2011,2012	Montant Remboursé AM SE, y compris factures FIDES		
T_MCOaaVALOACE	MNT_VAL	integer	number	12.0		2013		2006,2007,2008,2009,2010,2011,2012	Montant AM effectivement valorisé par OVALIDE		
T_MCOaaVALOACE	MNT_VAL_ATU	integer	number	12.0		2013		2006,2007,2008,2009,2010,2011,2012	Montant AM effectivement valorisé par OVALIDE ATU		
T_MCOaaVALOACE	MNT_VAL_CCAM	integer	number	12.0		2013		2006,2007,2008,2009,2010,2011,2012	Montant AM effectivement valorisé par OVALIDE CCAM		
T_MCOaaVALOACE	MNT_VAL_DIA	integer	number	12.0		2013		2006,2007,2008,2009,2010,2011,2012	Montant AM effectivement valorisé par OVALIDE Alternative à la dialyse en centre		
T_MCOaaVALOACE	MNT_VAL_DM_EXT	integer	number	12.0		2013		2006,2007,2008,2009,2010,2011,2012	Montant AM effectivement valorisé par OVALIDE DM externe		
T_MCOaaVALOACE	MNT_VAL_FFM	integer	number	12.0		2013		2006,2007,2008,2009,2010,2011,2012	Montant AM effectivement valorisé par OVALIDE FFM		
T_MCOaaVALOACE	MNT_VAL_FTN	integer	number	12.0		2013		2006,2007,2008,2009,2010,2011,2012	Montant AM effectivement valorisé par OVALIDE FTN		
T_MCOaaVALOACE	MNT_VAL_FU	integer	number	12.0		2022		2006,2007,2008,2009,2010,2011,2012,2013,2014,2015,2016,2017,2018,2019,2020,2021	Montant AM effectivement valorisé par OVALIDE Forfait Urgence et suppléments		
T_MCOaaVALOACE	MNT_VAL_I04	string	string			2018	2020	2006,2007,2008,2009,2010,2011,2012,2013,2014,2015,2016,2017,2021,2022,2023,2024	Montant AM effectivement valorisé par OVALIDE Forfait Innovation I04		
T_MCOaaVALOACE	MNT_VAL_INNO	integer	number	8.0		2021		2006,2007,2008,2009,2010,2011,2012,2013,2014,2015,2016,2017,2018,2019,2020	Montant AM effectivement valorisé par OVALIDE Forfait Innovation		
T_MCOaaVALOACE	MNT_VAL_MED_EXT	string	string			2017		2006,2007,2008,2009,2010,2011,2012,2013,2014,2015,2016	Montant AM effectivement valorisé par OVALIDE Médicaments externe		
T_MCOaaVALOACE	MNT_VAL_MOP	string	string			2019	2020	2006,2007,2008,2009,2010,2011,2012,2013,2014,2015,2016,2017,2018,2021,2022,2023,2024	Montant AM effectivement valorisé Majoration Personnes âgées (MOP)		
T_MCOaaVALOACE	MNT_VAL_NGAP	integer	number	12.0		2013		2006,2007,2008,2009,2010,2011,2012	Montant AM effectivement valorisé par OVALIDE NGAP		
T_MCOaaVALOACE	MNT_VAL_PI	string	string			2017	2020	2006,2007,2008,2009,2010,2011,2012,2013,2014,2015,2016,2021,2022,2023,2024	Montant AM effectivement valorisé par OVALIDE PI		
T_MCOaaVALOACE	MNT_VAL_SE	integer	number	12.0		2013		2006,2007,2008,2009,2010,2011,2012	Montant AM effectivement valorisé par OVALIDE SE		
T_MCOaaVALOACE	NBLIGNE	integer	number	20.0		2013		2006,2007,2008,2009,2010,2011,2012	Nb lignes de la facture		
T_MCOaaVALOACE	NON_SEJ_FAC_AM	string	string	1.0		2013		2006,2007,2008,2009,2010,2011,2012	Variable "Motif de non facturation à l'assurance maladie" du RAFAEL-A		
T_MCOaaVALOACE	PF18	string	string	1.0		2013	2018	2006,2007,2008,2009,2010,2011,2012,2019,2020,2021,2022,2023,2024	Participation forfaitaire 18 euros déduite sur la facture:	1: oui / 0: non	
T_MCOaaVALOACE	SEJ_FAC_AM	string	string	1.0		2013		2006,2007,2008,2009,2010,2011,2012	Variable "Séjour facturable à l'assurance maladie" du RAFAEL-A		
T_MCOaaVALOACE	SEQ_NUM	string	string	8.0		2013		2006,2007,2008,2009,2010,2011,2012	N°  de facture séquentiel		
T_MCOaaVALOACE	TOP_TMF	string	string	1.0		2019		2006,2007,2008,2009,2010,2011,2012,2013,2014,2015,2016,2017,2018	Ticket modérateur forfaitaire	1: oui / 0: non	
T_MCOaaVALOACE	VALO	string	string	1.0		2013		2006,2007,2008,2009,2010,2011,2012	Valorisation	0: facture non valorisée / 1: facture valorisée / 2: facture partiellement valorisée / 3: Prise en charge des patients détenus	
T_MCOaaZ	ETA_NUM	string	string	9		2011		2006,2007,2008,2009,2010	Numéro FINESS		
T_MCOaaZ	ETE_GHS_NUM	integer	number	3		2011		2006,2007,2008,2009,2010	Code du supplément (n° GHS)		
T_MCOaaZ	GHS_SUP_COD	string	string	4		2011		2006,2007,2008,2009,2010	Code du supplément (n° GHS)		
T_MCOaaZ	NBR_SUP	integer	number	3		2011		2006,2007,2008,2009,2010	Nombre de suppléments (Nb actes menant dans le GHS)		
T_MCOaaZ	RSA_NUM	string	string	22		2011		2006,2007,2008,2009,2010	N° d'index du RSA		
T_MCOaaZ	RSS_NUM	string	string	12		2011		2006,2007,2008,2009,2010	Numéro de version du format du RSA		
T_SUPaaALD	ANN_MOI	string	string	6		2007	2008	2006,2009,2010,2011,2012,2013,2014,2015,2016,2017,2018,2019,2020,2021,2022,2023,2024	Mois et année de l'acte		
T_SUPaaALD	ETA_NUM	string	string	9		2007	2008	2006,2009,2010,2011,2012,2013,2014,2015,2016,2017,2018,2019,2020,2021,2022,2023,2024	N°FINESS		
T_SUPaaALD	FIC_TYP	string	string	3		2007	2008	2006,2009,2010,2011,2012,2013,2014,2015,2016,2017,2018,2019,2020,2021,2022,2023,2024	Type de fichier		
T_SUPaaALD	NBR_RE_EAL	integer	number	8		2007	2008	2006,2009,2010,2011,2012,2013,2014,2015,2016,2017,2018,2019,2020,2021,2022,2023,2024	Nombre réalisé en activité libérale		
T_SUPaaALD	NBR_REA_HAL	integer	number	8		2007	2008	2006,2009,2010,2011,2012,2013,2014,2015,2016,2017,2018,2019,2020,2021,2022,2023,2024	Nombre réalisé hors activité libérale		
T_SUPaaALD	PRS_COD	string	string	9		2007	2008	2006,2009,2010,2011,2012,2013,2014,2015,2016,2017,2018,2019,2020,2021,2022,2023,2024	Code Prestation		
T_RIPaaC	ART_51	string	string	1.0		2022		2006,2007,2008,2009,2010,2011,2012,2013,2014,2015,2016,2017,2018,2019,2020,2021	Article 51	Cette variable permet d’Identifier les séjours et actes et consultations externes relevant des expérimentations de l’article 51	
T_RIPaaC	ART_51_RET	string	string	1.0		2022		2006,2007,2008,2009,2010,2011,2012,2013,2014,2015,2016,2017,2018,2019,2020,2021	Code retour contrôle Article 51		
T_RIPaaC	COH_NAI_RET	string	string	1.0		2013		2006,2007,2008,2009,2010,2011,2012	Code retour contrôle « Cohérence date naissance »	Cohérence entre les informations RSS et VID-HOSP/RSF-A	
T_RIPaaC	COH_SEX_RET	string	string	1.0		2013		2006,2007,2008,2009,2010,2011,2012	Code retour contrôle « Cohérence sexe »	Cohérence entre les informations RSS et VID-HOSP/RSF-A	
T_RIPaaC	DAT_RET	string	string	1.0		2007		2006	Code retour contrôle « date de référence» (date d’entrée du séjour)		
T_RIPaaC	ENT_ANN	string	string	4.0		2010	2019	2006,2007,2008,2009,2020,2021,2022,2023,2024	Année de la date d'entrée du séjour		
T_RIPaaC	ENT_DAT	string	string	8.0		2009		2006,2007,2008	Date d'entrée		
T_RIPaaC	ENT_MOI	string	string	2.0		2010	2019	2006,2007,2008,2009,2020,2021,2022,2023,2024	Mois de la date d'entrée du séjour		
T_RIPaaC	ETA_NUM_EPMSI	string	string	9.0		2007		2006	N° FINESS		
T_RIPaaC	ETA_NUM_RET	string	string	1.0		2017		2006,2007,2008,2009,2010,2011,2012,2013,2014,2015,2016	Code retour contrôle "N° FINESS d’inscription e-PMSI"		
T_RIPaaC	ETA_NUM_TWO	string	string	9.0		2007	2019	2006,2020,2021,2022,2023,2024	Second n° FINESS		
T_RIPaaC	EXE_SOI_AMD	string	string	6.0		2009		2006,2007,2008	Date d'entrée au format année + mois		
T_RIPaaC	EXE_SOI_AMF	string	string	6.0		2009		2006,2007,2008	Date de sortie au format année + mois		
T_RIPaaC	EXE_SOI_DTD	date	date			2009		2006,2007,2008	date d'entrée		
T_RIPaaC	EXE_SOI_DTF	date	date			2009		2006,2007,2008	date de sortie		
T_RIPaaC	FHO_RET	string	string	1.0		2007		2006	Code retour « fusion ANO-HOSP et HOSP-PMSI »		
T_RIPaaC	FOR_NUM	string	string	3.0		2009		2006,2007,2008	N° format		
T_RIPaaC	FOR_NUM_HOSP	string	string	3.0		2009		2006,2007,2008	N° format VID-HOSP		
T_RIPaaC	IPP_BEN_ANO	string	string	44.0		2019	2021	2006,2007,2008,2009,2010,2011,2012,2013,2014,2015,2016,2017,2018,2022,2023,2024	N° d'identification permanent du patient anonymisé	valable pour un Finess PMSI, dans tous les champs d'hospitalisation	
T_RIPaaC	IPP_BEN_ANO_RET	string	string	1.0		2019	2021	2006,2007,2008,2009,2010,2011,2012,2013,2014,2015,2016,2017,2018,2022,2023,2024	Code retour contrôle " N° d'identification permanent du patient"		
T_RIPaaC	IPP_IRR_CRY	string	string	16.0		2020		2006,2007,2008,2009,2010,2011,2012,2013,2014,2015,2016,2017,2018,2019	Cryptage irréversible l'IPP		
T_RIPaaC	NAI_RET	string	string	1.0		2007		2006	Code retour contrôle « date de  naissance »		
T_RIPaaC	NIR_ANO_17	string	string	17.0		2007		2006	N° anonyme		
T_RIPaaC	NIR_RET	string	string	1.0		2007		2006	Code retour contrôle « n° sécurité sociale »		
T_RIPaaC	NUM_DAT_AT	string	string	9.0		2015		2006,2007,2008,2009,2010,2011,2012,2013,2014	Numéro d'accident du travail ou date d'accident de droit commun		
T_RIPaaC	NUM_DAT_AT_RET	string	string	1.0		2015		2006,2007,2008,2009,2010,2011,2012,2013,2014	Code retour contrôle "Numéro d'accident du travail ou date d'accident de droit commun"	par défaut à 0 pour ex-OQN	
T_RIPaaC	ORG_CPL_NUM	string	string	10.0		2015		2006,2007,2008,2009,2010,2011,2012,2013,2014	N° d'organisme complémentaire		
T_RIPaaC	ORG_CPL_NUM_RET	string	string	1.0		2015		2006,2007,2008,2009,2010,2011,2012,2013,2014	Code retour contrôle "N° d'organisme complémentaire"	par défaut à 0 pour ex-OQN	
T_RIPaaC	PMS_RET	string	string	1.0		2007		2006	Code retour « fusion ANO-PMSI et fichier PMSI »		
T_RIPaaC	RIP_NUM	string	string	6.0		2007		2006	N° séquentiel dans fichier PMSI		
T_RIPaaC	SEJ_NUM	string	string	5.0		2007		2006	N° de séjour		
T_RIPaaC	SEJ_RET	string	string	1.0		2007		2006	Code retour contrôle « n° d’identification administratif de séjour »		
T_RIPaaC	SEX_RET	string	string	1.0		2007		2006	Code retour contrôle « sexe »		
T_RIPaaC	SOR_ANN	string	string	4.0		2007	2009	2006,2010,2011,2012,2013,2014,2015,2016,2017,2018,2019,2020,2021,2022,2023,2024	Année de la date d'entrée du séjour		
T_RIPaaC	SOR_DAT	string	string	8.0		2009		2006,2007,2008	Date de sortie		
T_RIPaaC	SOR_MOI	string	string	2.0		2007	2009	2006,2010,2011,2012,2013,2014,2015,2016,2017,2018,2019,2020,2021,2022,2023,2024	Mois de la date d'entrée du séjour		
T_RIPaaCCAM	ACV_ACT	string	string	1		2017		2006,2007,2008,2009,2010,2011,2012,2013,2014,2015,2016	Code de l'activité		
T_RIPaaCCAM	CDC_ACT	string	string	7	XC_ACT_R	2017		2006,2007,2008,2009,2010,2011,2012,2013,2014,2015,2016	Code CCAM		
T_RIPaaCCAM	DOC_ACT	string	string	1		2017		2006,2007,2008,2009,2010,2011,2012,2013,2014,2015,2016	Extension documentaire		
T_RIPaaCCAM	ENT_DAT_DEL	integer	number	3		2017		2006,2007,2008,2009,2010,2011,2012,2013,2014,2015,2016	Délai depuis l'entrée de la séquence		
T_RIPaaCCAM	ETA_NUM_EPMSI	string	string	9		2017		2006,2007,2008,2009,2010,2011,2012,2013,2014,2015,2016	N° FINESS		
T_RIPaaCCAM	ETA_NUM_TWO	string	string	9		2017		2006,2007,2008,2009,2010,2011,2012,2013,2014,2015,2016	Second n° FINESS		
T_RIPaaCCAM	EXT_PMSI	string	string	2		2017		2006,2007,2008,2009,2010,2011,2012,2013,2014,2015,2016	Extension PMSI		
T_RIPaaCCAM	IPP_IRR_CRY	string	string	16		2017		2006,2007,2008,2009,2010,2011,2012,2013,2014,2015,2016	Cryptage irreversible de l'IPP		
T_RIPaaCCAM	NBR_EXE_ACT	integer	number	2		2017		2006,2007,2008,2009,2010,2011,2012,2013,2014,2015,2016	Nombre de réalisations		
T_RIPaaCCAM	PHA_ACT	string	string	1		2017		2006,2007,2008,2009,2010,2011,2012,2013,2014,2015,2016	Code de la phase		
T_RIPaaCCAM	RIP_NUM	string	string	6		2017		2006,2007,2008,2009,2010,2011,2012,2013,2014,2015,2016	N° séquentiel de séjour		
T_RIPaaCCAM	SEJ_IDT	string	string	5		2017		2006,2007,2008,2009,2010,2011,2012,2013,2014,2015,2016	Identifiant de séjour		
T_RIPaaCCAM	SEQ_SEQ_NUM	string	string	3		2019		2006,2007,2008,2009,2010,2011,2012,2013,2014,2015,2016,2017,2018	N° séquentiel de séquence au sein du séjour		
T_RIPaaCSTC	COH_NAI_RET	string	string	1		2020		2006,2007,2008,2009,2010,2011,2012,2013,2014,2015,2016,2017,2018,2019	Code retour contrôle « Cohérence date naissance »		
T_RIPaaCSTC	COH_SEX_RET	string	string	1		2020		2006,2007,2008,2009,2010,2011,2012,2013,2014,2015,2016,2017,2018,2019	Code retour contrôle « Cohérence sexe »		
T_RIPaaCSTC	ETA_NUM_EPMSI	string	string	9		2020		2006,2007,2008,2009,2010,2011,2012,2013,2014,2015,2016,2017,2018,2019	Numéro FINESS e-PMSI		
T_RIPaaCSTC	FOR_NUM	string	string	3		2020		2006,2007,2008,2009,2010,2011,2012,2013,2014,2015,2016,2017,2018,2019	Numéro format		
T_RIPaaCSTC	FOR_NUM_ORI	string	string	3		2020		2006,2007,2008,2009,2010,2011,2012,2013,2014,2015,2016,2017,2018,2019	Numéro format d'origine		
T_RIPaaCSTC	IPP_BEN_ANO	string	string	44		2020	2021	2006,2007,2008,2009,2010,2011,2012,2013,2014,2015,2016,2017,2018,2019,2022,2023,2024	Numéro d'identification permanent patient anonymisé		
T_RIPaaCSTC	IPP_BEN_ANO_RET	string	string	1		2020		2006,2007,2008,2009,2010,2011,2012,2013,2014,2015,2016,2017,2018,2019	Code retour contrôle « n°d'identification permanent patient »		
T_RIPaaCSTC	IPP_IRR_CRY	string	string	16		2020		2006,2007,2008,2009,2010,2011,2012,2013,2014,2015,2016,2017,2018,2019	Cryptage irréversible l'IPP		
T_RIPaaCSTC	NAI_RET	string	string	1		2020		2006,2007,2008,2009,2010,2011,2012,2013,2014,2015,2016,2017,2018,2019	Code retour contrôle « date  naissance »		
T_RIPaaCSTC	NIR_ANO_17	string	string	17		2020		2006,2007,2008,2009,2010,2011,2012,2013,2014,2015,2016,2017,2018,2019	Pseudonyme		
T_RIPaaCSTC	NIR_RET	string	string	1		2020		2006,2007,2008,2009,2010,2011,2012,2013,2014,2015,2016,2017,2018,2019	Code retour contrôle « Numéro sécurité sociale »		
T_RIPaaCSTC	RNG_BEN	string	string	3		2020		2006,2007,2008,2009,2010,2011,2012,2013,2014,2015,2016,2017,2018,2019	Rang bénéficiaire		
T_RIPaaCSTC	RNG_BEN_RET	string	string	1		2020		2006,2007,2008,2009,2010,2011,2012,2013,2014,2015,2016,2017,2018,2019	Code retour contrôle « Rang bénéficiaire »		
T_RIPaaCSTC	RNG_NAI	string	string	1		2020		2006,2007,2008,2009,2010,2011,2012,2013,2014,2015,2016,2017,2018,2019	Rang naissance		
T_RIPaaCSTC	RNG_NAI_RET	string	string	1		2020		2006,2007,2008,2009,2010,2011,2012,2013,2014,2015,2016,2017,2018,2019	Code retour contrôle « Rang naissance »		
T_RIPaaCSTC	SEX_RET	string	string	1		2020		2006,2007,2008,2009,2010,2011,2012,2013,2014,2015,2016,2017,2018,2019	Code retour contrôle « sexe »		
T_RIPaaE	ANN_TRT	string	string	7		2007		2006	N° du trimestre PMSI transmis		
T_RIPaaE	COM_ETA	string	string	50		2020		2006,2007,2008,2009,2010,2011,2012,2013,2014,2015,2016,2017,2018,2019	Commentaires		
T_RIPaaE	ETA_NUM	string	string	9		2007		2006	N°FINESS		
T_RIPaaE	ETB_EXE_FIN	string	string	8		2007		2006	N°FINESS sans clé		
T_RIPaaE	REG_ETA	string	string	22		2007		2006	Région		
T_RIPaaE	SOC_RAI	string	string	60		2007		2006	Raison sociale		
T_RIPaaE	STA_ETA	string	string	3		2007		2006	Statut de l'établissement		
T_RIPaaE	VAL_ETA	string	string	20		2007		2006	Validation des données		
T_RIPaaFA	AGE_ANN	integer	number	3.0		2014		2006,2007,2008,2009,2010,2011,2012,2013	Age (en années)		
T_RIPaaFA	AGE_JOU	integer	number	5.0		2020		2006,2007,2008,2009,2010,2011,2012,2013,2014,2015,2016,2017,2018,2019	Age jours (pour les moins un an)		
T_RIPaaFA	BDI_COD	string	string	5.0		2020		2006,2007,2008,2009,2010,2011,2012,2013,2014,2015,2016,2017,2018,2019	Code géographique		
T_RIPaaFA	BDI_DEP	string	string	2.0		2020		2006,2007,2008,2009,2010,2011,2012,2013,2014,2015,2016,2017,2018,2019	Code département de résidence		
T_RIPaaFA	BEN_CMU	string	string	1.0		2012		2006,2007,2008,2009,2010,2011	Patient bénéficiaire de la CMU		
T_RIPaaFA	COD_CIV	string	string	1.0		2010		2006,2007,2008,2009	Code civilité		
T_RIPaaFA	COD_PEC	string	string	1.0		2010		2006,2007,2008,2009	Code de prise en charge		
T_RIPaaFA	COD_POST	string	string	5.0		2020		2006,2007,2008,2009,2010,2011,2012,2013,2014,2015,2016,2017,2018,2019	Code postal		
T_RIPaaFA	COD_SEX	string	string	1.0		2010		2006,2007,2008,2009	Sexe		
T_RIPaaFA	CON_TYP	string	string	2.0		2010		2006,2007,2008,2009	Type de contrat souscrit auprès d'un organisme complémentaire		
T_RIPaaFA	ENT_ANN	string	string	4.0		2010	2019	2006,2007,2008,2009,2020,2021,2022,2023,2024	Année de la date d'entrée		
T_RIPaaFA	ENT_MOI	string	string	2.0		2010	2019	2006,2007,2008,2009,2020,2021,2022,2023,2024	Mois de la date d'entrée		
T_RIPaaFA	ETA_NUM_EPMSI	string	string	9.0		2010		2006,2007,2008,2009	N° FINESS		
T_RIPaaFA	ETA_NUM_TWO	string	string	9.0		2010		2006,2007,2008,2009	Numéro FINESS de l’établissement (site géographique)		
T_RIPaaFA	EXE_SOI_AMD	string	string	6.0		2020		2006,2007,2008,2009,2010,2011,2012,2013,2014,2015,2016,2017,2018,2019	Date d'entrée séjour (format Mois - Année)		
T_RIPaaFA	EXE_SOI_AMF	string	string	6.0		2020		2006,2007,2008,2009,2010,2011,2012,2013,2014,2015,2016,2017,2018,2019	Date sortie séjour (format Mois - Année)		
T_RIPaaFA	EXE_SOI_DTD	date	date	8.0		2020		2006,2007,2008,2009,2010,2011,2012,2013,2014,2015,2016,2017,2018,2019	Date d'entrée séjour		
T_RIPaaFA	EXE_SOI_DTF	date	date	8.0		2020		2006,2007,2008,2009,2010,2011,2012,2013,2014,2015,2016,2017,2018,2019	Date sortie séjour		
T_RIPaaFA	EXO_TM	string	string	1.0		2010		2006,2007,2008,2009	Justification d'exonération du TM		
T_RIPaaFA	FAC_ETL	string	string	1.0		2010		2006,2007,2008,2009	Etat de liquidation de la facture		
T_RIPaaFA	FAC_NUM	string	string	3.0		2010		2006,2007,2008,2009	N° séquentiel de facture		
T_RIPaaFA	HON_AM_MNR	integer	number	8.0		2010		2006,2007,2008,2009	Total honoraire remboursable AM		
T_RIPaaFA	HON_MNT	integer	number	8.0		2010		2006,2007,2008,2009	Total honoraire Facturé		
T_RIPaaFA	HON_OC_MNR	integer	number	8.0		2010		2006,2007,2008,2009	Total remboursable OC pour les honoraires		
T_RIPaaFA	NAT_ASS	string	string	2.0		2010		2006,2007,2008,2009	Nature assurance		
T_RIPaaFA	NOE_RGM	string	string	2.0		2010		2006,2007,2008,2009	Code Gd régime		
T_RIPaaFA	NUM_DAT_AT	string	string	9.0		2015		2006,2007,2008,2009,2010,2011,2012,2013,2014	Numéro accident du travail ou date d’accident de droit commun		
T_RIPaaFA	OPE_NAT	string	string	1.0		2010		2006,2007,2008,2009	Nature opération		
T_RIPaaFA	ORG_CPL_NUM	string	string	10.0		2015		2006,2007,2008,2009,2010,2011,2012,2013,2014	N° d’organisme complémentaire		
T_RIPaaFA	PAS_OC_MNT	integer	number	8.0		2010		2006,2007,2008,2009	Total participation assuré avant OC		
T_RIPaaFA	PH_AMO_MNR	integer	number	8.0		2010		2006,2007,2008,2009	Total remboursable AMO Prestation hospitalières		
T_RIPaaFA	PH_BRM	integer	number	8.0		2010		2006,2007,2008,2009	Total Base Remboursement Prestation hospitalière		
T_RIPaaFA	PH_MNT	integer	number	8.0		2010		2006,2007,2008,2009	Montant total facturé pour  PH		
T_RIPaaFA	PH_OC_MNR	integer	number	8.0		2010		2006,2007,2008,2009	Total remboursable OC pour les PH		
T_RIPaaFA	POST_DEP	string	string			2020		2006,2007,2008,2009,2010,2011,2012,2013,2014,2015,2016,2017,2018,2019	Code postal		
T_RIPaaFA	RIP_NUM	string	string	6.0		2010		2006,2007,2008,2009	Numéro séquentiel de séjour (idem RPSA)		
T_RIPaaFA	RNG_BEN	string	string	3.0		2016		2006,2007,2008,2009,2010,2011,2012,2013,2014,2015	Rang de bénéficiaire		
T_RIPaaFA	RNG_NAI	string	string	1.0		2016		2006,2007,2008,2009,2010,2011,2012,2013,2014,2015	Rang de naissance		
T_RIPaaFA	SEJ_DUR	integer	number	4.0		2010	2019	2006,2007,2008,2009,2020,2021,2022,2023,2024	Durée (Date de sortie-date d'entrée)		
T_RIPaaFA	SOR_ANN	string	string	4.0		2010	2019	2006,2007,2008,2009,2020,2021,2022,2023,2024	Année de la date de sortie		
T_RIPaaFA	SOR_MOI	string	string	2.0		2010	2019	2006,2007,2008,2009,2020,2021,2022,2023,2024	Mois de la date de sortie		
T_RIPaaFA	TYP_ART	string	string	1.0	MS_ENR_V	2010		2006,2007,2008,2009	Type d'enregistrement		
T_RIPaaFB	ACT_COD	string	string	5	IR_ACT_COD	2010		2006,2007,2008,2009	Code acte		
T_RIPaaFB	ACT_COE	integer	number	5		2010		2006,2007,2008,2009	Cœfficient		
T_RIPaaFB	ACT_NBR	integer	number	3		2010		2006,2007,2008,2009	Quantité		
T_RIPaaFB	AMC_MNR	integer	number	7		2010		2006,2007,2008,2009	Montant remboursable par l'organisme complémentaire (AMC)		
T_RIPaaFB	AMO_MNR	integer	number	8		2010		2006,2007,2008,2009	Montant Remboursable par la caisse (AMO)		
T_RIPaaFB	COD_PEC	string	string	1		2010		2006,2007,2008,2009	Code prise en charge FJ		
T_RIPaaFB	DEL_DAT_ENT	integer	number	5		2013		2006,2007,2008,2009,2010,2011,2012	Délai par rapport à la date d'entrée		
T_RIPaaFB	ENT_ANN	string	string	4		2010	2019	2006,2007,2008,2009,2020,2021,2022,2023,2024	Année de la date de début de séjour		
T_RIPaaFB	ENT_MOI	string	string	2		2010	2019	2006,2007,2008,2009,2020,2021,2022,2023,2024	Mois de la date de début de séjour		
T_RIPaaFB	ETA_NUM_EPMSI	string	string	9		2010		2006,2007,2008,2009	N° FINESS		
T_RIPaaFB	ETA_NUM_TWO	string	string	9		2010		2006,2007,2008,2009	Numéro FINESS de l’établissement (site géographique)		
T_RIPaaFB	ETE_GHS_NUM	integer	number	4		2010		2006,2007,2008,2009	N° GHS (format num)		
T_RIPaaFB	EXE_SOI_AMD	string	string	6		2020		2006,2007,2008,2009,2010,2011,2012,2013,2014,2015,2016,2017,2018,2019	Date d'entrée séjour (format Mois - Année)		
T_RIPaaFB	EXE_SOI_AMF	string	string	6		2020		2006,2007,2008,2009,2010,2011,2012,2013,2014,2015,2016,2017,2018,2019	Date sortie séjour (format Mois - Année)		
T_RIPaaFB	EXE_SOI_DTD	date	date	8		2020		2006,2007,2008,2009,2010,2011,2012,2013,2014,2015,2016,2017,2018,2019	Date d'entrée séjour		
T_RIPaaFB	EXE_SOI_DTF	date	date	8		2020		2006,2007,2008,2009,2010,2011,2012,2013,2014,2015,2016,2017,2018,2019	Date sortie séjour		
T_RIPaaFB	EXO_TM	string	string	1		2010		2006,2007,2008,2009	Justification exonération TM		
T_RIPaaFB	FAC_MNT	integer	number	8		2010		2006,2007,2008,2009	Montant total de la dépense		
T_RIPaaFB	FAC_NUM	string	string	3		2010		2006,2007,2008,2009	N° séquentiel de facture		
T_RIPaaFB	GHS_NUM	string	string	4		2010		2006,2007,2008,2009	N° de GHS/GHT		
T_RIPaaFB	NOE_MNR	integer	number	8		2010		2006,2007,2008,2009	Montant remboursé NOEMIE Retour		
T_RIPaaFB	NOE_OPE	string	string	3		2010		2006,2007,2008,2009	Nature opération récupération NOEMIE Retour		
T_RIPaaFB	PRI_UNI	integer	number	7		2010		2006,2007,2008,2009	Prix Unitaire		
T_RIPaaFB	PSH_DMT	string	string	3		2010		2006,2007,2008,2009	Discipline de prestation (ex DMT)		
T_RIPaaFB	PSH_MDT	string	string	2		2010		2006,2007,2008,2009	Mode de traitement		
T_RIPaaFB	REM_BAS	integer	number	8		2010		2006,2007,2008,2009	Montant Base remboursement		
T_RIPaaFB	REM_TAU	integer	number	3		2010		2006,2007,2008,2009	Taux applicable à la prestation		
T_RIPaaFB	RIP_COE	integer	number	9		2010		2006,2007,2008,2009	Cœfficient MCO/HAD		
T_RIPaaFB	RIP_NUM	string	string	6		2010		2006,2007,2008,2009	Numéro séquentiel de séjour (idem RPSA)		
T_RIPaaFB	SEJ_DUR	integer	number	4		2010	2019	2006,2007,2008,2009,2020,2021,2022,2023,2024	Durée (Date de fin de séjour-date de début de séjour)		
T_RIPaaFB	SOR_ANN	string	string	4		2010	2019	2006,2007,2008,2009,2020,2021,2022,2023,2024	Année de la date de fin de séjour		
T_RIPaaFB	SOR_MOI	string	string	2		2010	2019	2006,2007,2008,2009,2020,2021,2022,2023,2024	Mois de la date de fin de séjour		
T_RIPaaFB	TYP_ART	string	string	1	MS_ENR_V	2010		2006,2007,2008,2009	Type d'enregistrement		
T_RIPaaFC	ACT_ANN	string	string	4		2010	2019	2006,2007,2008,2009,2020,2021,2022,2023,2024	Année de la date de l'acte		
T_RIPaaFC	ACT_COD	string	string	5	IR_ACT_COD	2010		2006,2007,2008,2009	Code acte		
T_RIPaaFC	ACT_COE	integer	number	6		2010		2006,2007,2008,2009	Cœfficient		
T_RIPaaFC	ACT_DNB	integer	number	2		2010		2006,2007,2008,2009	Dénombrement		
T_RIPaaFC	ACT_MOI	string	string	2		2010	2019	2006,2007,2008,2009,2020,2021,2022,2023,2024	Mois de la date de l'acte		
T_RIPaaFC	ACT_NBR	integer	number	2		2010		2006,2007,2008,2009	Quantité		
T_RIPaaFC	AMC_MNR	integer	number	6		2010		2006,2007,2008,2009	Montant remboursable par AMC		
T_RIPaaFC	AMO_MNR	integer	number	7		2010		2006,2007,2008,2009	Montant Remboursable par AMO		
T_RIPaaFC	DEL_DAT_ENT	integer	number	5		2013		2006,2007,2008,2009,2010,2011,2012	Délai par rapport à la date d'entrée		
T_RIPaaFC	ETA_NUM_EPMSI	string	string	9		2010		2006,2007,2008,2009	N° FINESS		
T_RIPaaFC	ETA_NUM_TWO	string	string	9		2010		2006,2007,2008,2009	Numéro FINESS de l’établissement (site géographique)		
T_RIPaaFC	EXE_SOI_AMD	string	string	6		2020		2006,2007,2008,2009,2010,2011,2012,2013,2014,2015,2016,2017,2018,2019	Date d'entrée séjour (format Mois - Année)		
T_RIPaaFC	EXE_SOI_DTD	date	date	8		2020		2006,2007,2008,2009,2010,2011,2012,2013,2014,2015,2016,2017,2018,2019	Date d'entrée séjour		
T_RIPaaFC	EXO_TM	string	string	1		2010		2006,2007,2008,2009	Justification exo TM		
T_RIPaaFC	FAC_NUM	string	string	3		2010		2006,2007,2008,2009	N° séquentiel de facture		
T_RIPaaFC	HON_MNT	integer	number	7		2010		2006,2007,2008,2009	Montant des honoraire (dépassement compris)		
T_RIPaaFC	NOE_MNR	integer	number	8		2010		2006,2007,2008,2009	Montant remboursé NOEMIE Retour		
T_RIPaaFC	NOE_OPE	string	string	3		2010		2006,2007,2008,2009	Nature opération récupération NOEMIE Retour		
T_RIPaaFC	PRI_UNI	integer	number	7		2010		2006,2007,2008,2009	Prix Unitaire		
T_RIPaaFC	PSH_DMT	string	string	3		2010		2006,2007,2008,2009	Discipline de prestation (ex DMT)		
T_RIPaaFC	PSH_MDT	string	string	2		2010		2006,2007,2008,2009	Mode de traitement		
T_RIPaaFC	REM_BAS	integer	number	7		2010		2006,2007,2008,2009	Montant Base remboursement		
T_RIPaaFC	REM_TAU	integer	number	3		2010		2006,2007,2008,2009	Taux Remboursement		
T_RIPaaFC	RIP_NUM	string	string	6		2010		2006,2007,2008,2009	Numéro séquentiel de séjour (idem RPSA)		
T_RIPaaFC	TYP_ART	string	string	1	MS_ENR_V	2010		2006,2007,2008,2009	Type d'enregistrement		
T_RIPaaFH	ACH_PRI	integer	number	7		2010		2006,2007,2008,2009	Prix d'achat unitaire TTC		
T_RIPaaFH	COD_UCD	string	string	7	NU_UCD_R	2010		2006,2007,2008,2009	Code UCD		
T_RIPaaFH	COE_TAU	integer	number	5		2010		2006,2007,2008,2009	Coefficient de fractionnement		
T_RIPaaFH	DEL_DAT_ENT	integer	number	5		2013		2006,2007,2008,2009,2010,2011,2012	Délai par rapport à la date d'entrée		
T_RIPaaFH	ENT_ANN	string	string	4		2010	2019	2006,2007,2008,2009,2020,2021,2022,2023,2024	Année de la date de début de séjour		
T_RIPaaFH	ENT_MOI	string	string	2		2010	2019	2006,2007,2008,2009,2020,2021,2022,2023,2024	Mois de la date de début de séjour		
T_RIPaaFH	ETA_NUM_EPMSI	string	string	9		2010		2006,2007,2008,2009	N° FINESS		
T_RIPaaFH	ETA_NUM_TWO	string	string	9		2010		2006,2007,2008,2009	Numéro FINESS de l’établissement (site géographique)		
T_RIPaaFH	EXE_SOI_AMD	string	string	6		2020		2006,2007,2008,2009,2010,2011,2012,2013,2014,2015,2016,2017,2018,2019	Date d'entrée séjour (format Mois - Année)		
T_RIPaaFH	EXE_SOI_DTD	date	date	8		2020		2006,2007,2008,2009,2010,2011,2012,2013,2014,2015,2016,2017,2018,2019	Date d'entrée séjour		
T_RIPaaFH	FAC_NUM	string	string	3		2010		2006,2007,2008,2009	N° séquentiel de facture		
T_RIPaaFH	FAC_TOT	integer	number	7		2010		2006,2007,2008,2009	Montant total facturé TTC		
T_RIPaaFH	MNT_UNI_ECA	integer	number	7		2010		2006,2007,2008,2009	Montant unitaire de l'écart indemnisable		
T_RIPaaFH	QUA_COD	integer	number	3		2010		2006,2007,2008,2009	Quantité		
T_RIPaaFH	RIP_NUM	string	string	6		2010		2006,2007,2008,2009	Numéro séquentiel de séjour (idem RPSA)		
T_RIPaaFH	TOT_MNT_ECA	integer	number	7		2010		2006,2007,2008,2009	Montant total de l'écart indemnisable		
T_RIPaaFH	TYP_ART	string	string	1	MS_ENR_V	2010		2006,2007,2008,2009	Type d'enregistrement		
T_RIPaaFH	UCD_UCD_COD	string	string	13	NU_UCD_R	2010		2006,2007,2008,2009	Code UCD (0 à gauche)		
T_RIPaaFI	DEL_DAT_ENT	integer	number	5		2013		2006,2007,2008,2009,2010,2011,2012	Délai par rapport à la date d'entrée		
T_RIPaaFI	ENT_ANN	string	string	4		2010	2019	2006,2007,2008,2009,2020,2021,2022,2023,2024	Année de la date de début de séjour		
T_RIPaaFI	ENT_MOI	string	string	2		2010	2019	2006,2007,2008,2009,2020,2021,2022,2023,2024	Mois de la date de début de séjour		
T_RIPaaFI	ETA_NUM_EPMSI	string	string	9		2010		2006,2007,2008,2009	N° FINESS		
T_RIPaaFI	ETA_NUM_TWO	string	string	9		2010		2006,2007,2008,2009	Numéro FINESS de l’établissement (site géographique)		
T_RIPaaFI	ETB_NUM	string	string	14		2010		2006,2007,2008,2009	Etablissement de transfert ou de retour ou lieu d'exécution de l'acte		
T_RIPaaFI	EXE_SOI_AMD	string	string	6		2020		2006,2007,2008,2009,2010,2011,2012,2013,2014,2015,2016,2017,2018,2019	Date d'entrée séjour (format Mois - Année)		
T_RIPaaFI	EXE_SOI_AMF	string	string	6		2020		2006,2007,2008,2009,2010,2011,2012,2013,2014,2015,2016,2017,2018,2019	Date de sortie séjour (format Mois - Année)		
T_RIPaaFI	EXE_SOI_DTD	date	date	8		2020		2006,2007,2008,2009,2010,2011,2012,2013,2014,2015,2016,2017,2018,2019	Date d'entrée séjour		
T_RIPaaFI	EXE_SOI_DTF	date	date	8		2020		2006,2007,2008,2009,2010,2011,2012,2013,2014,2015,2016,2017,2018,2019	Date de sortie séjour		
T_RIPaaFI	FAC_NUM	string	string	3		2010		2006,2007,2008,2009	N° séquentiel de facture		
T_RIPaaFI	RIP_NUM	string	string	6		2010		2006,2007,2008,2009	Numéro séquentiel de séjour (idem RPSA)		
T_RIPaaFI	SEJ_DUR	integer	number	4		2010	2019	2006,2007,2008,2009,2020,2021,2022,2023,2024	Durée (Date de fin de séjour-date de début de séjour)		
T_RIPaaFI	SEJ_FIN	string	string	1		2010		2006,2007,2008,2009	Nature d'interruption ou de fin de séjour		
T_RIPaaFI	SOR_ANN	string	string	4		2010	2019	2006,2007,2008,2009,2020,2021,2022,2023,2024	Année de la date de fin de séjour		
T_RIPaaFI	SOR_MOI	string	string	2		2010	2019	2006,2007,2008,2009,2020,2021,2022,2023,2024	Mois de la date de fin de séjour		
T_RIPaaFI	TYP_ART	string	string	1	MS_ENR_V	2010		2006,2007,2008,2009	Type d'enregistrement		
T_RIPaaFL	ACT_NBR	integer	number	2		2012		2006,2007,2008,2009,2010,2011	Quantité acte		
T_RIPaaFL	ANN_MOI	string	string	6		2012	2019	2006,2007,2008,2009,2010,2011,2020,2021,2022,2023,2024	Mois et année		
T_RIPaaFL	DEL_DAT_ENT	integer	number	5		2012		2006,2007,2008,2009,2010,2011	délai par rapport à la date d'entrée		
T_RIPaaFL	ETA_NUM_EPMSI	string	string	9		2012		2006,2007,2008,2009,2010,2011	N° FINESS		
T_RIPaaFL	ETA_NUM_TWO	string	string	9		2012		2006,2007,2008,2009,2010,2011	Numéro FINESS de l’établissement (site géographique)		
T_RIPaaFL	EXE_SOI_AMD	string	string	6		2020		2006,2007,2008,2009,2010,2011,2012,2013,2014,2015,2016,2017,2018,2019	Date d'entrée séjour (format Mois - Année)		
T_RIPaaFL	EXE_SOI_DTD	date	date	8		2020		2006,2007,2008,2009,2010,2011,2012,2013,2014,2015,2016,2017,2018,2019	Date d'entrée séjour		
T_RIPaaFL	FAC_NUM	string	string	3		2012		2006,2007,2008,2009,2010,2011	N° séquentiel de facture		
T_RIPaaFL	NABM_COD	string	string	8	IR_BIO_R	2012		2006,2007,2008,2009,2010,2011	Code acte		
T_RIPaaFL	PSH_DMT	string	string	3		2012		2006,2007,2008,2009,2010,2011	Discipline de prestation (ex DMT)		
T_RIPaaFL	PSH_MDT	string	string	2		2012		2006,2007,2008,2009,2010,2011	Mode de traitement		
T_RIPaaFL	RIP_NUM	string	string	6		2012		2006,2007,2008,2009,2010,2011	Numéro séquentiel de séjour (idem RPSA)		
T_RIPaaFL	TYP_ART	string	string	1	MS_ENR_V	2012		2006,2007,2008,2009,2010,2011	Type d'enregistrement		
T_RIPaaFM	ACT_ANN	string	string	4		2010	2019	2006,2007,2008,2009,2020,2021,2022,2023,2024	Année de la date de l'acte		
T_RIPaaFM	ACT_DAT_COMP	string	string	1		2010		2006,2007,2008,2009	Compatible avec la date de l'acte		
T_RIPaaFM	ACT_MOI	string	string	2		2010	2019	2006,2007,2008,2009,2020,2021,2022,2023,2024	Mois de la date de l'acte		
T_RIPaaFM	ACV_ACT	string	string	1		2010		2006,2007,2008,2009	Activité		
T_RIPaaFM	ANP_ACT	string	string	1		2010		2006,2007,2008,2009	Association non prévue		
T_RIPaaFM	CCAM_COD	string	string	13	XC_ACT_R	2010		2006,2007,2008,2009	Code CCAM		
T_RIPaaFM	DEL_DAT_ENT	integer	number	5		2013		2006,2007,2008,2009,2010,2011,2012	Délai par rapport à la date d'entrée		
T_RIPaaFM	DENT_NUM_1	string	string	2		2010		2006,2007,2008,2009	N° dent 1		
T_RIPaaFM	DENT_NUM_10	string	string	2		2010		2006,2007,2008,2009	N° dent 10		
T_RIPaaFM	DENT_NUM_11	string	string	2		2010		2006,2007,2008,2009	N° dent 11		
T_RIPaaFM	DENT_NUM_12	string	string	2		2010		2006,2007,2008,2009	N° dent 12		
T_RIPaaFM	DENT_NUM_13	string	string	2		2010		2006,2007,2008,2009	N° dent 13		
T_RIPaaFM	DENT_NUM_14	string	string	2		2010		2006,2007,2008,2009	N° dent 14		
T_RIPaaFM	DENT_NUM_15	string	string	2		2010		2006,2007,2008,2009	N° dent 15		
T_RIPaaFM	DENT_NUM_16	string	string	2		2010		2006,2007,2008,2009	N° dent 16		
T_RIPaaFM	DENT_NUM_2	string	string	2		2010		2006,2007,2008,2009	N° dent 2		
T_RIPaaFM	DENT_NUM_3	string	string	2		2010		2006,2007,2008,2009	N° dent 3		
T_RIPaaFM	DENT_NUM_4	string	string	2		2010		2006,2007,2008,2009	N° dent 4		
T_RIPaaFM	DENT_NUM_5	string	string	2		2010		2006,2007,2008,2009	N° dent 5		
T_RIPaaFM	DENT_NUM_6	string	string	2		2010		2006,2007,2008,2009	N° dent 6		
T_RIPaaFM	DENT_NUM_7	string	string	2		2010		2006,2007,2008,2009	N° dent 7		
T_RIPaaFM	DENT_NUM_8	string	string	2		2010		2006,2007,2008,2009	N° dent 8		
T_RIPaaFM	DENT_NUM_9	string	string	2		2010		2006,2007,2008,2009	N° dent 9		
T_RIPaaFM	DOC_ACT	string	string	1		2010		2006,2007,2008,2009	Extension documentaire		
T_RIPaaFM	ETA_NUM_EPMSI	string	string	9		2010		2006,2007,2008,2009	N° FINESS		
T_RIPaaFM	ETA_NUM_TWO	string	string	9		2010		2006,2007,2008,2009	Numéro FINESS de l’établissement (site géographique)		
T_RIPaaFM	EXE_SOI_AMD	string	string	6		2020		2006,2007,2008,2009,2010,2011,2012,2013,2014,2015,2016,2017,2018,2019	Date d'entrée séjour (format Mois - Année)		
T_RIPaaFM	EXE_SOI_DTD	date	date	8		2020		2006,2007,2008,2009,2010,2011,2012,2013,2014,2015,2016,2017,2018,2019	Date d'entrée séjour		
T_RIPaaFM	FAC_NUM	string	string	3		2010		2006,2007,2008,2009	N° séquentiel de facture		
T_RIPaaFM	MOD_ACT1	string	string	1		2010		2006,2007,2008,2009	Modificateur 1		
T_RIPaaFM	MOD_ACT2	string	string	1		2010		2006,2007,2008,2009	Modificateur 2		
T_RIPaaFM	MOD_ACT3	string	string	1		2010		2006,2007,2008,2009	Modificateur 3		
T_RIPaaFM	MOD_ACT4	string	string	1		2010		2006,2007,2008,2009	Modificateur 4		
T_RIPaaFM	PHA_ACT	string	string	1		2010		2006,2007,2008,2009	Phase		
T_RIPaaFM	PSH_DMT	string	string	3		2010		2006,2007,2008,2009	Discipline de prestation (ex DMT)		
T_RIPaaFM	PSH_MDT	string	string	2		2010		2006,2007,2008,2009	Mode de traitement		
T_RIPaaFM	REM_EXP_ACT	string	string	1		2010		2006,2007,2008,2009	Code remb exceptionnel		
T_RIPaaFM	RIP_NUM	string	string	6		2010		2006,2007,2008,2009	Numéro séquentiel de séjour (idem RPSA)		
T_RIPaaFM	TYP_ART	string	string	1	MS_ENR_V	2010		2006,2007,2008,2009	Type d'enregistrement		
T_RIPaaFP	DEL_DAT_ENT	integer	number	5		2013		2006,2007,2008,2009,2010,2011,2012	Délai par rapport à la date d'entrée		
T_RIPaaFP	ENT_ANN	string	string	4		2010	2019	2006,2007,2008,2009,2020,2021,2022,2023,2024	Année de la date de début de séjour		
T_RIPaaFP	ENT_MOI	string	string	2		2010	2019	2006,2007,2008,2009,2020,2021,2022,2023,2024	Mois de la date de début de séjour		
T_RIPaaFP	ETA_NUM_EPMSI	string	string	9		2010		2006,2007,2008,2009	N° FINESS		
T_RIPaaFP	ETA_NUM_TWO	string	string	9		2010		2006,2007,2008,2009	Numéro FINESS de l’établissement (site géographique)		
T_RIPaaFP	EXE_SOI_AMD	string	string	6		2020		2006,2007,2008,2009,2010,2011,2012,2013,2014,2015,2016,2017,2018,2019	Date d'entrée séjour (format Mois - Année)		
T_RIPaaFP	EXE_SOI_DTD	date	date	8		2020		2006,2007,2008,2009,2010,2011,2012,2013,2014,2015,2016,2017,2018,2019	Date d'entrée séjour		
T_RIPaaFP	FAC_MNT	integer	number	7		2010		2006,2007,2008,2009	Montant total facturé		
T_RIPaaFP	FAC_NUM	string	string	3		2010		2006,2007,2008,2009	N° séquentiel de facture		
T_RIPaaFP	LPP_COD	string	string	13		2010		2006,2007,2008,2009	Code référence LPP		
T_RIPaaFP	LPP_PRI_UNI	integer	number	7		2010		2006,2007,2008,2009	Prix d'achat unitaire		
T_RIPaaFP	LPP_PU_DEV	integer	number	7		2010		2006,2007,2008,2009	Tarif référence LPP/ Prix Unitaire sur devis		
T_RIPaaFP	LPP_QUA	integer	number	2		2010		2006,2007,2008,2009	Quantité		
T_RIPaaFP	MNT_UNI_ECA	integer	number	7		2010		2006,2007,2008,2009	Montant unitaire de l'écart indemnisable		
T_RIPaaFP	RIP_NUM	string	string	6		2010		2006,2007,2008,2009	Numéro séquentiel de séjour (idem RPSA)		
T_RIPaaFP	TIP_PRS_IDE	integer	number	13	NT_LPP	2010		2006,2007,2008,2009	Code référence LPP (format numérique)		
T_RIPaaFP	TOT_MNT_ECA	integer	number	7		2010		2006,2007,2008,2009	Montant total de l'écart indemnisable		
T_RIPaaFP	TYP_ART	string	string	1	MS_ENR_V	2010		2006,2007,2008,2009	Type d'enregistrement		
T_RIPaaISOCONT_CTL	ANN	string	string	4.0		2006			Année période transmission		
T_RIPaaISOCONT_CTL	COD_ERR	string	string	5.0		2006			Code erreur		
T_RIPaaISOCONT_CTL	ETA_NUM_EPMSI	string	string	9.0		2006			Numéro FINESS e-PMSI		
T_RIPaaISOCONT_CTL	ETA_NUM_GEO	string	string	9.0		2006			Numéro FINESS géographique		
T_RIPaaISOCONT_CTL	MOI	string	string	2.0		2006			Mois période transmission		
T_RIPaaISOCONT_CTL	RIP_NUM	string	string	6.0		2006			Numéro séquentiel séjour		
T_RIPaaISOCONT_CTL	SEQ_ISO_NUM	string	string	3.0		2006			Numéro séquentiel de séquence au sein du séjour		
T_RIPaaISOCONT_CTL	SEQ_NUM	string	string	6.0		2006			Numéro séquentiel de séjour		
T_RIPaaISOCONT_CTL	SEQ_SEQ_NUM	string	string	5.0		2006			Numéro séquentiel de la séquence d’isolement ou de contention		
T_RIPaaISOCONT_CTL	MES_ORD_NUM	string	string			2006			Numéro séquentiel de la séquence d’isolement ou de contention		
T_RIPaaR3A	ACT_LIB_IND	string	string	1		2007		2006	Indicateur d'anomalie	1: présence d'anomalie dans le RPS; 0: absence d'anomalie dans le RPS	
T_RIPaaR3A	ACT_LIEU	string	string	3		2007		2006	Lieu de l’acte	L01 à L10	
T_RIPaaR3A	ACT_MOD	string	string	1		2021		2006,2007,2008,2009,2010,2011,2012,2013,2014,2015,2016,2017,2018,2019,2020	Modalité de réalisation de l'acte		
T_RIPaaR3A	ACT_NAT	string	string	1		2007		2006	Nature de l’acte	E,D,G,A,R	
T_RIPaaR3A	AGE_ANN	integer	number	3		2007		2006	Age du patient en années à la date de réalisation de l'acte		
T_RIPaaR3A	AGE_JOU	integer	number	3		2007		2006	Age du patient en jours pour les enfants de moins d'un an		
T_RIPaaR3A	ANO_IND	string	string	1		2012		2006,2007,2008,2009,2010,2011	Indicateur d'anomalie	L si oui	
T_RIPaaR3A	BDI_COD	string	string	5		2007		2006	Code géographique de résidence		
T_RIPaaR3A	BDI_DEP	string	string	2		2007		2006	Code département de résidence		
T_RIPaaR3A	COD_POST	string	string	5		2020		2006,2007,2008,2009,2010,2011,2012,2013,2014,2015,2016,2017,2018,2019	Code postal		
T_RIPaaR3A	COD_SEX	string	string	1		2007		2006	Sexe du patient		
T_RIPaaR3A	DGN_PAL	string	string	6	MS_CIM_V	2007		2006	Diagnostic principal ou motif de prise en charge principale	CIM 10 + extensions (*)	
T_RIPaaR3A	ETA_NUM_EPMSI	string	string	9		2007		2006	N° FINESS		
T_RIPaaR3A	ETA_NUM_TWO	string	string	9		2007		2006	Second n° FINESS		
T_RIPaaR3A	ETB_SAN_AUTOR	string	string	1		2017		2006,2007,2008,2009,2010,2011,2012,2013,2014,2015,2016	Indicateur FINESS géographique sans autorisation	défaut: blanc; 1: sans autorisation	
T_RIPaaR3A	EXE_SOI_AMD	string	string	6		2020		2006,2007,2008,2009,2010,2011,2012,2013,2014,2015,2016,2017,2018,2019	Date de l'acte (format Mois-Année)		
T_RIPaaR3A	EXE_SOI_DTD	date	date	8		2020		2006,2007,2008,2009,2010,2011,2012,2013,2014,2015,2016,2017,2018,2019	Date de l'acte		
T_RIPaaR3A	FOR_ACT	string	string	2		2012		2006,2007,2008,2009,2010,2011	Forme d'activité	30, 31	
T_RIPaaR3A	FOR_NUM	string	string	3		2007		2006	N° format		
T_RIPaaR3A	FOR_NUM_ORI	string	string	3		2007		2006	N° format RIM d'orgine		
T_RIPaaR3A	INT_NBR	integer	number	1		2007		2006	Nombre d’intervenants		
T_RIPaaR3A	IPP_IRR_CRY	string	string	16		2007		2006	Cryptage irreversible de l'IPP		
T_RIPaaR3A	MOD_SOI	string	string	1		2012		2006,2007,2008,2009,2010,2011	Mode légal de soins		
T_RIPaaR3A	NAT_PEC	string	string	2		2007	2011	2006,2012,2013,2014,2015,2016,2017,2018,2019,2020,2021,2022,2023,2024	Nature de prise en charge		
T_RIPaaR3A	NBR_DGN	integer	number	1		2007		2006	Nombre de diagnostics et facteurs associés		
T_RIPaaR3A	NUM_UM	integer	number	4		2023		2006,2007,2008,2009,2010,2011,2012,2013,2014,2015,2016,2017,2018,2019,2020,2021,2022	N° séquentiel UM		
T_RIPaaR3A	ORD_NUM	string	string	8		2007		2006	N° d'ordre		
T_RIPaaR3A	POST_DEP	string	string	2		2020		2006,2007,2008,2009,2010,2011,2012,2013,2014,2015,2016,2017,2018,2019	Code postal		
T_RIPaaR3A	PRO_CAT	string	string	1		2007		2006	Catégorie professionnelle de l’intervenant	M,I,P,A,R,E,S,X,Y	
T_RIPaaR3A	RAL_ACT_ANN	string	string	4		2007	2019	2006,2020,2021,2022,2023,2024	Année de la date de réalisation de l'acte		
T_RIPaaR3A	RAL_ACT_MOI	string	string	2		2007	2019	2006,2020,2021,2022,2023,2024	Mois de la date de réalisation de l'acte		
T_RIPaaR3A	SEC_NUM	string	string	5		2007		2006	N°de secteur ou de dispositif intersectoriel		
T_RIPaaR3A	SEJ_IDT	string	string	5		2007		2006	Identifiant de séjour		
T_RIPaaR3AD	ASS_DGN	string	string	6	MS_CIM_V	2007		2006	Diagnostics et facteurs associés		
T_RIPaaR3AD	ETA_NUM_EPMSI	string	string	9		2007		2006	N° FINESS		
T_RIPaaR3AD	ETA_NUM_TWO	string	string	9		2007		2006	Second n° FINESS		
T_RIPaaR3AD	IPP_IRR_CRY	string	string	16		2007		2006	Cryptage irreversible de l'IPP		
T_RIPaaR3AD	ORD_NUM	string	string	8		2007		2006	N° d'ordre		
T_RIPaaR3AD	SEJ_IDT	string	string	5		2011		2006,2007,2008,2009,2010	Identifiant de séjour		
T_RIPaaRSA	AGE_ANN	integer	number	3.0		2007		2006	Age du patient en années		
T_RIPaaRSA	AGE_JOU	integer	number	3.0		2007		2006	Age du patient en jours pour les enfants de moins d'un an		
T_RIPaaRSA	ANO_IND	string	string	1.0		2012		2006,2007,2008,2009,2010,2011	Indicateur d'anomalie	1: présence d'anomalie dans le RPS; 0: absence d'anomalie dans le RPS	
T_RIPaaRSA	BDI_COD	string	string	5.0		2007		2006	Code géographique de résidence		
T_RIPaaRSA	BDI_DEP	string	string	2.0		2007		2006	Code département de résidence		
T_RIPaaRSA	COD_POST	string	string	5.0		2020		2006,2007,2008,2009,2010,2011,2012,2013,2014,2015,2016,2017,2018,2019	Code postal		
T_RIPaaRSA	COD_SEX	string	string	1.0		2007		2006	Sexe du patient	1=homme, 2=femme	
T_RIPaaRSA	DEL_DAT	integer	number	4.0		2007	2019	2006,2020,2021,2022,2023,2024	Délai entre la date de début de la séquence et la date d'entrée du séjour		
T_RIPaaRSA	DGN_PAL	string	string	6.0	MS_CIM_V	2007		2006	Diagnostic principal ou motif de prise en charge principale	CIM 10 + extensions	
T_RIPaaRSA	ENT_DEL_DAT	string	string	1.0		2020		2006,2007,2008,2009,2010,2011,2012,2013,2014,2015,2016,2017,2018,2019	Acte CCAM Numéro 1 : Délai depuis l'entrée séjour	Date de l'acte - Date début d'entrée + 1	
T_RIPaaRSA	ENT_MOD	string	string	1.0	MS_PRV_V	2007		2006	Mode d'entrée de séjour	nomenclature 'codes mouvements' : http://www.atih.sante.fr/index.php?id=0004100005FF	
T_RIPaaRSA	ENT_PRV	string	string	1.0	MS_PRV_V	2007		2006	Provenance		
T_RIPaaRSA	ETA_NUM_EPMSI	string	string	9.0		2007		2006	N° FINESS		
T_RIPaaRSA	ETA_NUM_TWO	string	string	9.0		2007		2006	Second n° FINESS		
T_RIPaaRSA	ETB_SAN_AUTOR	string	string	1.0		2017		2006,2007,2008,2009,2010,2011,2012,2013,2014,2015,2016	Indicateur FINESS géographique sans autorisation	défaut: blanc; 1: sans autorisation	
T_RIPaaRSA	FOR_ACT	string	string	2.0		2012		2006,2007,2008,2009,2010,2011	Forme d'activité		
T_RIPaaRSA	FOR_NUM	string	string	3.0		2007		2006	N° format		
T_RIPaaRSA	FOR_NUM_ORI	string	string	3.0		2007		2006	N° format RIM d'orgine		
T_RIPaaRSA	IPP_IRR_CRY	string	string	16.0		2007		2006	Cryptage irreversible de l'IPP		
T_RIPaaRSA	MOD_SOI	string	string	1.0		2012		2006,2007,2008,2009,2010,2011	Mode légal de soins		
T_RIPaaRSA	NAT_PEC	string	string	2.0		2007	2011	2006,2012,2013,2014,2015,2016,2017,2018,2019,2020,2021,2022,2023,2024	Nature de prise en charge		
T_RIPaaRSA	NBR_CCAM	integer	number			2017		2006,2007,2008,2009,2010,2011,2012,2013,2014,2015,2016	Nombre d'actes CCAM		
T_RIPaaRSA	NBR_DGN	integer	number	2.0		2007		2006	Nombre de diagnostics et facteurs associés		
T_RIPaaRSA	NUM_UM	integer	number	4.0		2023		2006,2007,2008,2009,2010,2011,2012,2013,2014,2015,2016,2017,2018,2019,2020,2021,2022	N° séquentiel UM		
T_RIPaaRSA	POST_DEP	string	string	5.0		2020		2006,2007,2008,2009,2010,2011,2012,2013,2014,2015,2016,2017,2018,2019	Code postal		
T_RIPaaRSA	PRE_DEM_JOU_NBJ	integer	number	3.0		2007		2006	Nombre de demi-journées de présence		
T_RIPaaRSA	PRE_JOU_NBJ	integer	number	3.0		2007		2006	Nombre de jours de présence		
T_RIPaaRSA	RIP_NUM	string	string	6.0		2007		2006	N° séquentiel de séjour		
T_RIPaaRSA	SCO_DEP_ALI	string	string	1.0		2007		2006	Score pour la dépendance pour l’alimentation (AVQ)		
T_RIPaaRSA	SCO_DEP_COM	string	string	1.0		2012		2006,2007,2008,2009,2010,2011	Score dépendance communication (AVQ)		
T_RIPaaRSA	SCO_DEP_CON	string	string	1.0		2007		2006	Score pour la dépendance pour la continence (AVQ)		
T_RIPaaRSA	SCO_DEP_CPT	string	string	1.0		2007		2006	Score pour la dépendance pour le comportement (AVQ)		
T_RIPaaRSA	SCO_DEP_DPL	string	string	1.0		2007		2006	Score pour la dépendance pour le déplacement/Locomotion (AVQ)		
T_RIPaaRSA	SCO_DEP_HAB	string	string	1.0		2007		2006	Score pour la dépendance pour l’habillage (AVQ)		
T_RIPaaRSA	SCO_DEP_REL	string	string	1.0		2007	2011	2006,2012,2013,2014,2015,2016,2017,2018,2019,2020,2021,2022,2023,2024	Score pour la dépendance pour la relation (AVQ)		
T_RIPaaRSA	SEC_NUM	string	string	5.0		2007		2006	N°de secteur ou de dispositif intersectoriel		
T_RIPaaRSA	SEJ_IDT	string	string	5.0		2007		2006	Identifiant de séjour		
T_RIPaaRSA	SEJ_LEG	string	string	1.0		2007	2011	2006,2012,2013,2014,2015,2016,2017,2018,2019,2020,2021,2022,2023,2024	Mode légal de séjour		
T_RIPaaRSA	SEQ_COU_NBJ	integer	number	3.0		2007		2006	Nombre de jours couverts par la séquence		
T_RIPaaRSA	SEQ_DER_IND	string	string	1.0		2007		2006	Indicateur de dernière séquence du séjour		
T_RIPaaRSA	SEQ_FIN_ANN	string	string	4.0		2007		2006	Année de la date de fin de séquence		
T_RIPaaRSA	SEQ_FIN_MOI	string	string	2.0		2007		2006	Mois de la date de fin de séquence		
T_RIPaaRSA	SEQ_IND	string	string	1.0		2007	2020	2006,2021,2022,2023,2024	Indicateur de séquence correspondant à une sortie d’essai		
T_RIPaaRSA	SEQ_PRE_IND	string	string	1.0		2007		2006	Indicateur de première séquence du séjour		
T_RIPaaRSA	SEQ_SEQ_NUM	string	string	3.0		2007		2006	N° séquentiel de séquence au sein du séjour		
T_RIPaaRSA	SOR_DES	string	string	1.0	MS_SOR_V	2007		2006	Destination		
T_RIPaaRSA	SOR_MOD	string	string	1.0	MS_SOR_V	2007		2006	Mode de sortie de séjour	nomenclature 'codes mouvements' : http://www.atih.sante.fr/index.php?id=0004100005FF	
T_RIPaaRSA	THE_ISO_NBJ	integer	number	3.0		2007		2006	Nombre de jours d’isolement thérapeutique		
T_RIPaaRSA	THE_MS_IND	string	string	1.0		2007		2006	Indicateur d’accompagnement thérapeutique en milieu scolaire		
T_RIPaaRSA	TYP_GEN_RSA	string	string	1.0		2015		2006,2007,2008,2009,2010,2011,2012,2013,2014	Type de génération automatique du RPSA	0 : pas de génération automatique ; 2 : médecin salariés	
T_RIPaaRSAD	ASS_DGN	string	string	6	MS_CIM_V	2007		2006	Diagnostics et facteurs associés		
T_RIPaaRSAD	ETA_NUM_EPMSI	string	string	9		2007		2006	N° FINESS		
T_RIPaaRSAD	ETA_NUM_TWO	string	string	9		2007		2006	Second n° FINESS		
T_RIPaaRSAD	IPP_IRR_CRY	string	string	16		2007		2006	Cryptage irreversible de l'IPP		
T_RIPaaRSAD	RIP_NUM	string	string	6		2007		2006	N° séquentiel de séjour		
T_RIPaaRSAD	SEJ_IDT	string	string	5		2011		2006,2007,2008,2009,2010	Identifiant de séjour		
T_RIPaaRSAD	SEQ_SEQ_NUM	string	string	3		2007		2006	N° séquentiel de séquence au sein du séjour		
T_RIPaaS	COD_SEX	string	string	1		2015		2006,2007,2008,2009,2010,2011,2012,2013,2014	Sexe du patient	Récupéré sur la dernière séquence du séjour trouvé	
T_RIPaaS	ENT_MOD	string	string	1	MS_PRV_V	2015		2006,2007,2008,2009,2010,2011,2012,2013,2014	Mode d’entrée		
T_RIPaaS	ENT_PRV	string	string	1	MS_PRV_V	2015		2006,2007,2008,2009,2010,2011,2012,2013,2014	Provenance		
T_RIPaaS	ETA_NUM_EPMSI	string	string	9		2015		2006,2007,2008,2009,2010,2011,2012,2013,2014	N° FINESS		
T_RIPaaS	ETA_NUM_TWO	string	string	9		2015		2006,2007,2008,2009,2010,2011,2012,2013,2014	Numéro FINESS géographique		
T_RIPaaS	FOR_NUM	string	string	3		2015		2006,2007,2008,2009,2010,2011,2012,2013,2014	Numéro de version du format de SRPSA	P60 (inscrit par PIVOINE)	
T_RIPaaS	HOS_TYP	string	string	1		2015		2006,2007,2008,2009,2010,2011,2012,2013,2014	Type d'hospitalisation	à calculer par PIVOINE: Récupéré sur la dernière séquence trouvée du séjour; 1 si temps complet (forme d'activité = 01 02 03 04 05 06 07); 2 si temps partiel (forme d'activité = 20 21 23)	
T_RIPaaS	RIP_NUM	string	string	6		2015		2006,2007,2008,2009,2010,2011,2012,2013,2014	N° séquentiel de séjour	calculé par PIVOINE; idem RPSA	
T_RIPaaS	SEJ_DUREE	integer	number	5		2015		2006,2007,2008,2009,2010,2011,2012,2013,2014	Durée couverte par les séquences	toujours renseigné; à calculer par PIVOINE:  délais entre le début de la dernière séquence du séjour et le début du séjour + nombre de jours couverts par la dernière séquence du séjour	
T_RIPaaS	SEJ_FINI	string	string	1		2015		2006,2007,2008,2009,2010,2011,2012,2013,2014	Indicateur de séjour terminé	à calculer par PIVOINE: correspond à l' "Indicateur de dernière séquence du séjour" de la dernière séquence trouvée du séjour1=oui;2=non	
T_RIPaaS	SEJ_NBJ	integer	number	6		2017		2006,2007,2008,2009,2010,2011,2012,2013,2014,2015,2016	Nombre de journées de présence	format 5+1                                                                                                         calculé par PIVOINE:                                                                                     somme des journées de présence en hospitalisation complète (formes d'activité 01,02,03,04,05, 06 et 07);                                                             somme des jours de présence et (demi-journées de présence *0,5) en hospitalisation partielle (formes d'acitivité 20,21,22, 23);	
T_RIPaaS	SEJ_NBJ_CPLT	string	string	5		2015	2016	2006,2007,2008,2009,2010,2011,2012,2013,2014,2017,2018,2019,2020,2021,2022,2023,2024	Nombre de journées de présence en hospitalisation complète	à calculer par PIVOINE: somme des journées de présence en hospitalisation complète (formes d'activité 01,02,03,04,05, 06 et 07); sinon vide	
T_RIPaaS	SEJ_NBJ_PARTL	string	string	5		2015	2016	2006,2007,2008,2009,2010,2011,2012,2013,2014,2017,2018,2019,2020,2021,2022,2023,2024	Nombre de journées et demies journées en hospitalisation partielle	Attention: format 4+1                                                                                                                  à calculer par PIVOINE: somme des jours de présence et (demi-journées de présence *0,5) en hospitalisation partielle (formes d'acitivité 20,21,22, 23); sinon vide	
T_RIPaaS	SOR_ANN	string	string	4		2015		2006,2007,2008,2009,2010,2011,2012,2013,2014	Année de la date de sortie du séjour	non renseignée si séjour non terminé	
T_RIPaaS	SOR_DES	string	string	1	MS_SOR_V	2015		2006,2007,2008,2009,2010,2011,2012,2013,2014	Destination	non renseignée si séjour non terminé	
T_RIPaaS	SOR_MOD	string	string	1	MS_SOR_V	2015		2006,2007,2008,2009,2010,2011,2012,2013,2014	Mode de sortie	non renseignée si séjour non terminé	
T_RIPaaS	SOR_MOI	string	string	2		2015		2006,2007,2008,2009,2010,2011,2012,2013,2014	Mois de la date de sortie du séjour	non renseigné si séjour non terminé	
T_RIPaaS	TYP_GEN_RSA	string	string	1		2015		2006,2007,2008,2009,2010,2011,2012,2013,2014	Type de génération automatique du RPSA	0 : pas de génération automatique ; 2 : médecin salariés	
T_RIPaaSTC	AME_DEB_FAC	string	string	6		2017		2006,2007,2008,2009,2010,2011,2012,2013,2014,2015,2016	Date d’entrée (Année + Mois)		
T_RIPaaSTC	AME_FIN_FAC	string	string	6		2017		2006,2007,2008,2009,2010,2011,2012,2013,2014,2015,2016	Date de sortie (Année + Mois)		
T_RIPaaSTC	AME_PEC	string	string	8		2017		2006,2007,2008,2009,2010,2011,2012,2013,2014,2015,2016	Prise en charge établie le (Année + Mois)		
T_RIPaaSTC	ART_51	string	string	1		2022		2006,2007,2008,2009,2010,2011,2012,2013,2014,2015,2016,2017,2018,2019,2020,2021	Article 51	Cette variable permet d’Identifier les séjours et actes et consultations externes relevant des expérimentations de l’article 51	
T_RIPaaSTC	ART_51_RET	string	string	1		2022		2006,2007,2008,2009,2010,2011,2012,2013,2014,2015,2016,2017,2018,2019,2020,2021	Code retour contrôle Article 51		
T_RIPaaSTC	BEN_CMU	string	string	1		2011		2006,2007,2008,2009,2010	Patient bénéficiaire de la CMU		
T_RIPaaSTC	BEN_CMU_CTL	string	string	1		2011		2006,2007,2008,2009,2010	Code retour contrôle « Patient bénéficiaire de la CMU »		
T_RIPaaSTC	BEN_NIR_ANO_CTL	string	string	1		2018	2018	2006,2007,2008,2009,2010,2011,2012,2013,2014,2015,2016,2017,2019,2020,2021,2022,2023,2024	Code retour contrôle "BEN_NIR_ANO"		
T_RIPaaSTC	CAI_GES	string	string	3		2014		2006,2007,2008,2009,2010,2011,2012,2013	N° caisse gestionnaire		
T_RIPaaSTC	CAI_GES_CTL	string	string	1		2014		2006,2007,2008,2009,2010,2011,2012,2013	Code retour contrôle « N° caisse gestionnaire »		
T_RIPaaSTC	CAI_NUM	string	string	3		2017		2006,2007,2008,2009,2010,2011,2012,2013,2014,2015,2016	Délivrée par	Code de l’organisme ayant délivré l’attestation dedroits, la carte Vitale ou la prise en charge. (A prendre sur l’attestation de droits, la carte Vitale ou la prise en charge)	
T_RIPaaSTC	CAI_NUM_CTL	string	string	1		2017		2006,2007,2008,2009,2010,2011,2012,2013,2014,2015,2016	Code retour contrôle "Délivrée par"		
T_RIPaaSTC	CENT_GES	string	string	4		2014		2006,2007,2008,2009,2010,2011,2012,2013	N° centre gestionnaire		
T_RIPaaSTC	CENT_GES_CTL	string	string	1		2014		2006,2007,2008,2009,2010,2011,2012,2013	Code retour contrôle « N° centre gestionnaire »		
T_RIPaaSTC	COD_PEC_CTL	string	string	1		2011		2006,2007,2008,2009,2010	Code retour contrôle « code de prise en charge du forfait journalier »		
T_RIPaaSTC	CTR_TYP	string	string	2		2011		2006,2007,2008,2009,2010	Type de contrat souscrit auprès d'un organisme complémentaire		
T_RIPaaSTC	CTR_TYP_CTL	string	string	1		2011		2006,2007,2008,2009,2010	Code retour contrôle « type de contrat souscrit auprès d'un organisme complémentaire »		
T_RIPaaSTC	DAT_DEB_FAC	date	date	8		2017		2006,2007,2008,2009,2010,2011,2012,2013,2014,2015,2016	Date d’entrée	Date d’entrée de l’hospitalisé dans l’établissement qui présente la facture (ou date de début de facturation). ATTENTION format différent de B2 JJMMAAAA	
T_RIPaaSTC	DAT_DEB_FAC_CTL	string	string	1		2017		2006,2007,2008,2009,2010,2011,2012,2013,2014,2015,2016	Code retour contrôle "Date d’entrée"		
T_RIPaaSTC	DAT_FIN_FAC	date	date	8		2017		2006,2007,2008,2009,2010,2011,2012,2013,2014,2015,2016	Date de sortie	Indiquer la date de sortie réelle si tel est le cas, ou la date limite de facturation s’il s’agit d’une facturation partielle. ATTENTION format différent de B2 JJMMAAAA	
T_RIPaaSTC	DAT_FIN_FAC_CTL	string	string	1		2017		2006,2007,2008,2009,2010,2011,2012,2013,2014,2015,2016	Code retour contrôle "Date de sortie"		
T_RIPaaSTC	DAT_HOS	string	string	8		2013		2006,2007,2008,2009,2010,2011,2012	Identifiant anonyme d'hospitalisation		
T_RIPaaSTC	DAT_HOS_CTL	string	string	1		2013		2006,2007,2008,2009,2010,2011,2012	Code retour contrôle « Date de l’hospitalisation »		
T_RIPaaSTC	DAT_PEC	string	string	8		2017		2006,2007,2008,2009,2010,2011,2012,2013,2014,2015,2016	Prise en charge établie le	Obligatoire si l’établissement a indiqué qu’il possède une prise en charge. Indiquer la date de prise en charge par l’organisme d’Assurance maladie.ATTENTION format différent de B2 JJMMAAAA	
T_RIPaaSTC	DAT_PEC_CTL	string	string	1		2017		2006,2007,2008,2009,2010,2011,2012,2013,2014,2015,2016	Code retour contrôle "Prise en charge établie le"		
T_RIPaaSTC	ENT_NUM	string	string	9		2014		2006,2007,2008,2009,2010,2011,2012,2013	N° d’entrée		
T_RIPaaSTC	ENT_NUM_CTL	string	string	1		2014		2006,2007,2008,2009,2010,2011,2012,2013	Code retour contrôle « N° d’entrée »		
T_RIPaaSTC	ETA_NUM_CTL	string	string	1		2018	2018	2006,2007,2008,2009,2010,2011,2012,2013,2014,2015,2016,2017,2019,2020,2021,2022,2023,2024	Code retour contrôle "ETA_NUM"		
T_RIPaaSTC	ETA_NUM_EPMSI	string	string	9		2011		2006,2007,2008,2009,2010	N° FINESS		
T_RIPaaSTC	ETA_NUM_TWO	string	string	9		2011	2012	2006,2007,2008,2009,2010,2013,2014,2015,2016,2017,2018,2019,2020,2021,2022,2023,2024	Second n° FINESS		
T_RIPaaSTC	EXO_TM	string	string	1		2011		2006,2007,2008,2009,2010	Code justification d’exonération du ticket modérateur		
T_RIPaaSTC	EXO_TM_CTL	string	string	1		2011		2006,2007,2008,2009,2010	Code retour contrôle « code justification d’exonération du ticket modérateur »		
T_RIPaaSTC	FAC_18E	string	string	1		2011		2006,2007,2008,2009,2010	Facturation du 18 euro		
T_RIPaaSTC	FAC_18E_CTL	string	string	1		2011		2006,2007,2008,2009,2010	Code retour contrôle « facturation du 18 euro »		
T_RIPaaSTC	FAC_AMC_DT	string	string	8		2018	2021	2006,2007,2008,2009,2010,2011,2012,2013,2014,2015,2016,2017,2022,2023,2024	Date de facturation AMC	Indicateur SimphonieDate de l’envoi de la FT AMC	
T_RIPaaSTC	FAC_AMC_DT_CTL	string	string	1		2018	2021	2006,2007,2008,2009,2010,2011,2012,2013,2014,2015,2016,2017,2022,2023,2024	Code retour contrôle " Date de facturation AMC "		
T_RIPaaSTC	FAC_AMO_DT	string	string	8		2018	2021	2006,2007,2008,2009,2010,2011,2012,2013,2014,2015,2016,2017,2022,2023,2024	Date de facturation AMO	Indicateur SimphonieDate de l’envoi de la FT AMO	
T_RIPaaSTC	FAC_AMO_DT_CTL	string	string	1		2018	2021	2006,2007,2008,2009,2010,2011,2012,2013,2014,2015,2016,2017,2022,2023,2024	Code retour contrôle " Date de facturation AMO "		
T_RIPaaSTC	FAC_MNT_FJ	integer	number	12		2011		2006,2007,2008,2009,2010	Montant à facturer au titre du forfait journalier		
T_RIPaaSTC	FAC_MNT_FJ_CTL	string	string	1		2011		2006,2007,2008,2009,2010	Code retour contrôle « montant à facturer au titre du forfait journalier »		
T_RIPaaSTC	FAC_MNT_TM	integer	number	12		2011		2006,2007,2008,2009,2010	Montant à facturer au titre du ticket modérateur		
T_RIPaaSTC	FAC_MNT_TM_CTL	string	string	1		2011		2006,2007,2008,2009,2010	Code retour contrôle « montant à facturer au titre du ticket modérateur»		
T_RIPaaSTC	FAC_NBR_VEN	integer	number	4		2011		2006,2007,2008,2009,2010	Nombre de venues de la facture		
T_RIPaaSTC	FAC_RAC_DT	string	string	8		2018	2021	2006,2007,2008,2009,2010,2011,2012,2013,2014,2015,2016,2017,2022,2023,2024	Date de facturation patient	Indicateur SimphonieDate de l’envoi de la FT patient	
T_RIPaaSTC	FAC_RAC_DT_CTL	string	string	1		2018	2021	2006,2007,2008,2009,2010,2011,2012,2013,2014,2015,2016,2017,2022,2023,2024	Code retour contrôle " Date de facturation patient "		
T_RIPaaSTC	FJ_COD_PEC	string	string	1		2011		2006,2007,2008,2009,2010	Code de prise en charge du forfait journalier		
T_RIPaaSTC	GES_COD	string	string	2		2014		2006,2007,2008,2009,2010,2011,2012,2013	Code gestion		
T_RIPaaSTC	GES_COD_CTL	string	string	1		2014		2006,2007,2008,2009,2010,2011,2012,2013	Code retour contrôle « code gestion »		
T_RIPaaSTC	MAJ_MNT_CTL	string	string	1		2011		2006,2007,2008,2009,2010	Code retour contrôle « montant lié à la majoration au parcours de soin »		
T_RIPaaSTC	MAJ_MNT_PS	integer	number	6		2011		2006,2007,2008,2009,2010	Montant lié à la majoration au parcours de soins		
T_RIPaaSTC	NAT_ASS	string	string	2		2011		2006,2007,2008,2009,2010	Nature d'assurance		
T_RIPaaSTC	NAT_ASS_CTL	string	string	1		2011		2006,2007,2008,2009,2010	Code retour contrôle « nature d’assurance »		
T_RIPaaSTC	NAT_PJ_DT	string	string	1		2017		2006,2007,2008,2009,2010,2011,2012,2013,2014,2015,2016	Nature de la pièce justificative des droits	JUSTIFICATION DES DROITS AMO	
T_RIPaaSTC	NAT_PJ_DT_CTL	string	string	1		2017		2006,2007,2008,2009,2010,2011,2012,2013,2014,2015,2016	Code retour contrôle "Nature de la pièce justificative des droits"		
T_RIPaaSTC	NBR_REJET_AMO	string	string	1		2018	2021	2006,2007,2008,2009,2010,2011,2012,2013,2014,2015,2016,2017,2022,2023,2024	Rejet AMO	Indicateur SimphonieNombre de fois où FT AMO a été rejetée (0 à 9)	
T_RIPaaSTC	NBR_REJET_AMO_CTL	string	string	1		2018	2021	2006,2007,2008,2009,2010,2011,2012,2013,2014,2015,2016,2017,2022,2023,2024	Code retour contrôle " Rejet AMO "		
T_RIPaaSTC	NBR_VEN_CTL	string	string	1		2011		2006,2007,2008,2009,2010	Code retour contrôle « nombre de venues de la facture »		
T_RIPaaSTC	NOE_RGM	string	string	2		2011		2006,2007,2008,2009,2010	Code grand régime		
T_RIPaaSTC	NOE_RGM_CTL	string	string	1		2011		2006,2007,2008,2009,2010	Code retour contrôle « code grand régime »		
T_RIPaaSTC	NON_FAC_AM	string	string	1		2011		2006,2007,2008,2009,2010	Motif de la non facturation à l'assurance maladie		
T_RIPaaSTC	NON_FAC_AM_CTL	string	string	1		2011		2006,2007,2008,2009,2010	Code retour contrôle « motif de la non facturation à l'assurance maladie »		
T_RIPaaSTC	NUM_DAT_AT_CTL	string	string	1		2018	2018	2006,2007,2008,2009,2010,2011,2012,2013,2014,2015,2016,2017,2019,2020,2021,2022,2023,2024	Code retour contrôle "NUM_DAT_AT"		
T_RIPaaSTC	ORG_CPL_NUM_CTL	string	string	1		2018	2018	2006,2007,2008,2009,2010,2011,2012,2013,2014,2015,2016,2017,2019,2020,2021,2022,2023,2024	Code retour contrôle "ORG_CPL_NUM"		
T_RIPaaSTC	PA_COD	string	string	1		2014		2006,2007,2008,2009,2010,2011,2012,2013	Code participation assuré		
T_RIPaaSTC	PA_COD_CTL	string	string	1		2014		2006,2007,2008,2009,2010,2011,2012,2013	Code retour contrôle « Code participation assuré »		
T_RIPaaSTC	PAI_AMC_DT	string	string	8		2018	2021	2006,2007,2008,2009,2010,2011,2012,2013,2014,2015,2016,2017,2022,2023,2024	Date de paiement AMC	Indicateur SimphonieDate à laquelle la FT AMC est payée en totalité (statut S16)	
T_RIPaaSTC	PAI_AMC_DT_CTL	string	string	1		2018	2021	2006,2007,2008,2009,2010,2011,2012,2013,2014,2015,2016,2017,2022,2023,2024	Code retour contrôle " Date de paiement AMC "		
T_RIPaaSTC	PAI_AMO_DT	string	string	8		2018	2021	2006,2007,2008,2009,2010,2011,2012,2013,2014,2015,2016,2017,2022,2023,2024	Date de paiement AMO	Indicateur SimphonieDate à laquelle la FT AMO est payée en totalité (statut S16)	
T_RIPaaSTC	PAI_AMO_DT_CTL	string	string	1		2018	2021	2006,2007,2008,2009,2010,2011,2012,2013,2014,2015,2016,2017,2022,2023,2024	Code retour contrôle " Date de paiement AMO "		
T_RIPaaSTC	PAI_RAC_DT	string	string	8		2018	2021	2006,2007,2008,2009,2010,2011,2012,2013,2014,2015,2016,2017,2022,2023,2024	Date de paiement patient	Indicateur SimphonieDate à laquelle la FT patient est payée en totalité (statut S16)	
T_RIPaaSTC	PAI_RAC_DT_CTL	string	string	1		2018	2021	2006,2007,2008,2009,2010,2011,2012,2013,2014,2015,2016,2017,2022,2023,2024	Code retour contrôle " Date de paiement patient "		
T_RIPaaSTC	PAYS_ASS_PAT	string	string	3		2018		2006,2007,2008,2009,2010,2011,2012,2013,2014,2015,2016,2017	Pays d’assurance social	Code INSEE à 5 chiffres, sans les deux premiers chiffres 99. Ou bien code ISO ISO 3166-1 Alpha-3. Pour renseigner cette donnée, il est important de prendre en compte le contexte assurantiel du patient (et non son pays d’origine).Par exemple, un patient français peut avoir une assurance étrangère (anglaise, américaine ou autre…). De même, un patient américain peut avoir une assurance anglaise ou autre. Le code pays à renseigner est bien le code pays de l’assurance du patient. » Mettre 000 ou laisser à blanc quand l’information n’est pas disponible.	
T_RIPaaSTC	PAYS_ASS_PAT_CTL	string	string	1		2018		2006,2007,2008,2009,2010,2011,2012,2013,2014,2015,2016,2017	Code retour contrôle " Pays d’assurance social "		
T_RIPaaSTC	PEC_SOI_URG	string	string	1		2015		2006,2007,2008,2009,2010,2011,2012,2013,2014	Confirmation de la prise en charge dans le cadre du dispositif des soins urgents		
T_RIPaaSTC	PEC_SOI_URG_CTL	string	string	1		2015		2006,2007,2008,2009,2010,2011,2012,2013,2014	Code retour contrôle "Confirmation de la prise en charge dans le cadre du dispositif des soins urgents"		
T_RIPaaSTC	RAC_MNT_PAT	integer	number	8		2018	2021	2006,2007,2008,2009,2010,2011,2012,2013,2014,2015,2016,2017,2022,2023,2024	Montant total du séjour facturé au patient	Indicateur SimphonieMontant facturé au titre de la part patient	
T_RIPaaSTC	RAC_MNT_PAT_CTL	string	string	1		2018	2021	2006,2007,2008,2009,2010,2011,2012,2013,2014,2015,2016,2017,2022,2023,2024	Code retour contrôle " Montant total du séjour facturé au patient "		
T_RIPaaSTC	REG_PEC_ASS	string	string	3		2017		2006,2007,2008,2009,2010,2011,2012,2013,2014,2015,2016	Régime de prestation de l’assuré	A reprendre sur la prise en charge ou laisser à 000. Cette information est obligatoire, en cas de présence de types 2B/2C, pour les bénéficiaires relevant de la subsistance « F212 », au sens du décret du 22.12.1967 (ex : bénéficiaires hospitalisés MECS, ...)	
T_RIPaaSTC	REG_PEC_ASS_CTL	string	string	1		2017		2006,2007,2008,2009,2010,2011,2012,2013,2014,2015,2016	Code retour contrôle "Régime de prestation de l’assuré"		
T_RIPaaSTC	REM_BAS_CTL	string	string	1		2011		2006,2007,2008,2009,2010	Code retour contrôle « montant base remboursement »		
T_RIPaaSTC	REM_BAS_MNT	integer	number	12		2011		2006,2007,2008,2009,2010	Montant base remboursement		
T_RIPaaSTC	REM_TAU	integer	number	7		2011		2006,2007,2008,2009,2010	Taux de remboursement		
T_RIPaaSTC	REM_TAU_CTL	string	string	1		2011		2006,2007,2008,2009,2010	Code retour contrôle « taux de remboursement »		
T_RIPaaSTC	RIP_NUM	string	string	6		2011		2006,2007,2008,2009,2010	N° séquentiel de séjour		
T_RIPaaSTC	RNG_BEN	string	string	3		2014		2006,2007,2008,2009,2010,2011,2012,2013	Rang du bénéficiaire	Attention ce n'est pas BEN_RG_GEM	
T_RIPaaSTC	RNG_BEN_CTL	string	string	1		2014		2006,2007,2008,2009,2010,2011,2012,2013	Code retour contrôle « Rang du bénéficiaire »		
T_RIPaaSTC	RNG_NAI	string	string	1		2014		2006,2007,2008,2009,2010,2011,2012,2013	Rang de naissance	Attention ce n'est pas BEN_RG_GEM	
T_RIPaaSTC	RNG_NAI_CTL	string	string	1		2014		2006,2007,2008,2009,2010,2011,2012,2013	Code retour contrôle « Rang de naissance »		
T_RIPaaSTC	SEJ_FAC_AM	string	string	1		2011		2006,2007,2008,2009,2010	Séjour facturable à l’assurance maladie		
T_RIPaaSTC	SEJ_FAC_CTL	string	string	1		2011		2006,2007,2008,2009,2010	Code retour contrôle « séjour facturable à l’assurance maladie »		
T_RIPaaSTC	TOP_ECL_FLX	string	string	1		2017		2006,2007,2008,2009,2010,2011,2012,2013,2014,2015,2016	Top éclatement des flux par l’établissement	Valeur « F » : éclatement du flux à la source par l’établissement. La part AMC est transmise sur une facture distincte (hors CMU uniquement). A blanc : Pas d’éclatement à la source.	
T_RIPaaSTC	TOP_ECL_FLX_CTL	string	string	1		2017		2006,2007,2008,2009,2010,2011,2012,2013,2014,2015,2016	Code retour contrôle "Top éclatement des flux par l’établissement"		
T_RIPaaSTC	TOT_MNT_AM	integer	number	12		2011		2006,2007,2008,2009,2010	Montant total du séjour remboursé par l’assurance maladie (i.e. hors prestations annexes)		
T_RIPaaSTC	TOT_MNT_AM_CTL	string	string	1		2011		2006,2007,2008,2009,2010	Code retour contrôle « montant total du séjour remboursé par l’assurance maladie (i.e. hors prestations annexes »)		
T_RIPaaSTC	TOT_MNT_AMC	integer	number	12		2012		2006,2007,2008,2009,2010,2011	Montant total du séjour remboursable pour l'AMC		
T_RIPaaSTC	TOT_MNT_AMC_CTL	string	string	1		2012		2006,2007,2008,2009,2010,2011	Code retour contrôle « Montant total du séjour remboursable pour l'AMC »		
T_RIPaaSTC	VALID_FAC_AMC	string	string	1		2018	2021	2006,2007,2008,2009,2010,2011,2012,2013,2014,2015,2016,2017,2022,2023,2024	Statut FT AMC	0 : avant FT validée (statut S2 à S5)1 : FT validée (statut S6 à S12, S14, S19, et S20)2 : FT en NiNi (statut S13)3 : FT payée (S15+S16+S17+S18)9 :  sans objet	
T_RIPaaSTC	VALID_FAC_AMC_CTL	string	string	1		2018	2021	2006,2007,2008,2009,2010,2011,2012,2013,2014,2015,2016,2017,2022,2023,2024	Code retour contrôle " Statut FT AMC "		
T_RIPaaSTC	VALID_FAC_AMO	string	string	1		2018	2021	2006,2007,2008,2009,2010,2011,2012,2013,2014,2015,2016,2017,2022,2023,2024	Statut FT AMO	0 : avant FT validée (statut S2 à S5)1 : FT validée (statut S6 à S12, S14, S19, et S20)2 : FT en NiNi (statut S13)3 : FT payée (S15+S16+S17+S18)9 :  sans objet	
T_RIPaaSTC	VALID_FAC_AMO_CTL	string	string	1		2018	2021	2006,2007,2008,2009,2010,2011,2012,2013,2014,2015,2016,2017,2022,2023,2024	Code retour contrôle " Statut FT AMO "		
T_RIPaaSTC	VALID_FAC_RAC	string	string	1		2018	2021	2006,2007,2008,2009,2010,2011,2012,2013,2014,2015,2016,2017,2022,2023,2024	Statut FT patient	0 : avant FT validée (statut S2 à S5)1 : FT validée (statut S6 à S12, S14, S19, et S20)2 : FT en NiNi (statut S13)3 : FT payée (S15+S16+S17+S18)9 :  sans objet	
T_RIPaaSTC	VALID_FAC_RAC_CTL	string	string	1		2018	2021	2006,2007,2008,2009,2010,2011,2012,2013,2014,2015,2016,2017,2022,2023,2024	Code retour contrôle " Statut FT patient "		
T_RIPaaSUP_DSC	ACT_COD	string	string	7		2021	2023	2006,2007,2008,2009,2010,2011,2012,2013,2014,2015,2016,2017,2018,2019,2020,2024	Code de l'acte	Actes autorisés pour PCR :INF, MED, BIO, PRA, PCRActes autorisés pour TAG :INF, MED, BIO, ADBActes autorisés indépendemment du test (type de test = 3) :CCT, SEQ (seulement pour les établissements autorisés)Type de dépistage individuel ou collectif : uniquement pour les actes de prélèvement (INF, MED, BIO)Les prestations PRA et ADB n'acceptent aucun modificateur	
T_RIPaaSUP_DSC	ANN_MOI	string	string	6		2021	2023	2006,2007,2008,2009,2010,2011,2012,2013,2014,2015,2016,2017,2018,2019,2020,2024	Année et Mois de la période de transmission		
T_RIPaaSUP_DSC	ETA_NUM	string	string	9		2021	2023	2006,2007,2008,2009,2010,2011,2012,2013,2014,2015,2016,2017,2018,2019,2020,2024	Numéro FINESS ePMSI		
T_RIPaaSUP_DSC	FIC_TYP	string	string	3		2021	2023	2006,2007,2008,2009,2010,2011,2012,2013,2014,2015,2016,2017,2018,2019,2020,2024	Type de fichier		
T_RIPaaSUP_DSC	NBR_ACT	integer	number	8		2021	2023	2006,2007,2008,2009,2010,2011,2012,2013,2014,2015,2016,2017,2018,2019,2020,2024	Nombre d'actes réalisés		
T_RIPaaSUP_DSC	PERIOD_ACT	integer	number	8		2021	2023	2006,2007,2008,2009,2010,2011,2012,2013,2014,2015,2016,2017,2018,2019,2020,2024	Période d'execution	RT-PCR :1 : 01/01/2021 - 16/03/20212 : à partir du 17/03/2021PRA et ADB :1 : 01/01/2021 - 31/03/20212 : à partir du 01/04/2021Pour les autres prestations, égal à 1 par défaut	
T_RIPaaSUP_DSC	PMP	integer	number	8		2021	2021	2006,2007,2008,2009,2010,2011,2012,2013,2014,2015,2016,2017,2018,2019,2020,2022,2023,2024	Prix moyen pondéré par l'effectif des autotests du personnel non vacciné du 08/08/2021 au 15/10/2021	Par exemple si 3 types d'autotests ont été réalisés dans une population n, test 1 au prix p1 pour n1 patients, test 2 au prix p2 pour n2 patients, test 3 au prix p3 pour n3 patients, le prix moyen pondéré (PMP) sera :PMP = (n1*p1+n2*p2+n3*p3)/n	
T_RIPaaSUP_DSC	TYP_TEST	integer	number	8		2021	2023	2006,2007,2008,2009,2010,2011,2012,2013,2014,2015,2016,2017,2018,2019,2020,2024	Type de tests	Le recueil PCR ne concerne que les établissements ex-DG et sous DAF	
T_RIPaaSUP_IUM	ANN	string	string	4		2023		2006,2007,2008,2009,2010,2011,2012,2013,2014,2015,2016,2017,2018,2019,2020,2021,2022	Année		
T_RIPaaSUP_IUM	ENT_TYP_UN	integer	number	8		2023		2006,2007,2008,2009,2010,2011,2012,2013,2014,2015,2016,2017,2018,2019,2020,2021,2022			
T_RIPaaSUP_IUM	ETA_NUM_EPMSI	string	string	9		2023		2006,2007,2008,2009,2010,2011,2012,2013,2014,2015,2016,2017,2018,2019,2020,2021,2022	Numéro FINESS e-PMSI		
T_RIPaaSUP_IUM	ETA_NUM_TWO	string	string	9		2023		2006,2007,2008,2009,2010,2011,2012,2013,2014,2015,2016,2017,2018,2019,2020,2021,2022	Numéro FINESS géographique		
T_RIPaaSUP_IUM	FOR_NUM	string	string	3		2023		2006,2007,2008,2009,2010,2011,2012,2013,2014,2015,2016,2017,2018,2019,2020,2021,2022	N° format		
T_RIPaaSUP_IUM	MOI	string	string	2		2023		2006,2007,2008,2009,2010,2011,2012,2013,2014,2015,2016,2017,2018,2019,2020,2021,2022	Mois		
T_RIPaaSUP_IUM	SEQ_UM_NUM	integer	number	8		2023		2006,2007,2008,2009,2010,2011,2012,2013,2014,2015,2016,2017,2018,2019,2020,2021,2022	Numéro séquentiel de l'UM		
T_RIPaaSUP_IUM	SOR_TYP_UN	integer	number	8		2023		2006,2007,2008,2009,2010,2011,2012,2013,2014,2015,2016,2017,2018,2019,2020,2021,2022			
T_RIPaaSUP_IUM	TYP_AUT_UM	string	string	1		2023		2006,2007,2008,2009,2010,2011,2012,2013,2014,2015,2016,2017,2018,2019,2020,2021,2022	Type d'autorisation		
T_RIPaaSUP_IUM	TYP_UN	string	string	3		2023		2006,2007,2008,2009,2010,2011,2012,2013,2014,2015,2016,2017,2018,2019,2020,2021,2022			
T_RIPaaSUP_TIE	ACT_COD	string	string	3		2019	2021	2006,2007,2008,2009,2010,2011,2012,2013,2014,2015,2016,2017,2018,2022,2023,2024	Code		
T_RIPaaSUP_TIE	ANN_MOI	string	string	6		2019	2021	2006,2007,2008,2009,2010,2011,2012,2013,2014,2015,2016,2017,2018,2022,2023,2024	Année +Moi de la période de transmission		
T_RIPaaSUP_TIE	ETA_NUM	string	string	9		2019	2021	2006,2007,2008,2009,2010,2011,2012,2013,2014,2015,2016,2017,2018,2022,2023,2024	N° FINESS e-PMSI	Récupéré sur la dernière séquence du séjour trouvé	
T_RIPaaSUP_TIE	FIC_TYP	string	string	3		2019	2021	2006,2007,2008,2009,2010,2011,2012,2013,2014,2015,2016,2017,2018,2022,2023,2024	Type de fichier		
T_RIPaaSUP_TIE	NBR_SEJ	string	string	10		2019	2019	2006,2007,2008,2009,2010,2011,2012,2013,2014,2015,2016,2017,2018,2020,2021,2022,2023,2024	Nombre de séjours		
T_RIPaaSUP_TIE	CL_DISTANCE	integer	number	8		2021	2021	2006,2007,2008,2009,2010,2011,2012,2013,2014,2015,2016,2017,2018,2019,2020,2022,2023,2024	Classe distance	00 : transports janvier et février- pour ST1, valeur égale :01 : [0-25 km[02 : [25-75 km[03 : [75-150 km[04 : [150-300 km[05 : [300-∞ km[ - pour ST2 et ST3, valeur égale :06 : [0-20 km[07 : [20-50 km[08 : [50-120 km[09 : [120-∞ km[	
T_RIPaaSUP_TIE	NBR_SUP_TRSP	integer	number	8		2021	2021	2006,2007,2008,2009,2010,2011,2012,2013,2014,2015,2016,2017,2018,2019,2020,2022,2023,2024	Nombre suppléments		
T_RIPaaSUP_VAC	ANN_MOI	string	string	6		2021	2023	2006,2007,2008,2009,2010,2011,2012,2013,2014,2015,2016,2017,2018,2019,2020,2024	Année et Mois de la période de transmission	Format AAAA, Ex : 10 pour la transmission d’octobre	
T_RIPaaSUP_VAC	ETA_NUM	string	string	9		2021	2023	2006,2007,2008,2009,2010,2011,2012,2013,2014,2015,2016,2017,2018,2019,2020,2024	Numéro FINESS ePMSI		
T_RIPaaSUP_VAC	FIC_TYP	string	string	3		2021	2023	2006,2007,2008,2009,2010,2011,2012,2013,2014,2015,2016,2017,2018,2019,2020,2024	Type de fichier		
T_RIPaaSUP_VAC	FVACC_SUP	string	string	3		2021	2023	2006,2007,2008,2009,2010,2011,2012,2013,2014,2015,2016,2017,2018,2019,2020,2024	Forfait de ligne vaccinale OU type de supplément horaire	Forfaits de ligne vaccinale : A, B, C ou DSuppléments horaires (uniquement pour les établissements pivots listés par l'ARS) : I (infirmier), S (sage-femme), M (médecin)Modificateurs :-1 : jour ouvrable dont samedi matin-2 : samedi après-midi, dimanche et jour férié	
T_RIPaaSUP_VAC	NBR_PRS	integer	number	8		2021	2023	2006,2007,2008,2009,2010,2011,2012,2013,2014,2015,2016,2017,2018,2019,2020,2024	Nombre de prestation	Pour les forfaits : nombre de lignes de vaccination. Une ligne de vaccination correspond à la mobilisation des professionnels de santé et de l'environnement correspondant au forfait renseigné (A, B, C ou D), pendant une durée de 4h.Pour les suppléments : nombre d'heures payées. Transformer le cas échéant une vacation complète en son nombre d'heures	
T_RIPaaSUP_VAC	PERIOD	integer	number	8		2021	2023	2006,2007,2008,2009,2010,2011,2012,2013,2014,2015,2016,2017,2018,2019,2020,2024	Période	1 par défaut	
T_RIPaaTP	ACT_COD	string	string	1.0		2020		2006,2007,2008,2009,2010,2011,2012,2013,2014,2015,2016,2017,2018,2019	Prestation	0 : Prise charge habituelle, présentiel.1 : PIE (Cette valeur ne sera pas utilisé période COVID-19)2 : PIA (Cette valeur ne sera pas utilisée période COVID-19)                                                                        3 : Prise charge aménagée,  présentiel, incluant un ou plusieurs « Entretien individuel ».4 : Prise charge distance incluant une ou plusieurs activités type « Groupe » réalisée(s) par vidéo5 : Prise charge distance incluant une ou plusieurs activités type « Groupe » réalisée(s) par téléphone6 : Prise charge distance incluant un ou plusieurs « Entretien individuel » réalisé(s) par vidéo7 : Prise charge distance incluant un ou plusieurs « Entretien individuel » réalisé(s) par téléphone                                                                                   8 : Prise charge Autres (sans Entretien, ni Groupe) type Accompagnement9 : Prise charge avec un déplacement (Visite Domicile ou substitut domicile, EHPAD, ESMS, etc)	
T_RIPaaTP	ANN	string	string	4.0		2020		2006,2007,2008,2009,2010,2011,2012,2013,2014,2015,2016,2017,2018,2019	Année période transmission	AAAA	
T_RIPaaTP	ENT_DAT_DEL	integer	number	5.0		2020		2006,2007,2008,2009,2010,2011,2012,2013,2014,2015,2016,2017,2018,2019	Délai par rapport date d'entrée séjour	repère temporel calculé partir date venue	
T_RIPaaTP	ETA_NUM_EPMSI	string	string	9.0		2020		2006,2007,2008,2009,2010,2011,2012,2013,2014,2015,2016,2017,2018,2019	Numéro FINESS e-PMSI		
T_RIPaaTP	FOR_ACT	string	string	2.0		2020		2006,2007,2008,2009,2010,2011,2012,2013,2014,2015,2016,2017,2018,2019	Forme d'activité	20 : HdJ21 : HdN23 : Atelier thérapeutique	
T_RIPaaTP	FOR_NUM	string	string	2.0		2020		2006,2007,2008,2009,2010,2011,2012,2013,2014,2015,2016,2017,2018,2019	Numéro format		
T_RIPaaTP	MOD_VEN	integer	number	2.0		2022		2006,2007,2008,2009,2010,2011,2012,2013,2014,2015,2016,2017,2018,2019,2020,2021	Modalité de la venue	Valeurs selon la prédominance de la Prise en charge au cours de la venue :  1, 2, 3 ,4, 5 *	
T_RIPaaTP	MOI	string	string	2.0		2020		2006,2007,2008,2009,2010,2011,2012,2013,2014,2015,2016,2017,2018,2019	Mois période transmsission	MM	
T_RIPaaTP	RIP_NUM	string	string	6.0		2020		2006,2007,2008,2009,2010,2011,2012,2013,2014,2015,2016,2017,2018,2019	Numéro séquentiel séjour		
T_RIPaaTP	SEQ_SEQ_NUM	string	string	3.0		2020		2006,2007,2008,2009,2010,2011,2012,2013,2014,2015,2016,2017,2018,2019	Numéro sequentiel séquence au sein séjour		
T_RIPaaTP	SEQ_VEN_NUM	string	string	3.0		2020		2006,2007,2008,2009,2010,2011,2012,2013,2014,2015,2016,2017,2018,2019	Numéro séquentiel venue		
T_RIPaaTP	TYP_VEN	string	string	1.0		2020		2006,2007,2008,2009,2010,2011,2012,2013,2014,2015,2016,2017,2018,2019	Type venue	Etablissements sous DAF1 : venue d'une journée >  6 heures2 : venue d'une demi-journée > 3 h (1)  Etablissements OQN                                                       3 : séance 3 4 heures (2)4 : séance 6 8 heures	
T_RIPaaTP	EXE_SOI_DTD	string	string			2023		2006,2007,2008,2009,2010,2011,2012,2013,2014,2015,2016,2017,2018,2019,2020,2021,2022	Date de début		
T_RIPaaTP	EXE_SOI_AMD	string	string			2024		2006,2007,2008,2009,2010,2011,2012,2013,2014,2015,2016,2017,2018,2019,2020,2021,2022,2023	Date de début en année-mois		
T_RIPaaTP_CTL	ANN	string	string	4		2020		2006,2007,2008,2009,2010,2011,2012,2013,2014,2015,2016,2017,2018,2019	Année période transmission		
T_RIPaaTP_CTL	COD_ERR	string	string	5		2020		2006,2007,2008,2009,2010,2011,2012,2013,2014,2015,2016,2017,2018,2019	Code erreur		
T_RIPaaTP_CTL	ETA_NUM_EPMSI	string	string	9		2020		2006,2007,2008,2009,2010,2011,2012,2013,2014,2015,2016,2017,2018,2019	Numéro FINESS e-PMSI		
T_RIPaaTP_CTL	ETA_NUM_TWO	string	string	9		2020		2006,2007,2008,2009,2010,2011,2012,2013,2014,2015,2016,2017,2018,2019	Numéro FINESS géographique		
T_RIPaaTP_CTL	MOI	string	string	2		2020		2006,2007,2008,2009,2010,2011,2012,2013,2014,2015,2016,2017,2018,2019	Mois période transmission		
T_RIPaaTP_CTL	RIP_NUM	string	string	6		2020		2006,2007,2008,2009,2010,2011,2012,2013,2014,2015,2016,2017,2018,2019	Numéro séquentiel séjour		
T_RIPaaTP_CTL	SEQ_SEQ_NUM	string	string	3		2020		2006,2007,2008,2009,2010,2011,2012,2013,2014,2015,2016,2017,2018,2019	Numéro séquentiel séquence au sein séjour		
T_RIPaaTP_CTL	SEQ_VEN_NUM	string	string	3		2020		2006,2007,2008,2009,2010,2011,2012,2013,2014,2015,2016,2017,2018,2019	Numéro séquentiel venue		
T_RIPaaTRPT	ACT_COD	string	string	3		2020		2006,2007,2008,2009,2010,2011,2012,2013,2014,2015,2016,2017,2018,2019	Code	ST1,ST2 ou ST3	
T_RIPaaTRPT	ANN	string	string	4		2020		2006,2007,2008,2009,2010,2011,2012,2013,2014,2015,2016,2017,2018,2019	Année période transmission	AAAA	
T_RIPaaTRPT	CL_DISTANCE	integer	number	2		2020		2006,2007,2008,2009,2010,2011,2012,2013,2014,2015,2016,2017,2018,2019	Classe distance	00 : transports janvier et février- pour ST1, valeur égale :01 : [0-25 km[02 : [25-75 km[03 : [75-150 km[04 : [150-300 km[05 : [300-∞ km[ - pour ST2 et ST3, valeur égale :06 : [0-20 km[07 : [20-50 km[08 : [50-120 km[09 : [120-∞ km[	
T_RIPaaTRPT	ETA_NUM_EPMSI	string	string	9		2020		2006,2007,2008,2009,2010,2011,2012,2013,2014,2015,2016,2017,2018,2019	Numéro FINESS e-PMSI		
T_RIPaaTRPT	EXE_SOI_DTD	date	date	8		2020		2006,2007,2008,2009,2010,2011,2012,2013,2014,2015,2016,2017,2018,2019	Date d'aller	Date transport aller au format JJMMAAAA	
T_RIPaaTRPT	EXE_SOI_RET	string	string	1		2020		2006,2007,2008,2009,2010,2011,2012,2013,2014,2015,2016,2017,2018,2019	CR Date d'aller		
T_RIPaaTRPT	FOR_NUM	string	string	2		2020		2006,2007,2008,2009,2010,2011,2012,2013,2014,2015,2016,2017,2018,2019	Numéro format	17	
T_RIPaaTRPT	MOI	string	string	2		2020		2006,2007,2008,2009,2010,2011,2012,2013,2014,2015,2016,2017,2018,2019	Mois période transmission	MM	
T_RIPaaTRPT	RIP_NUM	string	string	6		2020		2006,2007,2008,2009,2010,2011,2012,2013,2014,2015,2016,2017,2018,2019	Numéro séquentiel séjour		
T_RIPaaTRPT	SEQ_TRSP_NUM	string	string	3		2020		2006,2007,2008,2009,2010,2011,2012,2013,2014,2015,2016,2017,2018,2019	Numéro séquentiel de transport	Vide si pas date ou date incorrecte	
T_RIPaaTRPT_CTL	ANN	string	string	4		2020		2006,2007,2008,2009,2010,2011,2012,2013,2014,2015,2016,2017,2018,2019	Année période transmission		
T_RIPaaTRPT_CTL	COD_ERR	string	string	5		2020		2006,2007,2008,2009,2010,2011,2012,2013,2014,2015,2016,2017,2018,2019	Code erreur	à calculer par PIVOINE: Récupéré sur la dernière séquence trouvée du séjour; 1 si temps complet (forme d'activité = 01 02 03 04 05 06 07); 2 si temps partiel (forme d'activité = 20 21 23)	
T_RIPaaTRPT_CTL	ETA_NUM_EPMSI	string	string	9		2020		2006,2007,2008,2009,2010,2011,2012,2013,2014,2015,2016,2017,2018,2019	Numéro FINESS e-PMSI	Récupéré sur la dernière séquence du séjour trouvé	
T_RIPaaTRPT_CTL	ETA_NUM_TWO	string	string	9		2020		2006,2007,2008,2009,2010,2011,2012,2013,2014,2015,2016,2017,2018,2019	Numéro FINESS géographique		
T_RIPaaTRPT_CTL	MOI	string	string	2		2020		2006,2007,2008,2009,2010,2011,2012,2013,2014,2015,2016,2017,2018,2019	Mois période transmission		
T_RIPaaTRPT_CTL	RIP_NUM	string	string	6		2020		2006,2007,2008,2009,2010,2011,2012,2013,2014,2015,2016,2017,2018,2019	Numéro séquentiel séjour		
T_RIPaaTRPT_CTL	SEQ_TRSP_NUM	string	string	4		2020		2006,2007,2008,2009,2010,2011,2012,2013,2014,2015,2016,2017,2018,2019	Numéro séquentiel transports	P60 (inscrit par PIVOINE)	
T_SSRaaA	CDC_ACT	string	string	7		2006	2008	2009,2010,2011,2012,2013,2014,2015,2016,2017,2018,2019,2020,2021,2022,2023,2024	Code de l'acte		
T_SSRaaA	ETA_NUM	string	string	9		2006	2008	2009,2010,2011,2012,2013,2014,2015,2016,2017,2018,2019,2020,2021,2022,2023,2024	N° FINESS		
T_SSRaaA	PHA_ACT	string	string	1		2006	2008	2009,2010,2011,2012,2013,2014,2015,2016,2017,2018,2019,2020,2021,2022,2023,2024	Code de la phase		
T_SSRaaA	RHA_NUM	string	string	7		2006	2008	2009,2010,2011,2012,2013,2014,2015,2016,2017,2018,2019,2020,2021,2022,2023,2024	N° Séquentiel du séjour		
T_SSRaaA	RHA_VER	string	string	3		2006	2008	2009,2010,2011,2012,2013,2014,2015,2016,2017,2018,2019,2020,2021,2022,2023,2024	Version du Format du RHA		
T_SSRaaA	RHS_NUM	string	string	2		2006	2008	2009,2010,2011,2012,2013,2014,2015,2016,2017,2018,2019,2020,2021,2022,2023,2024	Numéro séquentiel du RHS		
T_SSRaaB	ACT_TYP	string	string	1.0		2006	2008	2009,2010,2011,2012,2013,2014,2015,2016,2017,2018,2019,2020,2021,2022,2023,2024	Type d’activité		
T_SSRaaB	AGE_ANN	integer	number	3.0		2006			Age	En années révolues	
T_SSRaaB	AGE_JOU	integer	number	5.0		2020		2006,2007,2008,2009,2010,2011,2012,2013,2014,2015,2016,2017,2018,2019	Age en jours	en nombre de jours (date du lundi du RHS - date de naissance), pour les moins d'1 an ; borné à 0 si négatif	
T_SSRaaB	ALI_DEP	string	string	1.0		2006			Dépendance à l’alimentation	1 à 4	
T_SSRaaB	ANC_CHI	integer	number	4.0		2006			Ancienneté de la date chirurgicale	En jours	
T_SSRaaB	ANN_SEM_RHS	integer	number	4.0		2020		2006,2007,2008,2009,2010,2011,2012,2013,2014,2015,2016,2017,2018,2019	Année de semaine calendaire		
T_SSRaaB	APP_ADP	integer	number	5.0		2006	2008	2009,2010,2011,2012,2013,2014,2015,2016,2017,2018,2019,2020,2021,2022,2023,2024	Adaptation d’appareillage		
T_SSRaaB	ASS_DGN_1	string	string	6.0		2006	2008	2009,2010,2011,2012,2013,2014,2015,2016,2017,2018,2019,2020,2021,2022,2023,2024	Diagnostic associé n° 1		
T_SSRaaB	ASS_DGN_10	string	string	6.0		2007	2008	2006,2009,2010,2011,2012,2013,2014,2015,2016,2017,2018,2019,2020,2021,2022,2023,2024	Diagnostic associé n° 10		
T_SSRaaB	ASS_DGN_11	string	string	6.0		2007	2008	2006,2009,2010,2011,2012,2013,2014,2015,2016,2017,2018,2019,2020,2021,2022,2023,2024	Diagnostic associé n° 11		
T_SSRaaB	ASS_DGN_12	string	string	6.0		2007	2008	2006,2009,2010,2011,2012,2013,2014,2015,2016,2017,2018,2019,2020,2021,2022,2023,2024	Diagnostic associé n° 12		
T_SSRaaB	ASS_DGN_13	string	string	6.0		2007	2008	2006,2009,2010,2011,2012,2013,2014,2015,2016,2017,2018,2019,2020,2021,2022,2023,2024	Diagnostic associé n° 13		
T_SSRaaB	ASS_DGN_14	string	string	6.0		2007	2008	2006,2009,2010,2011,2012,2013,2014,2015,2016,2017,2018,2019,2020,2021,2022,2023,2024	Diagnostic associé n° 14		
T_SSRaaB	ASS_DGN_15	string	string	6.0		2007	2008	2006,2009,2010,2011,2012,2013,2014,2015,2016,2017,2018,2019,2020,2021,2022,2023,2024	Diagnostic associé n° 15		
T_SSRaaB	ASS_DGN_16	string	string	6.0		2007	2008	2006,2009,2010,2011,2012,2013,2014,2015,2016,2017,2018,2019,2020,2021,2022,2023,2024	Diagnostic associé n° 16		
T_SSRaaB	ASS_DGN_17	string	string	6.0		2007	2008	2006,2009,2010,2011,2012,2013,2014,2015,2016,2017,2018,2019,2020,2021,2022,2023,2024	Diagnostic associé n° 17		
T_SSRaaB	ASS_DGN_18	string	string	6.0		2007	2008	2006,2009,2010,2011,2012,2013,2014,2015,2016,2017,2018,2019,2020,2021,2022,2023,2024	Diagnostic associé n° 18		
T_SSRaaB	ASS_DGN_19	string	string	6.0		2007	2008	2006,2009,2010,2011,2012,2013,2014,2015,2016,2017,2018,2019,2020,2021,2022,2023,2024	Diagnostic associé n° 19		
T_SSRaaB	ASS_DGN_2	string	string	6.0		2006	2008	2009,2010,2011,2012,2013,2014,2015,2016,2017,2018,2019,2020,2021,2022,2023,2024	Diagnostic associé n° 2		
T_SSRaaB	ASS_DGN_20	string	string	6.0		2007	2008	2006,2009,2010,2011,2012,2013,2014,2015,2016,2017,2018,2019,2020,2021,2022,2023,2024	Diagnostic associé n° 20		
T_SSRaaB	ASS_DGN_3	string	string	6.0		2006	2008	2009,2010,2011,2012,2013,2014,2015,2016,2017,2018,2019,2020,2021,2022,2023,2024	Diagnostic associé n° 3		
T_SSRaaB	ASS_DGN_4	string	string	6.0		2006	2008	2009,2010,2011,2012,2013,2014,2015,2016,2017,2018,2019,2020,2021,2022,2023,2024	Diagnostic associé n° 4		
T_SSRaaB	ASS_DGN_5	string	string	6.0		2006	2008	2009,2010,2011,2012,2013,2014,2015,2016,2017,2018,2019,2020,2021,2022,2023,2024	Diagnostic associé n° 5		
T_SSRaaB	ASS_DGN_6	string	string	6.0		2007	2008	2006,2009,2010,2011,2012,2013,2014,2015,2016,2017,2018,2019,2020,2021,2022,2023,2024	Diagnostic associé n° 6		
T_SSRaaB	ASS_DGN_7	string	string	6.0		2007	2008	2006,2009,2010,2011,2012,2013,2014,2015,2016,2017,2018,2019,2020,2021,2022,2023,2024	Diagnostic associé n° 7		
T_SSRaaB	ASS_DGN_8	string	string	6.0		2007	2008	2006,2009,2010,2011,2012,2013,2014,2015,2016,2017,2018,2019,2020,2021,2022,2023,2024	Diagnostic associé n° 8		
T_SSRaaB	ASS_DGN_9	string	string	6.0		2007	2008	2006,2009,2010,2011,2012,2013,2014,2015,2016,2017,2018,2019,2020,2021,2022,2023,2024	Diagnostic associé n° 9		
T_SSRaaB	AUT_TYP_UM	string	string	3.0		2009		2006,2007,2008	Type d'autorisation d’UM		
T_SSRaaB	BAL	integer	number	5.0		2006	2008	2009,2010,2011,2012,2013,2014,2015,2016,2017,2018,2019,2020,2021,2022,2023,2024	Balnéothérapie		
T_SSRaaB	BDI_COD	string	string	5.0		2006			Code géographique de résidence	table de correspond.	
T_SSRaaB	BDI_DEP	string	string	2.0		2006			Code département de résidence		
T_SSRaaB	BIL	integer	number	5.0		2006	2008	2009,2010,2011,2012,2013,2014,2015,2016,2017,2018,2019,2020,2021,2022,2023,2024	Bilans		
T_SSRaaB	CAR_RSP_RED	integer	number	5.0		2006	2008	2009,2010,2011,2012,2013,2014,2015,2016,2017,2018,2019,2020,2021,2022,2023,2024	Rééducation cardio-respiratoire		
T_SSRaaB	COD_POST	string	string	5.0		2020		2006,2007,2008,2009,2010,2011,2012,2013,2014,2015,2016,2017,2018,2019	Code postal		
T_SSRaaB	COD_SEX	string	string	1.0		2006			Sexe	1 : Homme / 2 : Femme	
T_SSRaaB	COG_DEP	integer	number	2.0		2022		2006,2007,2008,2009,2010,2011,2012,2013,2014,2015,2016,2017,2018,2019,2020,2021	Dépendance cognitive	Somme des items AVQ de dépendance cognitive du RHA	
T_SSRaaB	COG_MAX_DEP	integer	number	2.0		2022		2006,2007,2008,2009,2010,2011,2012,2013,2014,2015,2016,2017,2018,2019,2020,2021	Dépendance cognitive maximale	si HP= blancsi HC : Maximum des sommes des items AVQ de dépendance cognitive pour chaque RHS du séjour	
T_SSRaaB	COL_RED	integer	number	5.0		2006	2008	2009,2010,2011,2012,2013,2014,2015,2016,2017,2018,2019,2020,2021,2022,2023,2024	Rééducation collective		
T_SSRaaB	CON_DEP	string	string	1.0		2006			Dépendance à la continence	1 à 4	
T_SSRaaB	CPT_DEP	string	string	1.0		2006			Dépendance au comportement	1 à 4	
T_SSRaaB	DEB_FIN	string	string	1.0		2006			Semaine de fin de séjour SSR	1 : oui / 2 : non	
T_SSRaaB	DEB_SEM	string	string	1.0		2006			Semaine de début de séjour SSR	1 : oui / 2 : non	
T_SSRaaB	DPL_DEP	string	string	1.0		2006			Dépendance au déplacement	1 à 4	
T_SSRaaB	ENT_MOD	string	string	1.0	MS_PRV_V	2006			Mode d’entrée UM	Codes	
T_SSRaaB	ENT_PRV	string	string	1.0	MS_PRV_V	2006			Provenance	Codes	
T_SSRaaB	ETA_NUM	string	string	9.0		2006			N° FINESS		
T_SSRaaB	ETA_NUM_GEO	string	string	9.0		2013		2006,2007,2008,2009,2010,2011,2012	N° FINESS géographique		
T_SSRaaB	ETL_AFF	string	string	6.0	IR_CIM_V	2006			Affection étiologique	OMS-CIM 10	
T_SSRaaB	EXB_NBJ	integer	number	3.0		2017	2023	2006,2007,2008,2009,2010,2011,2012,2013,2014,2015,2016,2024	Nombre de journées du supplément zone basse		
T_SSRaaB	EXB_TOP	string	string	1.0		2017	2023	2006,2007,2008,2009,2010,2011,2012,2013,2014,2015,2016,2024	Indicateur d'appartenance à la zone basse		
T_SSRaaB	EXH_NBJ	integer	number	3.0		2017	2023	2006,2007,2008,2009,2010,2011,2012,2013,2014,2015,2016,2024	Nombre de journées en zone haute		
T_SSRaaB	FP_PEC	string	string	6.0	IR_CIM_V	2006	2022	2023,2024	Finalité principale de prise en charge	OMS-CIM 10	
T_SSRaaB	FR_UTL	string	string	1.0		2006	2008	2009,2010,2011,2012,2013,2014,2015,2016,2017,2018,2019,2020,2021,2022,2023,2024	Utilisation d’un fauteuil roulant		
T_SSRaaB	GEN_VER	string	string	3.0		2006			N° version de GENRHA		
T_SSRaaB	GMT_NUM	string	string	4.0		2017		2006,2007,2008,2009,2010,2011,2012,2013,2014,2015,2016	GMT		
T_SSRaaB	GRC_CMC	string	string	2.0		2006	2012	2013,2014,2015,2016,2017,2018,2019,2020,2021,2022,2023,2024	CMC de l'établissement	Liste	
T_SSRaaB	GRC_GHJ	string	string	3.0		2006	2012	2013,2014,2015,2016,2017,2018,2019,2020,2021,2022,2023,2024	GHJ de l'établissement	Liste	
T_SSRaaB	GRC_GME	string	string	6.0		2013		2006,2007,2008,2009,2010,2011,2012	Groupage Etablissement		
T_SSRaaB	GRC_RET	string	string	2.0		2006			Code retour GME Etablissement	Liste	
T_SSRaaB	GRC_TOP_ERR	string	string	1.0		2013		2006,2007,2008,2009,2010,2011,2012	Indicateur d’erreur GME Etablissement		
T_SSRaaB	GRC_VER	string	string	2.0		2006			Version de groupage Etablissement	6	
T_SSRaaB	GRG_CMC	string	string	2.0		2006	2012	2013,2014,2015,2016,2017,2018,2019,2020,2021,2022,2023,2024	CMC du GENRHA	Liste	
T_SSRaaB	GRG_GHJ	string	string	3.0		2006	2012	2013,2014,2015,2016,2017,2018,2019,2020,2021,2022,2023,2024	GHJ du GENRHA	Liste	
T_SSRaaB	GRG_GME	string	string	6.0		2013		2006,2007,2008,2009,2010,2011,2012	Groupage GME GENRHA		
T_SSRaaB	GRG_RET	string	string	2.0		2006			Code retour GME GENRHA	Liste	
T_SSRaaB	GRG_TOP_ERR	string	string	1.0		2013		2006,2007,2008,2009,2010,2011,2012	Indicateur d’erreur GME GENRHA	Non fiable	
T_SSRaaB	GRG_VER	string	string	2.0		2006			Groupage GENRHA	6	
T_SSRaaB	HAB_DEP	string	string	1.0		2006			Dépendance à l’habillage	1 à 4	
T_SSRaaB	HOS_TYP_UM	string	string	1.0		2009		2006,2007,2008	Type d’hospitalisation UM	1 à 4	
T_SSRaaB	JP_HWE	string	string	5.0		2006			Jours de présence hors week-end	0=absent, 1=présent	
T_SSRaaB	JP_WE	string	string	2.0		2006			Jours de présence en week-end	0=absent, 1=présent	
T_SSRaaB	LIT_DEDIE	string	string	2.0		2017		2006,2007,2008,2009,2010,2011,2012,2013,2014,2015,2016	Lit identifié soins palliatifs (LISP)	08 pour soins palliatifs	
T_SSRaaB	MEC_RED	integer	number	5.0		2006	2008	2009,2010,2011,2012,2013,2014,2015,2016,2017,2018,2019,2020,2021,2022,2023,2024	Rééducation mécanique		
T_SSRaaB	MOI_ANN	string	string	6.0		2006			Mois Année du RHS	MMAAAA	
T_SSRaaB	MOI_ANN_SOR_SEJ	string	string	6.0		2010	2019	2006,2007,2008,2009,2020,2021,2022,2023,2024	Mois/ Année de sortie du séjour		
T_SSRaaB	MOR_PRP	string	string	6.0	IR_CIM_V	2006			Manifestation morbide principale	OMS-CIM 10	
T_SSRaaB	NBR_ACT	integer	number	3.0		2006	2008	2009,2010,2011,2012,2013,2014,2015,2016,2017,2018,2019,2020,2021,2022,2023,2024	Nombre d’actes (n) médicaux		
T_SSRaaB	NBR_CCAM	integer	number	2.0		2009		2006,2007,2008	Nombre d'actes CCAM dans ce RHS (n3)	Maximum à 99	
T_SSRaaB	NBR_CCAR	integer	number	3.0		2009	2013	2006,2007,2008,2014,2015,2016,2017,2018,2019,2020,2021,2022,2023,2024	Nombre d'actes CdARR dans ce RHS (n2)	Maximum à 999	
T_SSRaaB	NBR_CSARR	integer	number	3.0		2014		2006,2007,2008,2009,2010,2011,2012,2013	Nombre d'actes CSARR dans ce RHS (n2)	Maximum à 999	
T_SSRaaB	NBR_DGN	integer	number	2.0		2009		2006,2007,2008	Nombre de diagnostics associés dans ce RHS (n1)	Maximum à 99	
T_SSRaaB	NEU_PSY_RED	integer	number	5.0		2006	2008	2009,2010,2011,2012,2013,2014,2015,2016,2017,2018,2019,2020,2021,2022,2023,2024	Rééducation neuro-psychologique		
T_SSRaaB	NUM_ANO_UM	integer	number	4.0		2020		2006,2007,2008,2009,2010,2011,2012,2013,2014,2015,2016,2017,2018,2019	Numéro séquentiel de l'UM		
T_SSRaaB	NUM_SEM_RHS	integer	number	2.0		2020		2006,2007,2008,2009,2010,2011,2012,2013,2014,2015,2016,2017,2018,2019	Numéro de semaine calendaire		
T_SSRaaB	NUT_RED	integer	number	5.0		2006	2008	2009,2010,2011,2012,2013,2014,2015,2016,2017,2018,2019,2020,2021,2022,2023,2024	Rééducation nutritionnelle		
T_SSRaaB	PHY	integer	number	5.0		2006	2008	2009,2010,2011,2012,2013,2014,2015,2016,2017,2018,2019,2020,2021,2022,2023,2024	Physiothérapie		
T_SSRaaB	PHY_DEP	integer	number	5.0		2022		2006,2007,2008,2009,2010,2011,2012,2013,2014,2015,2016,2017,2018,2019,2020,2021	Dépendance physique	Somme des items AVQ de dépendance physique du RHA	
T_SSRaaB	PHY_MAX_DEP	integer	number	2.0		2022		2006,2007,2008,2009,2010,2011,2012,2013,2014,2015,2016,2017,2018,2019,2020,2021	Dépendance physique maximale	si HP= blancsi HC : Maximum des sommes des items AVQ de dépendance physique pour chaque RHS du séjour	
T_SSRaaB	POST_DEP	string	string	5.0		2020		2006,2007,2008,2009,2010,2011,2012,2013,2014,2015,2016,2017,2018,2019	Code postal		
T_SSRaaB	REHOS_PRJ_THP	string	string	1.0		2015		2006,2007,2008,2009,2010,2011,2012,2013,2014	Poursuite du même projet thérapeutique	1:oui / 2:non	
T_SSRaaB	REI_RED	integer	number	5.0		2006	2008	2009,2010,2011,2012,2013,2014,2015,2016,2017,2018,2019,2020,2021,2022,2023,2024	Réadaptation-réinsertion		
T_SSRaaB	REL_DEP	string	string	1.0		2006			Dépendance à la relation	1 à 4	
T_SSRaaB	RHA_NUM	string	string	7.0		2006			N° Séquentiel du séjour		
T_SSRaaB	RHA_VER	string	string	3.0		2006			N° version du format du RHA	M25	
T_SSRaaB	RHS_ANT_SEJ_ENT	integer	number	4.0		2010		2006,2007,2008,2009	Antériorité du RHS par rapport à l'entrée dans le séjour		
T_SSRaaB	RHS_NBR_IVA	string	string	5.0		2009	2013	2006,2007,2008,2014,2015,2016,2017,2018,2019,2020,2021,2022,2023,2024	Nombre total de points IVA  du RHS		
T_SSRaaB	RHS_NUM	string	string	3.0		2006			Numéro séquentiel du RHS		
T_SSRaaB	SCOR_RR	integer	number	2.0		2022		2006,2007,2008,2009,2010,2011,2012,2013,2014,2015,2016,2017,2018,2019,2020,2021	Score RR spécialisé	si HP= blancsi HC= score RR spécialisé moyen journalier du SSRHA	
T_SSRaaB	SCORE_RR	integer	number	5.0		2017		2006,2007,2008,2009,2010,2011,2012,2013,2014,2015,2016	Score RR	Droite/Zéro; Tjs renseigné ; si HP= score RR du RHA; si HC= score RR du SSRHA ; si type hosp='1' (HC) => score du SSRHAsi type hosp in ('2','3','4') (HTP) => score du RHA	
T_SSRaaB	SEJ_ANT	integer	number	4.0		2006			Antériorité du RHS par rapport à l'entrée dans l'UM	En jours	
T_SSRaaB	SEN_MOT_RED	integer	number	5.0		2006	2008	2009,2010,2011,2012,2013,2014,2015,2016,2017,2018,2019,2020,2021,2022,2023,2024	Rééducation sensori-motrice		
T_SSRaaB	SOR_DES	string	string	1.0	MS_SOR_V	2006			Destination	Codes	
T_SSRaaB	SOR_MOD	string	string	1.0	MS_SOR_V	2006			Mode de sortie UM	Codes	
T_SSRaaB	TYP_GEN_RHA	string	string	1.0		2015		2006,2007,2008,2009,2010,2011,2012,2013,2014	Type de génération automatique du RHA	0 : pas de génération automatique ; 2 : médecin salariés	
T_SSRaaB	TYP_US	string	string	2.0		2018		2006,2007,2008,2009,2010,2011,2012,2013,2014,2015,2016,2017	Type unité spécifique	USP SSR: "08" ; UCC : "09" ; Unité EVC-EPR : "10"	
T_SSRaaB	URO_SPH_RED	integer	number	5.0		2006	2008	2009,2010,2011,2012,2013,2014,2015,2016,2017,2018,2019,2020,2021,2022,2023,2024	Rééducation uro-sphinctérienne		
T_SSRaaB	ZON_VAL	string	string	1.0		2022		2006,2007,2008,2009,2010,2011,2012,2013,2014,2015,2016,2017,2018,2019,2020,2021	Zone de valorisation	B : zone basse1 : zone forfaitaire 12 : zone forfaitaire 23 : zone forfaitaire 3H : zone haute	
T_SSRaaB	GMT_NUM_HEB	string	string			2024		2006,2007,2008,2009,2010,2011,2012,2013,2014,2015,2016,2017,2018,2019,2020,2021,2022,2023			
T_SSRaaB	GRD_GME	string	string			2024		2006,2007,2008,2009,2010,2011,2012,2013,2014,2015,2016,2017,2018,2019,2020,2021,2022,2023			
T_SSRaaB	NBR_JRN_VAL	string	string			2024		2006,2007,2008,2009,2010,2011,2012,2013,2014,2015,2016,2017,2018,2019,2020,2021,2022,2023			
T_SSRaaB	NBR_SUP_VAL	string	string			2024		2006,2007,2008,2009,2010,2011,2012,2013,2014,2015,2016,2017,2018,2019,2020,2021,2022,2023			
T_SSRaaB	RHS_JRN_PRE	string	string			2024		2006,2007,2008,2009,2010,2011,2012,2013,2014,2015,2016,2017,2018,2019,2020,2021,2022,2023			
T_SSRaaC	ANN_LUN_1S	string	string	4.0		2009	2019	2006,2007,2008,2020,2021,2022,2023,2024	Année du lundi de la première semaine du séjour dans l'année (SSR)		
T_SSRaaC	ART_51	string	string	1.0		2022		2006,2007,2008,2009,2010,2011,2012,2013,2014,2015,2016,2017,2018,2019,2020,2021	Article 51	Cette variable permet d’Identifier les séjours et actes et consultations externes relevant des expérimentations de l’article 51	
T_SSRaaC	ART_51_RET	string	string	1.0		2022		2006,2007,2008,2009,2010,2011,2012,2013,2014,2015,2016,2017,2018,2019,2020,2021	Code retour contrôle Article 51		
T_SSRaaC	COH_NAI_RET	string	string	1.0		2013		2006,2007,2008,2009,2010,2011,2012	Code retour contrôle « Cohérence date naissance »		
T_SSRaaC	COH_SEX_RET	string	string	1.0		2013		2006,2007,2008,2009,2010,2011,2012	Code retour contrôle « Cohérence sexe »		
T_SSRaaC	DAT_RET	string	string	1.0		2006			Code retour contrôle « date de référence» (date d’entrée)	Les valeurs possibles appartiennent à l'ensemble {0,1}	
T_SSRaaC	ENT_DAT	string	string	8.0		2009		2006,2007,2008	Date d'entrée		
T_SSRaaC	ETA_NUM	string	string	9.0		2006			N° FINESS		
T_SSRaaC	ETA_NUM_RET	string	string	1.0		2017		2006,2007,2008,2009,2010,2011,2012,2013,2014,2015,2016	Code retour contrôle "N° FINESS d’inscription e-PMSI"		
T_SSRaaC	EXE_SOI_AMD	string	string	6.0		2009		2006,2007,2008	Année-Mois de sortie		
T_SSRaaC	EXE_SOI_AMF	string	string	6.0		2009		2006,2007,2008	Année-Mois de sortie		
T_SSRaaC	EXE_SOI_DTD	date	date			2009		2006,2007,2008	Date d'entrée		
T_SSRaaC	EXE_SOI_DTF	date	date			2009		2006,2007,2008	Date de sortie		
T_SSRaaC	FHO_RET	string	string	1.0		2006			Code retour "fusion ANO_HOSP et HOSP-PMSI"	Les valeurs possibles appartiennent à l'ensemble {0,1,2,3}	
T_SSRaaC	IPP_BEN_ANO	string	string	44.0		2019	2021	2006,2007,2008,2009,2010,2011,2012,2013,2014,2015,2016,2017,2018,2022,2023,2024	N° d'identification permanent du patient anonymisé	valable pour un Finess PMSI, dans tous les champs d'hospitalisation	
T_SSRaaC	IPP_BEN_ANO_RET	string	string	1.0		2019	2021	2006,2007,2008,2009,2010,2011,2012,2013,2014,2015,2016,2017,2018,2022,2023,2024	Code retour contrôle " N° d'identification permanent du patient"		
T_SSRaaC	MOI_LUN_1S	string	string	2.0		2009	2019	2006,2007,2008,2020,2021,2022,2023,2024	Mois du lundi de la première semaine du séjour dans l'année (SSR)		
T_SSRaaC	NAI_RET	string	string	1.0		2006			Code retour contrôle " date de naissance "	Résultat du contrôle de la variable " date de naissance ". Les valeurs possibles appartiennent à l’ensemble {0, 1, 2, 3, 4}	
T_SSRaaC	NIR_ANO_17	string	string	17.0		2006			N° anonyme		
T_SSRaaC	NIR_RET	string	string	1.0		2006			Code retour contrôle " n° sécurité sociale "	Résultat du contrôle de la variable " n° de sécurité sociale ". Les valeurs possibles appartiennent à l’ensemble {0, 1, 2, 3, 4}	
T_SSRaaC	NUM_DAT_AT	string	string	9.0		2015		2006,2007,2008,2009,2010,2011,2012,2013,2014	Numéro accident du travail ou date d’accident de droit commun		
T_SSRaaC	NUM_DAT_AT_RET	string	string	1.0		2015		2006,2007,2008,2009,2010,2011,2012,2013,2014	Code retour contrôle " Numéro accident du travail ou date d’accident de droit commun"	Par défaut à 0 pour ex-OQN	
T_SSRaaC	ORG_CPL_NUM	string	string	10.0		2015		2006,2007,2008,2009,2010,2011,2012,2013,2014	N° d’organisme complémentaire		
T_SSRaaC	ORG_CPL_NUM_RET	string	string	1.0		2015		2006,2007,2008,2009,2010,2011,2012,2013,2014	Code retour contrôle " N° d’organisme complémentaire"	Par défaut à 0 pour ex-OQN	
T_SSRaaC	PMS_RET	string	string	1.0		2006			Code retour "fusion ANO-PMSI et fichier PMSI "	Les valeurs possibles appartiennent à l'ensemble {0,1}	
T_SSRaaC	RHA_NUM	string	string	7.0		2006			N° séquentiel dans fichier PMSI		
T_SSRaaC	SEJ_NUM	string	string	5.0		2006			N° de séjour		
T_SSRaaC	SEJ_RET	string	string	1.0		2006			Code retour contrôle " n° d’identification administratif de séjour "	Résultat du contrôle de la variable " n° d’identification administratif de séjour ". Les valeurs possibles appartiennent à l’ensemble {0, 1}	
T_SSRaaC	SEX_RET	string	string	1.0		2006			Code retour contrôle " sexe "	Résultat du contrôle de la variable " sexe ". Les valeurs possibles appartiennent à l’ensemble {0, 1, 2}	
T_SSRaaC	SOR_ANN	string	string	4.0		2006	2008	2009,2010,2011,2012,2013,2014,2015,2016,2017,2018,2019,2020,2021,2022,2023,2024	Année de sortie		
T_SSRaaC	SOR_DAT	string	string	8.0		2009		2006,2007,2008	Date de sortie		
T_SSRaaC	SOR_MOI	string	string	2.0		2006	2008	2009,2010,2011,2012,2013,2014,2015,2016,2017,2018,2019,2020,2021,2022,2023,2024	Mois de sortie		
T_SSRaaCCAM	CCAM_ACT	string	string	7	XC_ACT_R	2009		2006,2007,2008	Code de l'acte - CCAM		
T_SSRaaCCAM	CCAM_COD_ACT	string	string	1		2009		2006,2007,2008	Code de l'activité - CCAM		
T_SSRaaCCAM	CCAM_DEL_ENT_UM	integer	number	4		2010	2019	2006,2007,2008,2009,2020,2021,2022,2023,2024	Acte CCAM - Délai  depuis l'entrée dans l'UM	En jours, blanc si date non reseignée	
T_SSRaaCCAM	CCAM_EXT_DOC	string	string	1		2010		2006,2007,2008,2009	Extension documentaire - CCAM		
T_SSRaaCCAM	CCAM_NBR_REA	integer	number	2		2009		2006,2007,2008	Nombre de réalisation		
T_SSRaaCCAM	CCAM_PHA_ACT	string	string	1		2009		2006,2007,2008	Code de la phase - CCAM		
T_SSRaaCCAM	CCAM_VAL_DAT	string	string	1		2010		2006,2007,2008,2009	Date de validité de l'acte compatible avec  la semaine	1:oui/ 2:non	
T_SSRaaCCAM	DEL_DAT_ENT	integer	number	5		2020		2006,2007,2008,2009,2010,2011,2012,2013,2014,2015,2016,2017,2018,2019	Délai depuis la date d'entrée du séjour		
T_SSRaaCCAM	ETA_NUM	string	string	9		2009		2006,2007,2008	N° FINESS		
T_SSRaaCCAM	EXT_PMSI	string	string	2		2016		2006,2007,2008,2009,2010,2011,2012,2013,2014,2015	Extension PMSI	Cette variable est produite par la cnam afin de conserver la variable ccam_cod sur 7 positions, les 2 dernier sont donc transférés dans cette variable	
T_SSRaaCCAM	RHA_NUM	string	string	7		2009		2006,2007,2008	N° Séquentiel du séjour		
T_SSRaaCCAM	RHA_VER	string	string	3		2009		2006,2007,2008	N° version du format du RHA	M25	
T_SSRaaCCAM	RHS_NUM	string	string	3		2009		2006,2007,2008	Numéro séquentiel du RHS		
T_SSRaaCCAR	APP_SUP_COD	string	string	3		2012	2013	2006,2007,2008,2009,2010,2011,2014,2015,2016,2017,2018,2019,2020,2021,2022,2023,2024	Code supplémentaire "appareillage"	Uniquement pour CSARR	
T_SSRaaCCAR	CCAR_ACT	string	string	7		2009	2013	2006,2007,2008,2014,2015,2016,2017,2018,2019,2020,2021,2022,2023,2024	Code principal		
T_SSRaaCCAR	CCAR_ACT_COMP_WEEK	string	string	1		2010	2013	2006,2007,2008,2009,2014,2015,2016,2017,2018,2019,2020,2021,2022,2023,2024	Acte compatible avec  la semaine	1:oui/ 2:non	
T_SSRaaCCAR	CCAR_COD	string	string	7		2012	2013	2006,2007,2008,2009,2010,2011,2014,2015,2016,2017,2018,2019,2020,2021,2022,2023,2024	Code principal	CdARR/CSARR	
T_SSRaaCCAR	CCAR_NBR_REA	integer	number	2		2009	2013	2006,2007,2008,2014,2015,2016,2017,2018,2019,2020,2021,2022,2023,2024	Nombre de réalisations		
T_SSRaaCCAR	DELAI_ENT_UM	integer	number	4		2012	2013	2006,2007,2008,2009,2010,2011,2014,2015,2016,2017,2018,2019,2020,2021,2022,2023,2024	Délai depuis l'entrée dans l'UM	En jours, blanc si date non reseignée	
T_SSRaaCCAR	ETA_NUM	string	string	9		2009	2013	2006,2007,2008,2014,2015,2016,2017,2018,2019,2020,2021,2022,2023,2024	N° FINESS		
T_SSRaaCCAR	INT_COD	string	string	2		2009	2013	2006,2007,2008,2014,2015,2016,2017,2018,2019,2020,2021,2022,2023,2024	Code de l'intervenant		
T_SSRaaCCAR	MODUL_LIEU_COD	string	string	2		2012	2013	2006,2007,2008,2009,2010,2011,2014,2015,2016,2017,2018,2019,2020,2021,2022,2023,2024	Code modulateur de lieu		
T_SSRaaCCAR	MODUL_PAT1_COD	string	string	2		2012	2013	2006,2007,2008,2009,2010,2011,2014,2015,2016,2017,2018,2019,2020,2021,2022,2023,2024	Code "modulateur de patient" n°1		
T_SSRaaCCAR	MODUL_PAT2_COD	string	string	2		2012	2013	2006,2007,2008,2009,2010,2011,2014,2015,2016,2017,2018,2019,2020,2021,2022,2023,2024	Code "modulateur de patient" n°2		
T_SSRaaCCAR	NBR_PAT	integer	number	1		2012	2013	2006,2007,2008,2009,2010,2011,2014,2015,2016,2017,2018,2019,2020,2021,2022,2023,2024	Nombre de patients en acte individuel		
T_SSRaaCCAR	RHA_NUM	string	string	7		2009	2013	2006,2007,2008,2014,2015,2016,2017,2018,2019,2020,2021,2022,2023,2024	N° Séquentiel du séjour		
T_SSRaaCCAR	RHA_VER	string	string	3		2009	2013	2006,2007,2008,2014,2015,2016,2017,2018,2019,2020,2021,2022,2023,2024	N° version du format du RHA	M25	
T_SSRaaCCAR	RHS_NUM	string	string	3		2009	2013	2006,2007,2008,2014,2015,2016,2017,2018,2019,2020,2021,2022,2023,2024	Numéro séquentiel du RHS		
T_SSRaaCMC	CMC_COD	string	string	2		2006	2016	2017,2018,2019,2020,2021,2022,2023,2024	Code CMC		
T_SSRaaCMC	ETA_NUM	string	string	9		2006	2016	2017,2018,2019,2020,2021,2022,2023,2024	N° FINESS		
T_SSRaaCMC	NBR_JOU	integer	number	3		2006	2016	2017,2018,2019,2020,2021,2022,2023,2024	Nombre de jours		
T_SSRaaCMC	RHA_NUM	string	string	7		2006	2016	2017,2018,2019,2020,2021,2022,2023,2024	N° Séquentiel du séjour		
T_SSRaaCMC	RHA_VER	string	string	3		2006	2016	2017,2018,2019,2020,2021,2022,2023,2024	N° version du format du RHA	M25	
T_SSRaaCSARR	APP_SUP	string	string	3		2014		2006,2007,2008,2009,2010,2011,2012,2013	Code supplémentaire "appareillage"	Le codage des étapes d'appareillage A, B, C devient obligatoire pour les étapes réalisées par les professionnels de l'établissement. Ce codage est possible dans les RHS dès la semaine 1 de 2014.	
T_SSRaaCSARR	CLAS_NBR_PAT_PS	integer	number	1		2014		2006,2007,2008,2009,2010,2011,2012,2013	Nombre de patients en acte individuel non dédié ou collectif (classe)	Modif libellé. Rempli pour RHS avant 03/03/2014 à partir de Nb patienst réels (transformation en classe)	
T_SSRaaCSARR	COMP_SEM	string	string	1		2014		2006,2007,2008,2009,2010,2011,2012,2013	Acte compatible avec  la semaine	1:oui/ 2:non	
T_SSRaaCSARR	CSARR_COD	string	string	7	CSARR	2014		2006,2007,2008,2009,2010,2011,2012,2013	Code principal	CSARR uniquement	
T_SSRaaCSARR	DEL_DAT_ENT	integer	number	5		2020		2006,2007,2008,2009,2010,2011,2012,2013,2014,2015,2016,2017,2018,2019	Délai depuis la date d'entrée du séjour		
T_SSRaaCSARR	ENT_DAT_DEL_UM	integer	number	4		2014	2019	2006,2007,2008,2009,2010,2011,2012,2013,2020,2021,2022,2023,2024	Délai depuis l'entrée dans l'UM	en jours, blanc si date non reseignée	
T_SSRaaCSARR	ETA_NUM	string	string	9		2014		2006,2007,2008,2009,2010,2011,2012,2013	N° FINESS		
T_SSRaaCSARR	EXT_DOC	string	string	2		2014		2006,2007,2008,2009,2010,2011,2012,2013	Extension documentaire	Eventuellement vide pour RHS avant 03/03/2014	
T_SSRaaCSARR	MOD_LIEU	string	string	2		2014		2006,2007,2008,2009,2010,2011,2012,2013	Code modulateur de lieu		
T_SSRaaCSARR	MOD_PAT	string	string	2		2022		2006,2007,2008,2009,2010,2011,2012,2013,2014,2015,2016,2017,2018,2019,2020,2021	Code modulateur de patient		
T_SSRaaCSARR	MOD_PAT_1	string	string	2		2014	2021	2006,2007,2008,2009,2010,2011,2012,2013,2022,2023,2024	Code "modulateur de patient" n°1		
T_SSRaaCSARR	MOD_PAT_2	string	string	2		2014	2021	2006,2007,2008,2009,2010,2011,2012,2013,2022,2023,2024	Code "modulateur de patient" n°2		
T_SSRaaCSARR	MOD_TEC	string	string	2		2022		2006,2007,2008,2009,2010,2011,2012,2013,2014,2015,2016,2017,2018,2019,2020,2021	Code modulateur de technicité		
T_SSRaaCSARR	NBR_CSARR	integer	number	2		2014		2006,2007,2008,2009,2010,2011,2012,2013	Nombre de réalisations		
T_SSRaaCSARR	NBR_INTERV	integer	number	2		2014		2006,2007,2008,2009,2010,2011,2012,2013	Nombre d'intervenants	Eventuellement vide pour RHS avant 03/03/2014 Pour les actes pluriprofessionnels de la liste, le codage du nombre d'intervenants est obligatoire dans les RHS postérieurs au 3 mars 2014.o Lorsque pour des raisons liées à l’état de santé des patients, ou pour des raisons organisationnelles plusieurs professionnels concourent à la réalisation d'un acte, le codage du nombre d'intervenants est facultatif à compter dans les RHS postérieurs au 3 mars 2014.	
T_SSRaaCSARR	NBR_PAT_INTERV	integer	number	2		2014		2006,2007,2008,2009,2010,2011,2012,2013	Nombre réel de patients	Eventuellement vide pour RHS avant 03/03/2014 Pour les actes individuels dédiés le nombre à renseigner est 1.o Pour les actes individuels non-dédiés, le nombre à renseigner est celui du nombre maximal de patients pris en charge de façon concomitante.o Pour les actes collectifs le nombre de patients à renseigner est celui du nombre de patients pris en charge simultanément.	
T_SSRaaCSARR	RHA_NUM	string	string	7		2014		2006,2007,2008,2009,2010,2011,2012,2013	N° Séquentiel du séjour		
T_SSRaaCSARR	RHA_VER	string	string	3		2014		2006,2007,2008,2009,2010,2011,2012,2013	N° version du format du RHA	M25	
T_SSRaaCSARR	RHS_NUM	string	string	3		2014		2006,2007,2008,2009,2010,2011,2012,2013	Numéro séquentiel du RHS		
T_SSRaaCSARR	TYP_INTERV	string	string	2		2014		2006,2007,2008,2009,2010,2011,2012,2013	Code de l'intervenant		
T_SSRaaCSTC	ART_51	string	string	1		2022		2006,2007,2008,2009,2010,2011,2012,2013,2014,2015,2016,2017,2018,2019,2020,2021	Article 51	Cette variable permet d’Identifier les séjours et actes et consultations externes relevant des expérimentations de l’article 51	
T_SSRaaCSTC	ART_51_RET	string	string	1		2022		2006,2007,2008,2009,2010,2011,2012,2013,2014,2015,2016,2017,2018,2019,2020,2021	Code retour contrôle Article 51		
T_SSRaaCSTC	ENT_DAT	string	string	8		2013		2006,2007,2008,2009,2010,2011,2012	Date d'entrée		
T_SSRaaCSTC	ENT_DAT_RET	string	string	1		2013		2006,2007,2008,2009,2010,2011,2012	Code retour contrôle « date de référence» (date d’entrée)		
T_SSRaaCSTC	ETA_NUM	string	string	9		2013		2006,2007,2008,2009,2010,2011,2012	N° FINESS		
T_SSRaaCSTC	EXE_SOI_AMD	string	string	6		2013		2006,2007,2008,2009,2010,2011,2012	Date d'entrée au format année + mois		
T_SSRaaCSTC	EXE_SOI_AMF	string	string	6		2013		2006,2007,2008,2009,2010,2011,2012	Date de sortie au format année + mois		
T_SSRaaCSTC	EXE_SOI_DTD	date	date	8		2013		2006,2007,2008,2009,2010,2011,2012	Date d'entrée		
T_SSRaaCSTC	EXE_SOI_DTF	date	date	8		2013		2006,2007,2008,2009,2010,2011,2012	Date de sortie		
T_SSRaaCSTC	FAC_AMC_DT	string	string	8		2018	2021	2006,2007,2008,2009,2010,2011,2012,2013,2014,2015,2016,2017,2022,2023,2024	Date de facturation AMC	Indicateur Simphonie Date de l’envoi de la FT AMC	
T_SSRaaCSTC	FAC_AMC_DT_RET	string	string	1		2018	2021	2006,2007,2008,2009,2010,2011,2012,2013,2014,2015,2016,2017,2022,2023,2024	Code retour contrôle " Date de facturation AMC "		
T_SSRaaCSTC	FAC_AMO_DT	string	string	8		2018	2021	2006,2007,2008,2009,2010,2011,2012,2013,2014,2015,2016,2017,2022,2023,2024	Date de facturation AMO	Indicateur Simphonie Date de l’envoi de la FT AMO	
T_SSRaaCSTC	FAC_AMO_DT_RET	string	string	1		2018	2021	2006,2007,2008,2009,2010,2011,2012,2013,2014,2015,2016,2017,2022,2023,2024	Code retour contrôle " Date de facturation AMO "		
T_SSRaaCSTC	FAC_RAC_DT	string	string	8		2018	2021	2006,2007,2008,2009,2010,2011,2012,2013,2014,2015,2016,2017,2022,2023,2024	Date de facturation patient	Indicateur Simphonie Date de l’envoi de la FT patient	
T_SSRaaCSTC	FAC_RAC_DT_RET	string	string	1		2018	2021	2006,2007,2008,2009,2010,2011,2012,2013,2014,2015,2016,2017,2022,2023,2024	Code retour contrôle " Date de facturation patient "		
T_SSRaaCSTC	IAS_RET	string	string	1		2013		2006,2007,2008,2009,2010,2011,2012	Code retour contrôle « n° d’identification administratif de séjour		
T_SSRaaCSTC	IPP_BEN_ANO	string	string	44		2019	2021	2006,2007,2008,2009,2010,2011,2012,2013,2014,2015,2016,2017,2018,2022,2023,2024	N° d'identification permanent du patient anonymisé	valable pour un Finess PMSI, dans tous les champs d'hospitalisation	
T_SSRaaCSTC	IPP_BEN_ANO_RET	string	string	1		2019	2021	2006,2007,2008,2009,2010,2011,2012,2013,2014,2015,2016,2017,2018,2022,2023,2024	Code retour contrôle " N° d'identification permanent du patient"		
T_SSRaaCSTC	NAI_RET	string	string	1		2013		2006,2007,2008,2009,2010,2011,2012	Code retour contrôle « date de naissance »		
T_SSRaaCSTC	NBR_REJET_AMO	string	string	1		2018	2021	2006,2007,2008,2009,2010,2011,2012,2013,2014,2015,2016,2017,2022,2023,2024	Rejet AMO	Indicateur Simphonie Nombre de fois où FT AMO a été rejetée (0 à 9)	
T_SSRaaCSTC	NBR_REJET_AMO_RET	string	string	1		2018	2021	2006,2007,2008,2009,2010,2011,2012,2013,2014,2015,2016,2017,2022,2023,2024	Code retour contrôle " Rejet AMO "		
T_SSRaaCSTC	NIR_ANO_17	string	string	17		2013		2006,2007,2008,2009,2010,2011,2012	N° Anonyme du patient		
T_SSRaaCSTC	NIR_RET	string	string	1		2013		2006,2007,2008,2009,2010,2011,2012	Code retour contrôle « n° sécurité sociale »		
T_SSRaaCSTC	PAI_AMC_DT	string	string	8		2018	2021	2006,2007,2008,2009,2010,2011,2012,2013,2014,2015,2016,2017,2022,2023,2024	Date de paiement AMC	Indicateur Simphonie Date à laquelle la FT AMC est payée en totalité (statut S16)	
T_SSRaaCSTC	PAI_AMC_DT_RET	string	string	1		2018	2021	2006,2007,2008,2009,2010,2011,2012,2013,2014,2015,2016,2017,2022,2023,2024	Code retour contrôle " Date de paiement AMC "		
T_SSRaaCSTC	PAI_AMO_DT	string	string	8		2018	2021	2006,2007,2008,2009,2010,2011,2012,2013,2014,2015,2016,2017,2022,2023,2024	Date de paiement AMO	Indicateur Simphonie Date à laquelle la FT AMO est payée en totalité (statut S16)	
T_SSRaaCSTC	PAI_AMO_DT_RET	string	string	1		2018	2021	2006,2007,2008,2009,2010,2011,2012,2013,2014,2015,2016,2017,2022,2023,2024	Code retour contrôle " Date de paiement AMO "		
T_SSRaaCSTC	PAI_RAC_DT	string	string	8		2018	2021	2006,2007,2008,2009,2010,2011,2012,2013,2014,2015,2016,2017,2022,2023,2024	Date de paiement patient	Indicateur Simphonie Date à laquelle la FT patient est payée en totalité (statut S16)	
T_SSRaaCSTC	PAI_RAC_DT_RET	string	string	1		2018	2021	2006,2007,2008,2009,2010,2011,2012,2013,2014,2015,2016,2017,2022,2023,2024	Code retour contrôle " Date de paiement patient "		
T_SSRaaCSTC	PAYS_ASS_PAT	string	string	3		2018		2006,2007,2008,2009,2010,2011,2012,2013,2014,2015,2016,2017	Pays d’assurance social	Code INSEE à 5 chiffres, sans les deux premiers chiffres 99. Ou bien code ISO ISO 3166-1 Alpha-3. Pour renseigner cette donnée, il est important de prendre en compte le contexte assurantiel du patient (et non son pays d’origine).Par exemple, un patient français peut avoir une assurance étrangère (anglaise, américaine ou autre…). De même, un patient américain peut avoir une assurance anglaise ou autre. Le code pays à renseigner est bien le code pays de l’assurance du patient. » Mettre 000 ou laisser à blanc quand l’information n’est pas disponible.	
T_SSRaaCSTC	PAYS_ASS_PAT_RET	string	string	1		2018		2006,2007,2008,2009,2010,2011,2012,2013,2014,2015,2016,2017	Code retour contrôle " Pays d’assurance social "		
T_SSRaaCSTC	RAC_MNT_PAT	integer	number	8		2018	2021	2006,2007,2008,2009,2010,2011,2012,2013,2014,2015,2016,2017,2022,2023,2024	Montant total du séjour facturé au patient	Indicateur Simphonie Montant facturé au titre de la part patient	
T_SSRaaCSTC	RAC_MNT_PAT_RET	string	string	1		2018	2021	2006,2007,2008,2009,2010,2011,2012,2013,2014,2015,2016,2017,2022,2023,2024	Code retour contrôle " Montant total du séjour facturé au patient "		
T_SSRaaCSTC	RNG_BEN	string	string	3		2016		2006,2007,2008,2009,2010,2011,2012,2013,2014,2015	Rang de bénéficiaire		
T_SSRaaCSTC	RNG_NAI	string	string	1		2016		2006,2007,2008,2009,2010,2011,2012,2013,2014,2015	Rang de naissance		
T_SSRaaCSTC	SEJ_NUM	string	string	5		2013		2006,2007,2008,2009,2010,2011,2012	N° de séjour		
T_SSRaaCSTC	SEQ_NUM	string	string	8		2013		2006,2007,2008,2009,2010,2011,2012	N° séquentiel		
T_SSRaaCSTC	SEX_RET	string	string	1		2013		2006,2007,2008,2009,2010,2011,2012	Code retour contrôle « sexe »		
T_SSRaaCSTC	SOR_DAT	string	string	8		2013		2006,2007,2008,2009,2010,2011,2012	Date de sortie		
T_SSRaaCSTC	VALID_FAC_AMC	string	string	1		2018	2021	2006,2007,2008,2009,2010,2011,2012,2013,2014,2015,2016,2017,2022,2023,2024	Statut FT AMC	0 : avant FT validée (statut S2 à S5)1 : FT validée (statut S6 à S12, S14, S19, et S20)2 : FT en NiNi (statut S13)3 : FT payée (S15+S16+S17+S18)9 :  sans objet	
T_SSRaaCSTC	VALID_FAC_AMC_RET	string	string	1		2018	2021	2006,2007,2008,2009,2010,2011,2012,2013,2014,2015,2016,2017,2022,2023,2024	Code retour contrôle " Statut FT AMC "		
T_SSRaaCSTC	VALID_FAC_AMO	string	string	1		2018	2021	2006,2007,2008,2009,2010,2011,2012,2013,2014,2015,2016,2017,2022,2023,2024	Statut FT AMO	0 : avant FT validée (statut S2 à S5)1 : FT validée (statut S6 à S12, S14, S19, et S20)2 : FT en NiNi (statut S13)3 : FT payée (S15+S16+S17+S18)9 :  sans objet	
T_SSRaaCSTC	VALID_FAC_AMO_RET	string	string	1		2018	2021	2006,2007,2008,2009,2010,2011,2012,2013,2014,2015,2016,2017,2022,2023,2024	Code retour contrôle " Statut FT AMO "		
T_SSRaaCSTC	VALID_FAC_RAC	string	string	1		2018	2021	2006,2007,2008,2009,2010,2011,2012,2013,2014,2015,2016,2017,2022,2023,2024	Statut FT patient	0 : avant FT validée (statut S2 à S5)1 : FT validée (statut S6 à S12, S14, S19, et S20)2 : FT en NiNi (statut S13)3 : FT payée (S15+S16+S17+S18)9 :  sans objet	
T_SSRaaCSTC	VALID_FAC_RAC_RET	string	string	1		2018	2021	2006,2007,2008,2009,2010,2011,2012,2013,2014,2015,2016,2017,2022,2023,2024	Code retour contrôle " Statut FT patient "		
T_SSRaaD	DGN_COD	string	string	6		2009		2006,2007,2008	DAS	OMS-CIM 10	
T_SSRaaD	ETA_NUM	string	string	9		2009		2006,2007,2008	N° FINESS		
T_SSRaaD	RHA_NUM	string	string	7		2009		2006,2007,2008	N° Séquentiel du séjour		
T_SSRaaD	RHA_VER	string	string	3		2009		2006,2007,2008	N° version du format du RHA	M25	
T_SSRaaD	RHS_NUM	string	string	3		2009		2006,2007,2008	Numéro séquentiel du RHS		
T_SSRaaDIALP	ANN	string	string	4		2019	2023	2006,2007,2008,2009,2010,2011,2012,2013,2014,2015,2016,2017,2018,2024	Année période		
T_SSRaaDIALP	ETA_NUM	string	string	9		2019	2023	2006,2007,2008,2009,2010,2011,2012,2013,2014,2015,2016,2017,2018,2024	N° FINESS e-PMSI		
T_SSRaaDIALP	MOI	string	string	2		2019	2023	2006,2007,2008,2009,2010,2011,2012,2013,2014,2015,2016,2017,2018,2024	N° période (mois)		
T_SSRaaDIALP	NBR_PRS	integer	number	8		2019	2023	2006,2007,2008,2009,2010,2011,2012,2013,2014,2015,2016,2017,2018,2024	Nombre de suppléments DIP		
T_SSRaaDIALP	PRS_COD	string	string	3		2019	2023	2006,2007,2008,2009,2010,2011,2012,2013,2014,2015,2016,2017,2018,2024	Code prestation		
T_SSRaaDIALP	PRS_TYP	string	string	2		2019	2023	2006,2007,2008,2009,2010,2011,2012,2013,2014,2015,2016,2017,2018,2024	Type de prestation		
T_SSRaaDIALP	RHA_NUM	string	string	10		2019	2023	2006,2007,2008,2009,2010,2011,2012,2013,2014,2015,2016,2017,2018,2024	Numéro séquentiel de séjour		
T_SSRaaE	ANN_TRT	string	string	7		2006			N° du trimestre PMSI transmis		
T_SSRaaE	COM_ETA	string	string	50		2020		2006,2007,2008,2009,2010,2011,2012,2013,2014,2015,2016,2017,2018,2019	Commentaires		
T_SSRaaE	ETA_NUM	string	string	9		2006			N° FINESS		
T_SSRaaE	ETB_EXE_FIN	string	string	8		2006			N°FINESS sans clé		
T_SSRaaE	REG_ETA	string	string	22		2006			Région		
T_SSRaaE	SOC_RAI	string	string	60		2006			Raison sociale		
T_SSRaaE	STA_ETA	string	string	3		2006			Statut de l'établissement		
T_SSRaaE	VAL_ETA	string	string	20		2006			Validation des données		
T_SSRaaFA	AGE_ANN	integer	number	3.0		2014		2006,2007,2008,2009,2010,2011,2012,2013	Age		
T_SSRaaFA	AGE_JOU	integer	number	5.0		2020		2006,2007,2008,2009,2010,2011,2012,2013,2014,2015,2016,2017,2018,2019	Age en jours		
T_SSRaaFA	BDI_COD	string	string	5.0		2020		2006,2007,2008,2009,2010,2011,2012,2013,2014,2015,2016,2017,2018,2019	Code géographique		
T_SSRaaFA	BDI_DEP	string	string	2.0		2020		2006,2007,2008,2009,2010,2011,2012,2013,2014,2015,2016,2017,2018,2019	Code département de résidence		
T_SSRaaFA	COD_CIV	string	string	1.0		2007		2006	Civilité		
T_SSRaaFA	COD_PEC	string	string	1.0		2007		2006	Code de prise en charge	1=Asuré pris en charge/2=Assuré non pris en charge/3=Non Assuré avec prise en charge /4=Non Assuré sans prise en charge	
T_SSRaaFA	COD_POST	string	string	5.0		2020		2006,2007,2008,2009,2010,2011,2012,2013,2014,2015,2016,2017,2018,2019	Code postal		
T_SSRaaFA	COD_SEX	string	string	1.0		2007		2006	Sexe		
T_SSRaaFA	CTR_TYP	string	string	2.0		2017		2006,2007,2008,2009,2010,2011,2012,2013,2014,2015,2016	Type de contrat souscrit auprès d'un organisme		
T_SSRaaFA	ETA_NUM	string	string	9.0		2007		2006	N° FINESS		
T_SSRaaFA	EXE_SOI_AMD	string	string	6.0		2020		2006,2007,2008,2009,2010,2011,2012,2013,2014,2015,2016,2017,2018,2019	Date de début de la période de facturation (format Mois-année)		
T_SSRaaFA	EXE_SOI_AMF	string	string	6.0		2020		2006,2007,2008,2009,2010,2011,2012,2013,2014,2015,2016,2017,2018,2019	Date de fin de la période de facturation (format Mois-année)		
T_SSRaaFA	EXE_SOI_DTD	date	date			2020		2006,2007,2008,2009,2010,2011,2012,2013,2014,2015,2016,2017,2018,2019	Date de début de la période de facturation		
T_SSRaaFA	EXE_SOI_DTF	date	date			2020		2006,2007,2008,2009,2010,2011,2012,2013,2014,2015,2016,2017,2018,2019	Date de fin de la période de facturation		
T_SSRaaFA	EXO_TM	string	string	1.0		2007		2006	Justification d'exonération du TM		
T_SSRaaFA	FAC_ETL	string	string	1.0		2017		2006,2007,2008,2009,2010,2011,2012,2013,2014,2015,2016	Etat de liquidation de la facture	liquidation complète=1, partielle=2, non liquidée=3,inconnu=9	
T_SSRaaFA	GES_COD	string	string	2.0		2017		2006,2007,2008,2009,2010,2011,2012,2013,2014,2015,2016	Code gestion		
T_SSRaaFA	HON_AM_MNR	integer	number	8.0		2007		2006	Total honoraire remboursable AM	Total des lignes de type 4 (RSF C et M)	
T_SSRaaFA	HON_MNT	integer	number	8.0		2007		2006	Total honoraire Facturé	Total des lignes de type 4 (RSF C et M)	
T_SSRaaFA	HON_OC_MNR	integer	number	8.0		2007		2006	Total remboursable OC pour les honoraires		
T_SSRaaFA	NAT_ASS	string	string	2.0		2007		2006	Nature assurance		
T_SSRaaFA	NOE_RGM	string	string	2.0		2007		2006	Code Gd régime		
T_SSRaaFA	NUM_DAT_AT	string	string	9.0		2015		2006,2007,2008,2009,2010,2011,2012,2013,2014	Numéro accident du travail ou date d’accident de droit commun		
T_SSRaaFA	NUM_FAC	string	string	3.0		2007		2006	N° Facture séquentiel		
T_SSRaaFA	OPE_NAT	string	string	1.0		2007		2006	Nature opération		
T_SSRaaFA	ORG_CPL_NUM	string	string	10.0		2015		2006,2007,2008,2009,2010,2011,2012,2013,2014	N° d’organisme complémentaire		
T_SSRaaFA	PAS_OC_MNT	integer	number	8.0		2007		2006	Total participation assuré avant OC		
T_SSRaaFA	PAT_BEN_CMU	integer	number	1.0		2012		2006,2007,2008,2009,2010,2011	Patient bénéficiaire de la CMU		
T_SSRaaFA	PH_AMO_MNR	integer	number	8.0		2007		2006	Total remboursable AMO Prestation hospitalières	Total des lignes de type 3 (RSF B et P)	
T_SSRaaFA	PH_BRM	integer	number	8.0		2007		2006	Total Base Remboursement Prestation hospitalière	Total des lignes de type 3 (RSF B et P)	
T_SSRaaFA	PH_MNT	integer	number	8.0		2007		2006	Montant total facturé pour  PH		
T_SSRaaFA	PH_OC_MNR	integer	number	8.0		2007		2006	Total remboursable OC pour les PH		
T_SSRaaFA	POST_DEP	string	string	5.0		2020		2006,2007,2008,2009,2010,2011,2012,2013,2014,2015,2016,2017,2018,2019	Code postal		
T_SSRaaFA	RHA_NUM	string	string	7.0		2007		2006	N° séquentiel (le même que pour les RHA)		
T_SSRaaFA	RNG_BEN	string	string	3.0		2016		2006,2007,2008,2009,2010,2011,2012,2013,2014,2015	Rang de bénéficiaire		
T_SSRaaFA	RNG_NAI	string	string	1.0		2016		2006,2007,2008,2009,2010,2011,2012,2013,2014,2015	Rang de naissance		
T_SSRaaFA	RSF_TYP	string	string	1.0		2007	2019	2006,2020,2021,2022,2023,2024	Type de format RSF	1=Ancien / 2=Nouveau	
T_SSRaaFA	SOR_ANN	string	string	4.0		2017	2019	2006,2007,2008,2009,2010,2011,2012,2013,2014,2015,2016,2020,2021,2022,2023,2024	Année de sortie		
T_SSRaaFA	SOR_MOI	string	string	2.0		2017	2019	2006,2007,2008,2009,2010,2011,2012,2013,2014,2015,2016,2020,2021,2022,2023,2024	Mois de sortie		
T_SSRaaFA	TYP_ART	string	string	1.0	MS_ENR_V	2007		2006	Type d'enregistrement (A)		
T_SSRaaFASTC	AGE_ANN	integer	number	3.0		2006			Age		
T_SSRaaFASTC	AGE_JOU	integer	number	5.0		2006			Age en jours		
T_SSRaaFASTC	BDI_COD	string	string	5.0		2006			Code géographique		
T_SSRaaFASTC	BDI_DEP	string	string	2.0		2006			Code département de résidence		
T_SSRaaFASTC	COD_CIV	string	string	1.0		2006			Code civilité	Recodage : M=1/MME=2:MLE=2/SAN=3	
T_SSRaaFASTC	COD_POST	string	string	5.0		2006			Code postal		
T_SSRaaFASTC	COD_SEX	string	string	1.0		2006			Sexe		
T_SSRaaFASTC	CTR_TYP	string	string	2.0		2006			Type de contrat souscrit auprès d'un organisme		
T_SSRaaFASTC	ETA_NUM	string	string	9.0		2006			N° FINESS		
T_SSRaaFASTC	ETA_NUM_GEO	string	string	9.0		2006			FINESS géographique		
T_SSRaaFASTC	EXE_SOI_AMD	string	string	6.0		2006			Date de début de la période de facturation (format Mois-année)		
T_SSRaaFASTC	EXE_SOI_AMF	string	string	6.0		2006			Date de fin de la période de facturation (format Mois-année)		
T_SSRaaFASTC	EXE_SOI_DTD	date	date			2006			Date de début de la période de facturation		
T_SSRaaFASTC	EXE_SOI_DTF	date	date			2006			Date de fin de la période de facturation		
T_SSRaaFASTC	EXO_TM	string	string	1.0		2006			Justification d'exonération du TM		
T_SSRaaFASTC	FIDES_TOP	string	string	1.0		2006			Valorisé par FIDES	0 : Non | 1 : Oui, laisser à vide si pas d'information	
T_SSRaaFASTC	GES_COD	string	string	2.0		2006			Code de gestion		
T_SSRaaFASTC	HON_AM_MNR	integer	number	8.0		2006			Total honoraire remboursable AM		
T_SSRaaFASTC	HON_MNT	integer	number	8.0		2006			Total honoraire Facturé		
T_SSRaaFASTC	HON_OC_MNR	integer	number	8.0		2006			Total remboursable OC pour les honoraires		
T_SSRaaFASTC	NAT_ASS	string	string	2.0		2006			Nature assurance		
T_SSRaaFASTC	NOE_RGM	string	string	2.0		2006			Code Gd régime	Valeurs acceptées {' ', 10, 02, 03, 04, 05, 06, 07, 08, 09, 10, 12, 14, 15, 16, 17, 80 ,90 ,91, 92, 93, 94, 95, 96, 99}	
T_SSRaaFASTC	NON_SEJ_FAC_AM	string	string	1.0		2006			Motif de la non facturation à l'assurance maladie	Valeurs acceptées {' ', 1, 2, 3, 4, 5, 6, 9}	
T_SSRaaFASTC	NUM_DAT_AT	string	string	9.0		2006			Numéro accident du travail ou date d’accident de droit commun		
T_SSRaaFASTC	NUM_FAC	string	string	3.0		2006			N° Facture séquentiel		
T_SSRaaFASTC	OPE_NAT	string	string	1.0		2006			Nature opération	Valeurs acceptées {10, 13, 30, 41, 90}	
T_SSRaaFASTC	ORG_CPL_NUM	string	string	10.0		2006			N° d’organisme complémentaire		
T_SSRaaFASTC	PAS_OC_MNT	integer	number	8.0		2006			Total participation assuré avant OC		
T_SSRaaFASTC	PAT_CMU	string	string	1.0		2006			Patient bénéficiaire de la CMU	0 : Non | 1 : Oui, laisser à vide si pas d'information	
T_SSRaaFASTC	PH_AMO_MNR	integer	number	8.0		2006			Total remboursable AMO Prestation hospitalières		
T_SSRaaFASTC	PH_BRM	integer	number	8.0		2006			Total Base Remboursement Prestation hospitalière		
T_SSRaaFASTC	PH_MNT	integer	number	8.0		2006			Montant total facturé pour PH		
T_SSRaaFASTC	PH_OC_MNR	integer	number	8.0		2006			Total remboursable OC pour les PH		
T_SSRaaFASTC	POST_DEP	string	string	5.0		2006			Code postal		
T_SSRaaFASTC	PS_IND	string	string	1.0		2006			Indicateur du parcours de soins	Valeurs acceptées {' ', A, B, D, H, J, M, N, O, R, S, T, U}	
T_SSRaaFASTC	RNG_BEN	string	string	3.0		2006			Rang de bénéficiaire		
T_SSRaaFASTC	RNG_NAI	string	string	1.0		2006			Rang de naissance		
T_SSRaaFASTC	RSF_TYP	string	string	1.0		2006			Type de format RSF	1=Ancien / 2=Nouveau	
T_SSRaaFASTC	SEJ_FAC_AM	string	string	1.0		2006			Séjour facturable à l’assurance maladie	Valeurs acceptées {0, 1, 2, 3}	
T_SSRaaFASTC	SEQ_NUM	string	string	8.0		2006			N° séquentiel		
T_SSRaaFASTC	SOR_ANN	string	string	4.0		2006			Année de sortie		
T_SSRaaFASTC	SOR_MOI	string	string	2.0		2006			Mois de sortie		
T_SSRaaFASTC	TYP_ART	string	string	1.0	MS_ENR_V	2006			Type d'enregistrement		
T_SSRaaFB	ACT_COD	string	string	5.0	IR_ACT_COD	2007		2006	Code acte		
T_SSRaaFB	ACT_COE	integer	number	5.0		2007		2006	Cœfficient		
T_SSRaaFB	ACT_DEL	integer	number	4.0		2007	2011	2006,2012,2013,2014,2015,2016,2017,2018,2019,2020,2021,2022,2023,2024	Délai de l'acte		
T_SSRaaFB	ACT_DUR	integer	number	3.0		2007	2019	2006,2020,2021,2022,2023,2024	Durée de l'acte		
T_SSRaaFB	ACT_NBR	integer	number	3.0		2007		2006	Quantité		
T_SSRaaFB	AMC_MNR	integer	number	7.0		2007		2006	Montant remboursable AMC		
T_SSRaaFB	AMO_MNR	integer	number	8.0		2007		2006	Montant Remboursable AMO		
T_SSRaaFB	DEL_DAT_ENT	integer	number	4.0		2012		2006,2007,2008,2009,2010,2011	Délai par rapport à la date d'entrée		
T_SSRaaFB	ETA_NUM	string	string	9.0		2007		2006	N° FINESS		
T_SSRaaFB	ETE_GHS_NUM	integer	number	4.0		2007		2006	N° GHS (format num)		
T_SSRaaFB	EXE_SOI_AMD	string	string	6.0		2020		2006,2007,2008,2009,2010,2011,2012,2013,2014,2015,2016,2017,2018,2019	Date de début de la période de facturation (format Mois-année)		
T_SSRaaFB	EXE_SOI_AMF	string	string	6.0		2020		2006,2007,2008,2009,2010,2011,2012,2013,2014,2015,2016,2017,2018,2019	Date de fin de la période de facturation (format Mois-année)		
T_SSRaaFB	EXE_SOI_DTD	date	date			2020		2006,2007,2008,2009,2010,2011,2012,2013,2014,2015,2016,2017,2018,2019	Date de début de la période de facturation		
T_SSRaaFB	EXE_SOI_DTF	date	date			2020		2006,2007,2008,2009,2010,2011,2012,2013,2014,2015,2016,2017,2018,2019	Date de fin de la période de facturation		
T_SSRaaFB	EXO_TM	string	string	1.0		2007		2006	Justification exonération TM		
T_SSRaaFB	FAC_MNT	integer	number	8.0		2007		2006	Montant total Facturé		
T_SSRaaFB	FJ_COD_PEC	string	string	1.0		2007		2006	Code prise en charge FJ		
T_SSRaaFB	GHS_NUM	string	string	4.0		2007		2006	N° GHS		
T_SSRaaFB	MCO_COE	integer	number	5.0		2007		2006	Cœfficient MCO		
T_SSRaaFB	NOE_MNR	integer	number	8.0		2007		2006	Montant remboursé NOEMIE Retour		
T_SSRaaFB	NOE_OPE	string	string	3.0		2007		2006	Nature opération récupération NOEMIE Retour		
T_SSRaaFB	NUM_FAC	string	string	3.0		2007		2006	N° Facture séquentiel		
T_SSRaaFB	PRI_UNI	integer	number	7.0		2007		2006	Prix Unitaire		
T_SSRaaFB	PSH_DMT	string	string	3.0		2007		2006	Discipline de prestation (ex DMT)		
T_SSRaaFB	PSH_MDT	string	string	2.0		2007		2006	Mode de traitement		
T_SSRaaFB	REM_BAS	integer	number	8.0		2007		2006	Montant Base remboursement		
T_SSRaaFB	REM_TAU	integer	number	3.0		2007		2006	Taux Remboursement		
T_SSRaaFB	RHA_NUM	string	string	7.0		2007		2006	N° séquentiel (le même que pour les RHA)		
T_SSRaaFB	RSF_TYP	string	string	1.0		2007	2019	2006,2020,2021,2022,2023,2024	Type de format RSF	1=Ancien / 2=Nouveau	
T_SSRaaFB	SOIN_ANN	string	string	4.0		2017	2019	2006,2007,2008,2009,2010,2011,2012,2013,2014,2015,2016,2020,2021,2022,2023,2024	Année de soins		
T_SSRaaFB	SOIN_MOI	string	string	2.0		2017	2019	2006,2007,2008,2009,2010,2011,2012,2013,2014,2015,2016,2020,2021,2022,2023,2024	Mois de soins		
T_SSRaaFB	TYP_ART	string	string	1.0	MS_ENR_V	2007		2006	Type d'enregistrement (B)		
T_SSRaaFBSTC	ACT_COD	string	string	5.0	IR_ACT_COD	2006			Code acte		
T_SSRaaFBSTC	ACT_COE	integer	number	8.0		2006			Coefficient		
T_SSRaaFBSTC	ACT_DNB	integer	number	8.0		2006			Dénombrement		
T_SSRaaFBSTC	ACT_NBR	integer	number	8.0		2006			Quantité		
T_SSRaaFBSTC	AMC_MNR	integer	number	8.0		2006			Montant remboursable par l'organisme complémentaire (AMC)		
T_SSRaaFBSTC	AMO_MNR	integer	number	8.0		2006			Montant Remboursable par la caisse (AMO)		
T_SSRaaFBSTC	COEF_SSR	integer	number	5.0		2006			Coefficient MCO	(1) correspond au coefficient MCO = coefficient prudentiel x coefficient transition x  coefficient géographique	
T_SSRaaFBSTC	DEL_DAT_ENT	integer	number	5.0		2006			Délai par rapport à la date d'entrée		
T_SSRaaFBSTC	ETA_NUM	string	string	9.0		2006			N° FINESS		
T_SSRaaFBSTC	ETA_NUM_GEO	string	string	9.0		2006			FINESS géographique		
T_SSRaaFBSTC	EXE_SOI_AMD	string	string	6.0		2006			Date de début de la période de facturation (format Mois-année)		
T_SSRaaFBSTC	EXE_SOI_DTD	date	date			2006			Date de début de la période de facturation		
T_SSRaaFBSTC	EXE_SPE	string	string	2.0		2006			Spécialité exécutant		
T_SSRaaFBSTC	EXO_TM	string	string	1.0		2006			Justification exo TM		
T_SSRaaFBSTC	FJ_COD_PEC	string	string	1.0		2006			Code de prise en charge FJ		
T_SSRaaFBSTC	HON_MNT	integer	number	8.0		2006			Montant des honoraire (dépassement compris) ou Montant total de la dépense pour PH		
T_SSRaaFBSTC	NUM_FAC	string	string	3.0		2006			N° Facture séquentiel		
T_SSRaaFBSTC	PRI_UNI	integer	number	8.0		2006			Prix Unitaire		
T_SSRaaFBSTC	PSH_DMT	string	string	3.0		2006			Discipline de prestation (ex DMT)		
T_SSRaaFBSTC	PSH_MDT	string	string	2.0		2006			Mode de traitement		
T_SSRaaFBSTC	REM_BAS	integer	number	8.0		2006			Montant Base remboursement		
T_SSRaaFBSTC	REM_TAU	integer	number	8.0		2006			Taux applicable à la prestation		
T_SSRaaFBSTC	RSF_TYP	string	string	1.0		2006			Type de format RSF	1=Ancien / 2=Nouveau	
T_SSRaaFBSTC	SEQ_NUM	string	string	8.0		2006			N° séquentiel		
T_SSRaaFBSTC	SOR_ANN	string	string	4.0		2006			Année des soins		
T_SSRaaFBSTC	SOR_MOI	string	string	2.0		2006			Mois des soins		
T_SSRaaFBSTC	TYP_ART	string	string	1.0	MS_ENR_V	2006			Type d'enregistrement		
T_SSRaaFC	ACT_COD	string	string	5.0	IR_ACT_COD	2007		2006	Code acte		
T_SSRaaFC	ACT_COE	integer	number	6.0		2007		2006	Cœfficient		
T_SSRaaFC	ACT_DEL	integer	number	4.0		2007	2011	2006,2012,2013,2014,2015,2016,2017,2018,2019,2020,2021,2022,2023,2024	Délai de l'acte		
T_SSRaaFC	ACT_DNB	integer	number	2.0		2007		2006	Dénombrement		
T_SSRaaFC	ACT_NBR	integer	number	2.0		2007		2006	Quantité		
T_SSRaaFC	AMC_MNR	integer	number	6.0		2007		2006	Montant remboursable AMC		
T_SSRaaFC	AMO_MNR	integer	number	7.0		2007		2006	Montant Remboursable AMO		
T_SSRaaFC	DEL_DAT_ENT	integer	number	4.0		2012		2006,2007,2008,2009,2010,2011	Délai par rapport à la date d'entrée		
T_SSRaaFC	ETA_NUM	string	string	9.0		2007		2006	N° FINESS		
T_SSRaaFC	EXE_SOI_AMD	string	string	6.0		2020		2006,2007,2008,2009,2010,2011,2012,2013,2014,2015,2016,2017,2018,2019	Date de début de la période de facturation (format Mois-année)		
T_SSRaaFC	EXE_SOI_DTD	date	date			2020		2006,2007,2008,2009,2010,2011,2012,2013,2014,2015,2016,2017,2018,2019	Date de début de la période de facturation		
T_SSRaaFC	EXE_SPE	string	string	2.0		2017		2006,2007,2008,2009,2010,2011,2012,2013,2014,2015,2016	Spécilité exécutant		
T_SSRaaFC	EXO_TM	string	string	1.0		2007		2006	Justification exonération TM		
T_SSRaaFC	HON_MNT	integer	number	7.0		2007		2006	Montant des honoraires (dépassement compris)		
T_SSRaaFC	NOE_MNR	integer	number	8.0		2007		2006	Montant remboursé NOEMIE Retour		
T_SSRaaFC	NOE_OPE	string	string	3.0		2007		2006	Nature opération récupération NOEMIE Retour		
T_SSRaaFC	NUM_FAC	string	string	3.0		2007		2006	N° Facture séquentiel		
T_SSRaaFC	PRI_UNI	integer	number	7.0		2007		2006	Prix Unitaire		
T_SSRaaFC	PSH_DMT	string	string	3.0		2007		2006	Discipline de prestation (ex DMT)		
T_SSRaaFC	PSH_MDT	string	string	2.0		2007		2006	Mode de traitement		
T_SSRaaFC	REM_BAS	integer	number	7.0		2007		2006	Montant Base remboursement		
T_SSRaaFC	REM_TAU	integer	number	3.0		2007		2006	Taux Remboursement		
T_SSRaaFC	RHA_NUM	string	string	7.0		2007		2006	N° séquentiel (le même que pour les RHA)		
T_SSRaaFC	RSF_TYP	string	string	1.0		2007	2019	2006,2020,2021,2022,2023,2024	Type de format RSF	1=Ancien / 2=Nouveau	
T_SSRaaFC	SOIN_ANN	string	string	4.0		2017	2019	2006,2007,2008,2009,2010,2011,2012,2013,2014,2015,2016,2020,2021,2022,2023,2024	Année de soins		
T_SSRaaFC	SOIN_MOI	string	string	2.0		2017	2019	2006,2007,2008,2009,2010,2011,2012,2013,2014,2015,2016,2020,2021,2022,2023,2024	Mois de soins		
T_SSRaaFC	TYP_ART	string	string	1.0	MS_ENR_V	2007		2006	Type d'enregistrement (C)		
T_SSRaaFCSTC	ACT_COD	string	string	5.0	IR_ACT_COD	2006			Code acte		
T_SSRaaFCSTC	ACT_COE	integer	number	8.0		2006			Coefficient		
T_SSRaaFCSTC	ACT_DNB	integer	number	8.0		2006			Dénombrement		
T_SSRaaFCSTC	ACT_NBR	integer	number	8.0		2006			Quantité		
T_SSRaaFCSTC	AMC_MNR	integer	number	8.0		2006			Montant remboursable par l'organisme complémentaire (AMC)		
T_SSRaaFCSTC	AMO_MNR	integer	number	8.0		2006			Montant Remboursable par la caisse (AMO)		
T_SSRaaFCSTC	COEF_SSR	integer	number	5.0		2006			Coefficient SSR	Correspond au coefficient MCO = coefficient prudentiel x coefficient transition x  coefficient géographique	
T_SSRaaFCSTC	DEL_DAT_ENT	integer	number	5.0		2006			Délai par rapport à la date d'entrée		
T_SSRaaFCSTC	ETA_NUM	string	string	9.0		2006			N° FINESS		
T_SSRaaFCSTC	ETA_NUM_GEO	string	string	9.0		2006			FINESS géographique		
T_SSRaaFCSTC	EXE_SOI_AMD	string	string	6.0		2006			Date de début de la période de facturation (format Mois-année)		
T_SSRaaFCSTC	EXE_SOI_DTD	date	date			2006			Date de début de la période de facturation		
T_SSRaaFCSTC	EXE_SPE	string	string	2.0		2006			Spécialité exécutant		
T_SSRaaFCSTC	EXO_TM	string	string	1.0		2006			Justification exo TM		
T_SSRaaFCSTC	HON_MNT	integer	number	8.0		2006			Montant des honoraire (dépassement compris) ou Montant total de la dépense pour PH		
T_SSRaaFCSTC	NUM_FAC	string	string	3.0		2006			N° Facture séquentiel		
T_SSRaaFCSTC	PRI_UNI	integer	number	8.0		2006			Prix Unitaire		
T_SSRaaFCSTC	PSH_DMT	string	string	3.0		2006			Discipline de prestation (ex DMT)		
T_SSRaaFCSTC	PSH_MDT	string	string	2.0		2006			Mode de traitement		
T_SSRaaFCSTC	REM_BAS	integer	number	8.0		2006			Montant Base remboursement		
T_SSRaaFCSTC	REM_TAU	integer	number	8.0		2006			Taux applicable à la prestation		
T_SSRaaFCSTC	RSF_TYP	string	string	1.0		2006			Type de format RSF	1=Ancien / 2=Nouveau	
T_SSRaaFCSTC	SEQ_NUM	string	string	8.0		2006			N° séquentiel		
T_SSRaaFCSTC	SOR_ANN	string	string	4.0		2006			Année des soins		
T_SSRaaFCSTC	SOR_MOI	string	string	2.0		2006			Mois des soins		
T_SSRaaFCSTC	TYP_ART	string	string	1.0	MS_ENR_V	2006			Type d'enregistrement		
T_SSRaaFCSTC	TYP_UNI_FON_C	string	string	2.0		2006			Type d’unité fonctionnelle de consultations		
T_SSRaaFH	ACH_PRI	integer	number	7.0		2007		2006	Prix d'achat		
T_SSRaaFH	ACT_DEL	integer	number	4.0		2007	2011	2006,2012,2013,2014,2015,2016,2017,2018,2019,2020,2021,2022,2023,2024	Délai de l'acte		
T_SSRaaFH	COD_TAU	string	string	1.0		2007	2016	2006,2017,2018,2019,2020,2021,2022,2023,2024	Code Taux		
T_SSRaaFH	COD_UCP_CIP	string	string	7.0		2007		2006	Code UCD ou CIP		
T_SSRaaFH	DEL_DAT_ENT	integer	number	4.0		2012		2006,2007,2008,2009,2010,2011	Délai par rapport à la date d'entrée		
T_SSRaaFH	ENT_ANN	date	date	8.0		2017	2019	2006,2007,2008,2009,2010,2011,2012,2013,2014,2015,2016,2020,2021,2022,2023,2024	Année de début de séjour		
T_SSRaaFH	ENT_MOI	date	date	8.0		2017	2019	2006,2007,2008,2009,2010,2011,2012,2013,2014,2015,2016,2020,2021,2022,2023,2024	mois de début de séjour		
T_SSRaaFH	ETA_NUM	string	string	9.0		2007		2006	N° FINESS		
T_SSRaaFH	EXE_SOI_AMD	string	string	6.0		2020		2006,2007,2008,2009,2010,2011,2012,2013,2014,2015,2016,2017,2018,2019	Date de début de la période de facturation (format Mois-année)		
T_SSRaaFH	EXE_SOI_DTD	date	date			2020		2006,2007,2008,2009,2010,2011,2012,2013,2014,2015,2016,2017,2018,2019	Date de début de la période de facturation		
T_SSRaaFH	FAC_TOT	integer	number	7.0		2007		2006	Montant total facturé		
T_SSRaaFH	FRACT_COE	integer	number	5.0		2017		2006,2007,2008,2009,2010,2011,2012,2013,2014,2015,2016	Coefficient de fractionnement		
T_SSRaaFH	MNT_IND	integer	number	7.0		2007	2016	2006,2017,2018,2019,2020,2021,2022,2023,2024	Montant écart indemnisable		
T_SSRaaFH	MNT_UNI_ECA	integer	number	9.0		2017		2006,2007,2008,2009,2010,2011,2012,2013,2014,2015,2016	Montant unitaire écart indemnisable		
T_SSRaaFH	NUM_FAC	string	string	3.0		2007		2006	N° Facture séquentiel		
T_SSRaaFH	PRI_UNI_FAC	integer	number	7.0		2007	2016	2006,2017,2018,2019,2020,2021,2022,2023,2024	Prix unitaire facturé		
T_SSRaaFH	QUA_COD	integer	number	3.0		2007		2006	Quantité		
T_SSRaaFH	RHA_NUM	string	string	7.0		2007		2006	N° séquentiel (le même que pour les RHA)		
T_SSRaaFH	RSF_TYP	string	string	1.0		2007	2019	2006,2020,2021,2022,2023,2024	Type de format RSF	1=Ancien / 2=Nouveau	
T_SSRaaFH	TOT_MNT_ECA	integer	number	9.0		2017		2006,2007,2008,2009,2010,2011,2012,2013,2014,2015,2016	Montant total de l'écart indémnisable		
T_SSRaaFH	TYP_ART	string	string	1.0	MS_ENR_V	2007		2006	Type d'enregistrement (H)		
T_SSRaaFH	UCD_UCD_COD	string	string	13.0	NU_UCD_R	2007		2006	Code UCD (0 à gauche)		
T_SSRaaFH	SUS_IND_COD	string	string			2024		2006,2007,2008,2009,2010,2011,2012,2013,2014,2015,2016,2017,2018,2019,2020,2021,2022,2023	COD_LES		
T_SSRaaFHSTC	ACH_PRI	integer	number	7.0		2019		2006,2007,2008,2009,2010,2011,2012,2013,2014,2015,2016,2017,2018	Prix d'achat unitaire TTC		
T_SSRaaFHSTC	COD_UCP_CIP	string	string	7.0		2019		2006,2007,2008,2009,2010,2011,2012,2013,2014,2015,2016,2017,2018	Code UCD ou CIP		
T_SSRaaFHSTC	DEL_DAT_ENT	integer	number	5.0		2019		2006,2007,2008,2009,2010,2011,2012,2013,2014,2015,2016,2017,2018	Délai de l'acte		
T_SSRaaFHSTC	ENT_ANN	string	string	4.0		2019	2019	2006,2007,2008,2009,2010,2011,2012,2013,2014,2015,2016,2017,2018,2020,2021,2022,2023,2024	Année d'entrée		
T_SSRaaFHSTC	ENT_MOI	string	string	2.0		2019	2019	2006,2007,2008,2009,2010,2011,2012,2013,2014,2015,2016,2017,2018,2020,2021,2022,2023,2024	Mois d'entrée		
T_SSRaaFHSTC	ETA_NUM	string	string	9.0		2019		2006,2007,2008,2009,2010,2011,2012,2013,2014,2015,2016,2017,2018	Numéro FINESS e-PMSI		
T_SSRaaFHSTC	ETA_NUM_GEO	string	string	9.0		2019		2006,2007,2008,2009,2010,2011,2012,2013,2014,2015,2016,2017,2018	numéro FINESS géographique		
T_SSRaaFHSTC	EXE_SOI_AMD	date	date			2020		2006,2007,2008,2009,2010,2011,2012,2013,2014,2015,2016,2017,2018,2019	Date d'entrée du séjour		
T_SSRaaFHSTC	EXE_SOI_DTD	date	date			2020		2006,2007,2008,2009,2010,2011,2012,2013,2014,2015,2016,2017,2018,2019	Date de l'acte		
T_SSRaaFHSTC	FAC_TOT	integer	number	7.0		2019		2006,2007,2008,2009,2010,2011,2012,2013,2014,2015,2016,2017,2018	Montant total facturé TTC		
T_SSRaaFHSTC	FRACT_COE	integer	number	5.0		2019		2006,2007,2008,2009,2010,2011,2012,2013,2014,2015,2016,2017,2018	Coefficient de fractionnement		
T_SSRaaFHSTC	MNT_UNI_ECA	integer	number	7.0		2019		2006,2007,2008,2009,2010,2011,2012,2013,2014,2015,2016,2017,2018	Montant unitaire de l'écart indemnisable		
T_SSRaaFHSTC	NUM_FAC	string	string	3.0		2019	2019	2006,2007,2008,2009,2010,2011,2012,2013,2014,2015,2016,2017,2018,2020,2021,2022,2023,2024	N° Facture séquentiel		
T_SSRaaFHSTC	QUA_COD	integer	number	3.0		2019		2006,2007,2008,2009,2010,2011,2012,2013,2014,2015,2016,2017,2018	Quantité		
T_SSRaaFHSTC	RHA_NUM	string	string	7.0		2019	2019	2006,2007,2008,2009,2010,2011,2012,2013,2014,2015,2016,2017,2018,2020,2021,2022,2023,2024	N° Séquentiel du séjour		
T_SSRaaFHSTC	RSF_TYP	string	string	1.0		2019	2019	2006,2007,2008,2009,2010,2011,2012,2013,2014,2015,2016,2017,2018,2020,2021,2022,2023,2024	Type de format RSF	1=Ancien/2=Nouveau	
T_SSRaaFHSTC	SEQ_NUM	string	string	8.0		2020		2006,2007,2008,2009,2010,2011,2012,2013,2014,2015,2016,2017,2018,2019	N° séquentiel de facture		
T_SSRaaFHSTC	TOT_MNT_ECA	integer	number	7.0		2019		2006,2007,2008,2009,2010,2011,2012,2013,2014,2015,2016,2017,2018	Montant total de l'écart indemnisable		
T_SSRaaFHSTC	TYP_ART	string	string	1.0		2019		2006,2007,2008,2009,2010,2011,2012,2013,2014,2015,2016,2017,2018	Type d'enregistrement (H)		
T_SSRaaFHSTC	UCD_UCD_COD	integer	number	13.0		2019		2006,2007,2008,2009,2010,2011,2012,2013,2014,2015,2016,2017,2018	Code UCD (13c)		
T_SSRaaFI	ACT_DEL	integer	number	4.0		2007	2011	2006,2012,2013,2014,2015,2016,2017,2018,2019,2020,2021,2022,2023,2024	Délai de l'acte		
T_SSRaaFI	ACT_DUR	integer	number	3.0		2007	2019	2006,2020,2021,2022,2023,2024	Durée de l'acte		
T_SSRaaFI	DEL_DAT_ENT	integer	number	4.0		2012		2006,2007,2008,2009,2010,2011	Délai par rapport à la date d'entrée		
T_SSRaaFI	ETA_NUM	string	string	9.0		2007		2006	N° FINESS		
T_SSRaaFI	ETB_NUM	string	string	14.0		2007		2006	Etablissement	00000000000000' sur toute la table	
T_SSRaaFI	EXE_SOI_AMD	string	string	6.0		2020		2006,2007,2008,2009,2010,2011,2012,2013,2014,2015,2016,2017,2018,2019	Date de début de la période de facturation (format Mois-année)		
T_SSRaaFI	EXE_SOI_AMF	string	string	6.0		2020		2006,2007,2008,2009,2010,2011,2012,2013,2014,2015,2016,2017,2018,2019	Date de fin de la période de facturation (format Mois-année)		
T_SSRaaFI	EXE_SOI_DTD	date	date			2020		2006,2007,2008,2009,2010,2011,2012,2013,2014,2015,2016,2017,2018,2019	Date de début de la période de facturation		
T_SSRaaFI	EXE_SOI_DTF	date	date			2020		2006,2007,2008,2009,2010,2011,2012,2013,2014,2015,2016,2017,2018,2019	Date de fin de la période de facturation		
T_SSRaaFI	NUM_FAC	string	string	3.0		2007		2006	N° Facture séquentiel		
T_SSRaaFI	RHA_NUM	string	string	7.0		2007		2006	N° séquentiel (le même que pour les RHA)		
T_SSRaaFI	RSF_TYP	string	string	1.0		2007	2019	2006,2020,2021,2022,2023,2024	Type de format RSF	1=Ancien / 2=Nouveau	
T_SSRaaFI	SEJ_FIN	string	string	1.0		2007		2006	Nature d'intervention ou de fin de séjour		
T_SSRaaFI	TYP_ART	string	string	1.0	MS_ENR_V	2007		2006	Type d'enregistrement (I)		
T_SSRaaFL	ACT_NBR	integer	number	2.0		2006			Quantité acte		
T_SSRaaFL	ANN_MOI	string	string	6.0		2006			Mois et année		
T_SSRaaFL	DEL_DAT_ENT	integer	number	5.0		2006			délai par rapport à la date d'entrée		
T_SSRaaFL	ETA_NUM	string	string	9.0		2006			N° FINESS		
T_SSRaaFL	EXE_SOI_AMD	string	string	6.0		2006			Date de début de la période de facturation (format Mois-année)		
T_SSRaaFL	EXE_SOI_DTD	date	date			2006			Date de début de la période de facturation		
T_SSRaaFL	NABM_COD	string	string	8.0	IR_BIO_R	2006			Code acte NABM		
T_SSRaaFL	NUM_FAC	string	string	3.0		2006			N° Facture séquentiel		
T_SSRaaFL	PSH_DMT	string	string	3.0		2006			Discipline de prestation (ex DMT)		
T_SSRaaFL	PSH_MDT	string	string	2.0		2006			Mode de traitement		
T_SSRaaFL	RHA_NUM	string	string	7.0		2006			N° Séquentiel du séjour		
T_SSRaaFL	RSF_TYP	string	string	1.0		2006			Type de format RSF	1=Ancien / 2=Nouveau	
T_SSRaaFL	TYP_ART	string	string	1.0	MS_ENR_V	2006			Type d'enregistrement (L)		
T_SSRaaFLSTC	ACT_NBR	integer	number	2.0		2006			Quantité acte		
T_SSRaaFLSTC	ANN_MOI	string	string	6.0		2006			Mois et année		
T_SSRaaFLSTC	DEL_DAT_ENT	integer	number	5.0		2006			délai par rapport à la date d'entrée		
T_SSRaaFLSTC	ETA_NUM	string	string	9.0		2006			N° FINESS		
T_SSRaaFLSTC	ETA_NUM_GEO	string	string	9.0		2006			FINESS géographique		
T_SSRaaFLSTC	EXE_SOI_AMD	string	string	6.0		2006			Date de début de la période de facturation (format Mois-année)		
T_SSRaaFLSTC	EXE_SOI_DTD	date	date			2006			Date de début de la période de facturation		
T_SSRaaFLSTC	NABM_COD	string	string	8.0	IR_BIO_R	2006			Code acte NABM		
T_SSRaaFLSTC	NUM_FAC	string	string	3.0		2006			N° Facture séquentiel		
T_SSRaaFLSTC	PSH_DMT	string	string	3.0		2006			Discipline de prestation (ex DMT)		
T_SSRaaFLSTC	PSH_MDT	string	string	2.0		2006			Mode de traitement		
T_SSRaaFLSTC	RSF_TYP	string	string	1.0		2006			Type de format RSF	1=Ancien / 2=Nouveau	
T_SSRaaFLSTC	SEQ_NUM	string	string	8.0		2006			N° séquentiel		
T_SSRaaFLSTC	TYP_ART	string	string	1.0	MS_ENR_V	2006			Type d'enregistrement (L)		
T_SSRaaFM	ACT_DEL	integer	number	4.0		2007	2011	2006,2012,2013,2014,2015,2016,2017,2018,2019,2020,2021,2022,2023,2024	Délai de l'acte		
T_SSRaaFM	ACV_ACT	string	string	1.0		2007		2006	Activité		
T_SSRaaFM	ANP_ACT	string	string	1.0		2007		2006	Association non prévue		
T_SSRaaFM	CCAM_COD	string	string	13.0	XC_ACT_R	2007		2006	Code CCAM		
T_SSRaaFM	DEL_DAT_ENT	integer	number	4.0		2012		2006,2007,2008,2009,2010,2011	Délai par rapport à la date d'entrée		
T_SSRaaFM	DENT_NUM_1	string	string	2.0		2007		2006	N° dent 1		
T_SSRaaFM	DENT_NUM_10	string	string	2.0		2007		2006	N° dent 10		
T_SSRaaFM	DENT_NUM_11	string	string	2.0		2007		2006	N° dent 11		
T_SSRaaFM	DENT_NUM_12	string	string	2.0		2007		2006	N° dent 12		
T_SSRaaFM	DENT_NUM_13	string	string	2.0		2007		2006	N° dent 13		
T_SSRaaFM	DENT_NUM_14	string	string	2.0		2007		2006	N° dent 14		
T_SSRaaFM	DENT_NUM_15	string	string	2.0		2007		2006	N° dent 15		
T_SSRaaFM	DENT_NUM_16	string	string	2.0		2007		2006	N° dent 16		
T_SSRaaFM	DENT_NUM_2	string	string	2.0		2007		2006	N° dent 2		
T_SSRaaFM	DENT_NUM_3	string	string	2.0		2007		2006	N° dent 3		
T_SSRaaFM	DENT_NUM_4	string	string	2.0		2007		2006	N° dent 4		
T_SSRaaFM	DENT_NUM_5	string	string	2.0		2007		2006	N° dent 5		
T_SSRaaFM	DENT_NUM_6	string	string	2.0		2007		2006	N° dent 6		
T_SSRaaFM	DENT_NUM_7	string	string	2.0		2007		2006	N° dent 7		
T_SSRaaFM	DENT_NUM_8	string	string	2.0		2007		2006	N° dent 8		
T_SSRaaFM	DENT_NUM_9	string	string	2.0		2007		2006	N° dent 9		
T_SSRaaFM	DOC_ACT	string	string	1.0		2007		2006	Extension documentaire		
T_SSRaaFM	ETA_NUM	string	string	9.0		2007		2006	N° FINESS		
T_SSRaaFM	EXE_SOI_AMD	string	string	6.0		2020		2006,2007,2008,2009,2010,2011,2012,2013,2014,2015,2016,2017,2018,2019	Date de début de la période de facturation (format Mois-année)		
T_SSRaaFM	EXE_SOI_DTD	date	date			2020		2006,2007,2008,2009,2010,2011,2012,2013,2014,2015,2016,2017,2018,2019	Date de début de la période de facturation		
T_SSRaaFM	MOD_ACT1	string	string	1.0		2007		2006	Modificateur 1		
T_SSRaaFM	MOD_ACT2	string	string	1.0		2007		2006	Modificateur 2		
T_SSRaaFM	MOD_ACT3	string	string	1.0		2007		2006	Modificateur 3		
T_SSRaaFM	MOD_ACT4	string	string	1.0		2007		2006	Modificateur 4		
T_SSRaaFM	NUM_FAC	string	string	3.0		2007		2006	N° Facture séquentiel		
T_SSRaaFM	PHA_ACT	string	string	1.0		2007		2006	Phase		
T_SSRaaFM	PSH_DMT	string	string	3.0		2007		2006	DMT		
T_SSRaaFM	PSH_MDT	string	string	2.0		2007		2006	Mode de traitement		
T_SSRaaFM	REM_EXP_ACT	string	string	1.0		2007		2006	Code remb exceptionnel		
T_SSRaaFM	RHA_NUM	string	string	7.0		2007		2006	N° séquentiel (le même que pour les RHA)		
T_SSRaaFM	RSF_TYP	string	string	1.0		2007	2019	2006,2020,2021,2022,2023,2024	Type de format RSF	1=Ancien / 2=Nouveau	
T_SSRaaFM	SOR_ANN	string	string	4.0		2017	2019	2006,2007,2008,2009,2010,2011,2012,2013,2014,2015,2016,2020,2021,2022,2023,2024	Année de sortie		
T_SSRaaFM	SOR_MOI	string	string	2.0		2017	2019	2006,2007,2008,2009,2010,2011,2012,2013,2014,2015,2016,2020,2021,2022,2023,2024	Mois de sortie		
T_SSRaaFM	TYP_ART	string	string	1.0	MS_ENR_V	2007		2006	Type d'enregistrement (M)		
T_SSRaaFMSTC	ACV_ACT	string	string	1.0		2006			Activité		
T_SSRaaFMSTC	ANP_ACT	string	string	1.0		2006			Code association d'actes non prévue		
T_SSRaaFMSTC	CCAM_COD	string	string	13.0	XC_ACT_R	2006			Code CCAM		
T_SSRaaFMSTC	DEL_DAT_ENT	integer	number	5.0		2006			Délai par rapport à la date d'entrée		
T_SSRaaFMSTC	DENT_NUM_1	string	string	2.0		2006			N° dent 1		
T_SSRaaFMSTC	DENT_NUM_10	string	string	2.0		2006			N° dent 10		
T_SSRaaFMSTC	DENT_NUM_11	string	string	2.0		2006			N° dent 11		
T_SSRaaFMSTC	DENT_NUM_12	string	string	2.0		2006			N° dent 12		
T_SSRaaFMSTC	DENT_NUM_13	string	string	2.0		2006			N° dent 13		
T_SSRaaFMSTC	DENT_NUM_14	string	string	2.0		2006			N° dent 14		
T_SSRaaFMSTC	DENT_NUM_15	string	string	2.0		2006			N° dent 15		
T_SSRaaFMSTC	DENT_NUM_16	string	string	2.0		2006			N° dent 16		
T_SSRaaFMSTC	DENT_NUM_2	string	string	2.0		2006			N° dent 2		
T_SSRaaFMSTC	DENT_NUM_3	string	string	2.0		2006			N° dent 3		
T_SSRaaFMSTC	DENT_NUM_4	string	string	2.0		2006			N° dent 4		
T_SSRaaFMSTC	DENT_NUM_5	string	string	2.0		2006			N° dent 5		
T_SSRaaFMSTC	DENT_NUM_6	string	string	2.0		2006			N° dent 6		
T_SSRaaFMSTC	DENT_NUM_7	string	string	2.0		2006			N° dent 7		
T_SSRaaFMSTC	DENT_NUM_8	string	string	2.0		2006			N° dent 8		
T_SSRaaFMSTC	DENT_NUM_9	string	string	2.0		2006			N° dent 9		
T_SSRaaFMSTC	DOC_ACT	string	string	1.0		2006			Extension documentaire		
T_SSRaaFMSTC	ETA_NUM	string	string	9.0		2006			Numéro FINESS		
T_SSRaaFMSTC	ETA_NUM_GEO	string	string	9.0		2006			FINESS géographique		
T_SSRaaFMSTC	EXE_SOI_AMD	string	string	6.0		2006			Date de début de la période de facturation (format Mois-année)		
T_SSRaaFMSTC	EXE_SOI_DTD	date	date			2006			Date de début de la période de facturation		
T_SSRaaFMSTC	MOD_ACT1	string	string	1.0		2006			Modificateur 1		
T_SSRaaFMSTC	MOD_ACT2	string	string	1.0		2006			Modificateur 2		
T_SSRaaFMSTC	MOD_ACT3	string	string	1.0		2006			Modificateur 3		
T_SSRaaFMSTC	MOD_ACT4	string	string	1.0		2006			Modificateur 4		
T_SSRaaFMSTC	NUM_FAC	string	string	3.0		2006			N° Facture séquentiel		
T_SSRaaFMSTC	PHA_ACT	string	string	1.0		2006			Phase		
T_SSRaaFMSTC	PSH_DMT	string	string	3.0		2006			Discipline de prestation (ex DMT)		
T_SSRaaFMSTC	PSH_MDT	string	string	2.0		2006			Mode de traitement		
T_SSRaaFMSTC	REM_EXP_ACT	string	string	1.0		2006			Code remboursement sous condition		
T_SSRaaFMSTC	RSF_TYP	string	string	1.0		2006			Type de format RSF	1=Ancien / 2=Nouveau	
T_SSRaaFMSTC	SEQ_NUM	string	string	8.0		2006			N° séquentiel		
T_SSRaaFMSTC	SOR_ANN	string	string	4.0		2006			Année de sortie		
T_SSRaaFMSTC	SOR_MOI	string	string	2.0		2006			Mois de sortie		
T_SSRaaFMSTC	TYP_ART	string	string	1.0	MS_ENR_V	2006			Type d'enregistrement		
T_SSRaaFP	ACT_DEL	integer	number	4.0		2007	2011	2006,2012,2013,2014,2015,2016,2017,2018,2019,2020,2021,2022,2023,2024	Délai de l'acte		
T_SSRaaFP	DEL_DAT_ENT	integer	number	4.0		2012		2006,2007,2008,2009,2010,2011	Délai par rapport à la date d'entrée		
T_SSRaaFP	ETA_NUM	string	string	9.0		2007		2006	N° FINESS		
T_SSRaaFP	EXE_SOI_AMD	string	string	6.0		2020		2006,2007,2008,2009,2010,2011,2012,2013,2014,2015,2016,2017,2018,2019	Date de début de la période de facturation (format Mois-année)		
T_SSRaaFP	EXE_SOI_DTD	date	date			2020		2006,2007,2008,2009,2010,2011,2012,2013,2014,2015,2016,2017,2018,2019	Date de début de la période de facturation		
T_SSRaaFP	FAC_MNT	integer	number	9.0		2017		2006,2007,2008,2009,2010,2011,2012,2013,2014,2015,2016	Montant facturé		
T_SSRaaFP	FAC_MNT1	integer	number	7.0		2007	2016	2006,2017,2018,2019,2020,2021,2022,2023,2024	Montant facturé 1		
T_SSRaaFP	FAC_MNT2	integer	number	7.0		2007	2016	2006,2017,2018,2019,2020,2021,2022,2023,2024	Montant facturé 2		
T_SSRaaFP	LPP_COD	string	string	13.0		2017		2006,2007,2008,2009,2010,2011,2012,2013,2014,2015,2016	Code LPP		
T_SSRaaFP	LPP_COD1	string	string	13.0		2007	2016	2006,2017,2018,2019,2020,2021,2022,2023,2024	Code LPP 1		
T_SSRaaFP	LPP_COD2	string	string	13.0		2007	2016	2006,2017,2018,2019,2020,2021,2022,2023,2024	Code LPP 2		
T_SSRaaFP	LPP_PRI_REF	integer	number	9.0		2017		2006,2007,2008,2009,2010,2011,2012,2013,2014,2015,2016	Tarif référence LPP / Prix Unitaire		
T_SSRaaFP	LPP_PRI_UNI	integer	number	7.0		2017		2006,2007,2008,2009,2010,2011,2012,2013,2014,2015,2016	Prix d'achat unitaire		
T_SSRaaFP	LPP_PRI_UNI1	integer	number	7.0		2007	2016	2006,2017,2018,2019,2020,2021,2022,2023,2024	Tarif référence LPP / Prix Unitaire 1		
T_SSRaaFP	LPP_PRI_UNI2	integer	number	7.0		2007	2016	2006,2017,2018,2019,2020,2021,2022,2023,2024	Tarif référence LPP / Prix Unitaire 2		
T_SSRaaFP	LPP_QUA	integer	number	2.0		2017		2006,2007,2008,2009,2010,2011,2012,2013,2014,2015,2016	Quantité		
T_SSRaaFP	LPP_QUA1	integer	number	2.0		2007	2016	2006,2017,2018,2019,2020,2021,2022,2023,2024	Quantité 1		
T_SSRaaFP	LPP_QUA2	integer	number	2.0		2007	2016	2006,2017,2018,2019,2020,2021,2022,2023,2024	Quantité 2		
T_SSRaaFP	MNT_UNI_ECA	integer	number	7.0		2017		2006,2007,2008,2009,2010,2011,2012,2013,2014,2015,2016	Montant unitaire de l'écart indemnisable		
T_SSRaaFP	NUM_FAC	string	string	3.0		2007		2006	N° Facture séquentiel		
T_SSRaaFP	RHA_NUM	string	string	7.0		2007		2006	N° séquentiel (le même que pour les RHA)		
T_SSRaaFP	RSF_TYP	string	string	1.0		2007	2019	2006,2020,2021,2022,2023,2024	Type de format RSF	1=Ancien / 2=Nouveau	
T_SSRaaFP	SOR_ANN	string	string	4.0		2017	2019	2006,2007,2008,2009,2010,2011,2012,2013,2014,2015,2016,2020,2021,2022,2023,2024	Année de sortie		
T_SSRaaFP	SOR_MOI	string	string	2.0		2017	2019	2006,2007,2008,2009,2010,2011,2012,2013,2014,2015,2016,2020,2021,2022,2023,2024	Mois de sortie		
T_SSRaaFP	TIP_PRS_IDE	integer	number	13.0	NT_LPP	2007		2006	Code référence LPP (format numérique)		
T_SSRaaFP	TOT_MNT_ECA	integer	number	7.0		2017		2006,2007,2008,2009,2010,2011,2012,2013,2014,2015,2016	Montant total de l'écart indémnisable		
T_SSRaaFP	TYP_ART	string	string	1.0	MS_ENR_V	2007		2006	Type d'enregistrement (P)		
T_SSRaaFPSTC	DEL_DAT_ENT	integer	number	5.0		2020		2006,2007,2008,2009,2010,2011,2012,2013,2014,2015,2016,2017,2018,2019	Délai de l'acte		
T_SSRaaFPSTC	ETA_NUM	string	string	9.0		2020		2006,2007,2008,2009,2010,2011,2012,2013,2014,2015,2016,2017,2018,2019	Numéro FINESS e-PMSI		
T_SSRaaFPSTC	ETA_NUM_GEO	string	string	9.0		2020		2006,2007,2008,2009,2010,2011,2012,2013,2014,2015,2016,2017,2018,2019	numéro FINESS géographique		
T_SSRaaFPSTC	EXE_SOI_AMD	date	date			2020		2006,2007,2008,2009,2010,2011,2012,2013,2014,2015,2016,2017,2018,2019	Date d'entrée du séjour		
T_SSRaaFPSTC	EXE_SOI_DTD	date	date			2020		2006,2007,2008,2009,2010,2011,2012,2013,2014,2015,2016,2017,2018,2019	Date de l acte		
T_SSRaaFPSTC	FAC_MNT	integer	number	7.0		2020		2006,2007,2008,2009,2010,2011,2012,2013,2014,2015,2016,2017,2018,2019	Montant facturé		
T_SSRaaFPSTC	LPP_COD	string	string	13.0		2020		2006,2007,2008,2009,2010,2011,2012,2013,2014,2015,2016,2017,2018,2019	Code référence LPP		
T_SSRaaFPSTC	LPP_PRI_REF	integer	number	7.0		2020		2006,2007,2008,2009,2010,2011,2012,2013,2014,2015,2016,2017,2018,2019	Tarif référence LPP ou Prix Unitaire sur devis		
T_SSRaaFPSTC	LPP_PRI_UNI	integer	number	7.0		2020		2006,2007,2008,2009,2010,2011,2012,2013,2014,2015,2016,2017,2018,2019	Prix d'achat unitaire		
T_SSRaaFPSTC	LPP_QUA	integer	number	2.0		2020		2006,2007,2008,2009,2010,2011,2012,2013,2014,2015,2016,2017,2018,2019	Quantité		
T_SSRaaFPSTC	MNT_UNI_ECA	integer	number	7.0		2020		2006,2007,2008,2009,2010,2011,2012,2013,2014,2015,2016,2017,2018,2019	Montant unitaire de l'écart indemnisable		
T_SSRaaFPSTC	SEQ_NUM	string	string	8.0		2020		2006,2007,2008,2009,2010,2011,2012,2013,2014,2015,2016,2017,2018,2019	N° séquentiel de facture		
T_SSRaaFPSTC	TIP_PRS_IDE	integer	number	13.0		2020		2006,2007,2008,2009,2010,2011,2012,2013,2014,2015,2016,2017,2018,2019	Code LPP (13 c)		
T_SSRaaFPSTC	TOT_MNT_ECA	integer	number	7.0		2020		2006,2007,2008,2009,2010,2011,2012,2013,2014,2015,2016,2017,2018,2019	Montant total de l'écart indemnisable		
T_SSRaaFPSTC	TYP_ART	string	string	1.0		2020		2006,2007,2008,2009,2010,2011,2012,2013,2014,2015,2016,2017,2018,2019	Type d'enregistrement		
T_SSRaaGHJ	ETA_NUM	string	string	9		2006	2012	2013,2014,2015,2016,2017,2018,2019,2020,2021,2022,2023,2024	N° FINESS		
T_SSRaaGHJ	GHJ_COD	string	string	5		2006	2012	2013,2014,2015,2016,2017,2018,2019,2020,2021,2022,2023,2024	Code GMD		
T_SSRaaGHJ	NBR_JOU	integer	number	3		2006	2012	2013,2014,2015,2016,2017,2018,2019,2020,2021,2022,2023,2024	Nombre de jours		
T_SSRaaGHJ	RHA_NUM	string	string	7		2006	2012	2013,2014,2015,2016,2017,2018,2019,2020,2021,2022,2023,2024	N° Séquentiel du séjour		
T_SSRaaGHJ	RHA_VER	string	string	3		2006	2012	2013,2014,2015,2016,2017,2018,2019,2020,2021,2022,2023,2024	N° version du format du RHA	M25	
T_SSRaaGME	ETA_NUM	string	string	9		2012		2006,2007,2008,2009,2010,2011	N° FINESS		
T_SSRaaGME	GME	string	string	6		2012	2012	2006,2007,2008,2009,2010,2011,2013,2014,2015,2016,2017,2018,2019,2020,2021,2022,2023,2024	GME		
T_SSRaaGME	GME_COD	string	string	6		2013		2006,2007,2008,2009,2010,2011,2012	Code GME		
T_SSRaaGME	GMT_NUM	string	string	4		2017		2006,2007,2008,2009,2010,2011,2012,2013,2014,2015,2016	GMT		
T_SSRaaGME	NBR_JOU	integer	number	3		2013		2006,2007,2008,2009,2010,2011,2012	Nombre de jours		
T_SSRaaGME	RET_COD	string	string	3		2012	2012	2006,2007,2008,2009,2010,2011,2013,2014,2015,2016,2017,2018,2019,2020,2021,2022,2023,2024	Code retour	Liste des code retour disponible à partir de la page 63 du manuel de GENRHA disponible à cette adresse:http://dl2-atih.atih.sante.fr/1/47/1180/genrha.pdf	
T_SSRaaGME	RHA_NUM	string	string	7		2012		2006,2007,2008,2009,2010,2011	N° séquentiel du séjour		
T_SSRaaGME	RHA_VER	string	string	3		2013		2006,2007,2008,2009,2010,2011,2012	N° version du format du RHA	M25	
T_SSRaaGME	RHS_NUM	string	string	3		2012	2012	2006,2007,2008,2009,2010,2011,2013,2014,2015,2016,2017,2018,2019,2020,2021,2022,2023,2024	N° séquentiel du RHS		
T_SSRaaLEG	ANN	string	string	4		2014		2006,2007,2008,2009,2010,2011,2012,2013	Année période		
T_SSRaaLEG	COD_ERR	string	string	4		2014		2006,2007,2008,2009,2010,2011,2012,2013	Code erreur		
T_SSRaaLEG	ETA_NUM	string	string	9		2014		2006,2007,2008,2009,2010,2011,2012,2013	N° FINESS		
T_SSRaaLEG	MOI	string	string	2		2014		2006,2007,2008,2009,2010,2011,2012,2013	Mois période		
T_SSRaaLEG	RHA_NUM	string	string	7		2014		2006,2007,2008,2009,2010,2011,2012,2013	N° Séquentiel du séjour		
T_SSRaaLEG	RHS_NUM	string	string	3		2014		2006,2007,2008,2009,2010,2011,2012,2013	Numéro séquentiel du RHS		
T_SSRaaMED	ACH_PRI_ADM	integer	number	10.0		2010		2006,2007,2008,2009	Prix d'achat multiplié par le nombre administré	7+3	
T_SSRaaMED	ADM_ANN	string	string	4.0		2010		2006,2007,2008,2009	Année de la date d'administration		
T_SSRaaMED	ADM_MOIS	string	string	2.0		2010		2006,2007,2008,2009	Mois de la date d'administration		
T_SSRaaMED	ADM_NBR	integer	number	10.0		2010		2006,2007,2008,2009	Nombre administré éventuellement fractionnaire	7+3	
T_SSRaaMED	ANN	string	string	4.0		2010		2006,2007,2008,2009	Année période		
T_SSRaaMED	DAT_DELAI	integer	number	4.0		2010		2006,2007,2008,2009	Délai entre la date d’entrée du séjour et la date de dispensation		
T_SSRaaMED	ETA_NUM	string	string	9.0		2010		2006,2007,2008,2009	N° FINESS		
T_SSRaaMED	MOIS	string	string	2.0		2010		2006,2007,2008,2009	N° période (mois)		
T_SSRaaMED	PRS_TYP	string	string	2.0		2010		2006,2007,2008,2009	Type de prestation	07	
T_SSRaaMED	RHA_NUM	string	string	7.0		2010		2006,2007,2008,2009	Numéro séquentiel de séjour		
T_SSRaaMED	RHS_NUM	string	string	3.0		2010		2006,2007,2008,2009	Numéro séquentiel du RHS		
T_SSRaaMED	TOP_UCD_AUTO	string	string	1.0		2015		2006,2007,2008,2009,2010,2011,2012,2013,2014	Top transcodage UCD13 auto	1=oui, 2=non	
T_SSRaaMED	UCD_COD	string	string	9.0		2010	2014	2006,2007,2008,2009,2015,2016,2017,2018,2019,2020,2021,2022,2023,2024	Code UCD		
T_SSRaaMED	UCD_UCD_COD	string	string	13.0	NU_UCD_R	2010		2006,2007,2008,2009	Code UCD (avec 0 à gauche)	A partir du 2015 transmise sur 13 caractères par ATIH avant générée par CNAMTS	
T_SSRaaMED	SUS_IND_COD	string	string			2024		2006,2007,2008,2009,2010,2011,2012,2013,2014,2015,2016,2017,2018,2019,2020,2021,2022,2023	COD_LES		
T_SSRaaMEDAPAC	ACH_PRI_ADM	integer	number	10.3		2022		2006,2007,2008,2009,2010,2011,2012,2013,2014,2015,2016,2017,2018,2019,2020,2021	Prix d'achat multiplié par le nombre administré	7+3	
T_SSRaaMEDAPAC	ADM_ANN	string	string	4.0		2022		2006,2007,2008,2009,2010,2011,2012,2013,2014,2015,2016,2017,2018,2019,2020,2021	Année de la date d'administration		
T_SSRaaMEDAPAC	ADM_MOIS	string	string	2.0		2022		2006,2007,2008,2009,2010,2011,2012,2013,2014,2015,2016,2017,2018,2019,2020,2021	Mois de la date d'administration		
T_SSRaaMEDAPAC	ADM_NBR	integer	number	10.3		2022		2006,2007,2008,2009,2010,2011,2012,2013,2014,2015,2016,2017,2018,2019,2020,2021	Nombre administré éventuellement fractionnaire	7+3	
T_SSRaaMEDAPAC	ANN	string	string	4.0		2022		2006,2007,2008,2009,2010,2011,2012,2013,2014,2015,2016,2017,2018,2019,2020,2021	Année période		
T_SSRaaMEDAPAC	DAT_DELAI	integer	number	4.0		2022		2006,2007,2008,2009,2010,2011,2012,2013,2014,2015,2016,2017,2018,2019,2020,2021	Délai entre la date d’entrée du séjour et la date de dispensation		
T_SSRaaMEDAPAC	ETA_NUM	string	string	9.0		2022		2006,2007,2008,2009,2010,2011,2012,2013,2014,2015,2016,2017,2018,2019,2020,2021	N° FINESS		
T_SSRaaMEDAPAC	MOI	string	string	2.0		2022		2006,2007,2008,2009,2010,2011,2012,2013,2014,2015,2016,2017,2018,2019,2020,2021	N° période (mois)		
T_SSRaaMEDAPAC	PRS_TYP	string	string	2.0		2022		2006,2007,2008,2009,2010,2011,2012,2013,2014,2015,2016,2017,2018,2019,2020,2021	Type de prestation	7	
T_SSRaaMEDAPAC	RHA_NUM	string	string	7.0		2022		2006,2007,2008,2009,2010,2011,2012,2013,2014,2015,2016,2017,2018,2019,2020,2021	N° Séquentiel du séjour		
T_SSRaaMEDAPAC	RHS_NUM	string	string	3.0		2022		2006,2007,2008,2009,2010,2011,2012,2013,2014,2015,2016,2017,2018,2019,2020,2021	Numéro séquentiel du RHS		
T_SSRaaMEDAPAC	TOP_UCD_AUTO	string	string	1.0		2022		2006,2007,2008,2009,2010,2011,2012,2013,2014,2015,2016,2017,2018,2019,2020,2021	Top transcodage UCD13 auto	1=oui, 2=non	
T_SSRaaMEDAPAC	UCD_UCD_COD	string	string	13.0		2022		2006,2007,2008,2009,2010,2011,2012,2013,2014,2015,2016,2017,2018,2019,2020,2021	Code UCD	A partir du 2015 transmise sur 13 caractères par ATIH avt générée par CNAMTS	
T_SSRaaMEDAPAC	SUS_IND_COD	string	string			2024		2006,2007,2008,2009,2010,2011,2012,2013,2014,2015,2016,2017,2018,2019,2020,2021,2022,2023	COD_LES		
T_SSRaaMEDATU	ACH_PRI_ADM	integer	number	10		2012	2021	2006,2007,2008,2009,2010,2011,2022,2023,2024	Prix d'achat multiplié par le nombre administré	7+3	
T_SSRaaMEDATU	ADM_ANN	string	string	4		2012	2021	2006,2007,2008,2009,2010,2011,2022,2023,2024	Année de la date d'administration		
T_SSRaaMEDATU	ADM_MOIS	string	string	2		2012	2021	2006,2007,2008,2009,2010,2011,2022,2023,2024	Mois de la date d'administration		
T_SSRaaMEDATU	ADM_NBR	integer	number	10		2012	2021	2006,2007,2008,2009,2010,2011,2022,2023,2024	Nombre administré éventuellement fractionnaire	7+3	
T_SSRaaMEDATU	ANN	string	string	4		2012	2021	2006,2007,2008,2009,2010,2011,2022,2023,2024	Année période		
T_SSRaaMEDATU	DAT_DELAI	integer	number	4		2012	2021	2006,2007,2008,2009,2010,2011,2022,2023,2024	Délai entre la date d’entrée du séjour et la date de dispensation		
T_SSRaaMEDATU	ETA_NUM	string	string	9		2012	2021	2006,2007,2008,2009,2010,2011,2022,2023,2024	N° FINESS		
T_SSRaaMEDATU	MOI	string	string	2		2012	2021	2006,2007,2008,2009,2010,2011,2022,2023,2024	N° période (mois)		
T_SSRaaMEDATU	PRS_TYP	string	string	2		2012	2021	2006,2007,2008,2009,2010,2011,2022,2023,2024	Type de prestation	07	
T_SSRaaMEDATU	RHA_NUM	string	string	7		2012	2021	2006,2007,2008,2009,2010,2011,2022,2023,2024	Numéro séquentiel de séjour		
T_SSRaaMEDATU	RHS_NUM	string	string	3		2012	2021	2006,2007,2008,2009,2010,2011,2022,2023,2024	Numéro séquentiel du RHS		
T_SSRaaMEDATU	TOP_UCD_AUTO	string	string	1		2015	2021	2006,2007,2008,2009,2010,2011,2012,2013,2014,2022,2023,2024	Top transcodage UCD13 auto	1=oui, 2=non	
T_SSRaaMEDATU	UCD_COD	string	string	9		2012	2014	2006,2007,2008,2009,2010,2011,2015,2016,2017,2018,2019,2020,2021,2022,2023,2024	Code UCD		
T_SSRaaMEDATU	UCD_UCD_COD	string	string	13	NU_UCD_R	2012	2021	2006,2007,2008,2009,2010,2011,2022,2023,2024	Code UCD (avec 0 à gauche)		
T_SSRaaMEDSMR	ACH_PRI_ADM	integer	number	10		2025		2006,2007,2008,2009,2010,2011,2012,2013,2014,2015,2016,2017,2018,2019,2020,2021,2022,2023,2024	Prix d'achat multiplié par le nombre administré	7+3	
T_SSRaaMEDSMR	ADM_ANN	string	string	4		2025		2006,2007,2008,2009,2010,2011,2012,2013,2014,2015,2016,2017,2018,2019,2020,2021,2022,2023,2024	Année de la date d'administration		
T_SSRaaMEDSMR	ADM_MOIS	string	string	2		2025		2006,2007,2008,2009,2010,2011,2012,2013,2014,2015,2016,2017,2018,2019,2020,2021,2022,2023,2024	Mois de la date d'administration		
T_SSRaaMEDSMR	ADM_NBR	integer	number	10		2025		2006,2007,2008,2009,2010,2011,2012,2013,2014,2015,2016,2017,2018,2019,2020,2021,2022,2023,2024	Nombre administré éventuellement fractionnaire	7+3	
T_SSRaaMEDSMR	ANN	string	string	4		2025		2006,2007,2008,2009,2010,2011,2012,2013,2014,2015,2016,2017,2018,2019,2020,2021,2022,2023,2024	Année période		
T_SSRaaMEDSMR	DAT_DELAI	integer	number	4		2025		2006,2007,2008,2009,2010,2011,2012,2013,2014,2015,2016,2017,2018,2019,2020,2021,2022,2023,2024	Délai entre la date d’entrée du séjour et la date de dispensation		
T_SSRaaMEDSMR	ETA_NUM	string	string	9		2025		2006,2007,2008,2009,2010,2011,2012,2013,2014,2015,2016,2017,2018,2019,2020,2021,2022,2023,2024	N° FINESS		
T_SSRaaMEDSMR	MOI	string	string	2		2025		2006,2007,2008,2009,2010,2011,2012,2013,2014,2015,2016,2017,2018,2019,2020,2021,2022,2023,2024	N° période (mois)		
T_SSRaaMEDSMR	PRS_TYP	string	string	2		2025		2006,2007,2008,2009,2010,2011,2012,2013,2014,2015,2016,2017,2018,2019,2020,2021,2022,2023,2024	Type de prestation	07	
T_SSRaaMEDSMR	RHA_NUM	string	string	7		2025		2006,2007,2008,2009,2010,2011,2012,2013,2014,2015,2016,2017,2018,2019,2020,2021,2022,2023,2024	Numéro séquentiel de séjour		
T_SSRaaMEDSMR	RHS_NUM	string	string	3		2025		2006,2007,2008,2009,2010,2011,2012,2013,2014,2015,2016,2017,2018,2019,2020,2021,2022,2023,2024	Numéro séquentiel du RHS		
T_SSRaaMEDSMR	SUS_IND_COD	string	string	7		2025		2006,2007,2008,2009,2010,2011,2012,2013,2014,2015,2016,2017,2018,2019,2020,2021,2022,2023,2024	Indication		
T_SSRaaMEDSMR	TOP_UCD_AUTO	string	string	1		2025		2006,2007,2008,2009,2010,2011,2012,2013,2014,2015,2016,2017,2018,2019,2020,2021,2022,2023,2024	Top transcodage UCD13 auto	1=oui, 2=non	
T_SSRaaMEDSMR	UCD_UCD_COD	string	string	13		2025		2006,2007,2008,2009,2010,2011,2012,2013,2014,2015,2016,2017,2018,2019,2020,2021,2022,2023,2024	Code UCD (avec 0 à gauche)		
T_SSRaaS	ACT_TYP	string	string	1		2006			Type d’hospitalisation		
T_SSRaaS	DUMMY	string	string	#		2011	2011	2006,2007,2008,2009,2010,2012,2013,2014,2015,2016,2017,2018,2019,2020,2021,2022,2023,2024	DUMMY	Variable vide	
T_SSRaaS	ENT_MOD	string	string	1	MS_PRV_V	2006			Mode d’entrée		
T_SSRaaS	ENT_PRV	string	string	1	MS_PRV_V	2006			Provenance		
T_SSRaaS	ETA_NUM	string	string	9		2006			N° FINESS		
T_SSRaaS	GEN_VER	string	string	3		2006			Version de GENRHA		
T_SSRaaS	NBR_CM	integer	number	2		2013	2016	2006,2007,2008,2009,2010,2011,2012,2017,2018,2019,2020,2021,2022,2023,2024	Nombre de CM (nc)		
T_SSRaaS	NBR_CMC	integer	number	2		2006	2012	2013,2014,2015,2016,2017,2018,2019,2020,2021,2022,2023,2024	Nombre de CMC (nc)		
T_SSRaaS	NBR_GHJ	integer	number	2		2006	2012	2013,2014,2015,2016,2017,2018,2019,2020,2021,2022,2023,2024	Nombre de GMD (ng)		
T_SSRaaS	NBR_GME	integer	number	3		2013		2006,2007,2008,2009,2010,2011,2012	Nombre de zones de groupage (z)	si HTP : = nb de RHAsi HC : 1	
T_SSRaaS	NBR_MUT	integer	number	3		2009		2006,2007,2008	Nombre de mutations		
T_SSRaaS	NBR_RHA	integer	number	3		2006			Nombre de RHA		
T_SSRaaS	NBR_UM	integer	number	8		2006	2008	2009,2010,2011,2012,2013,2014,2015,2016,2017,2018,2019,2020,2021,2022,2023,2024	Nombre d’unité médicale		
T_SSRaaS	PRE_JOU_NBR	integer	number	4		2009		2006,2007,2008	Nombre de journées de présence		
T_SSRaaS	RHA_NUM	string	string	7		2006			N° séquentiel		
T_SSRaaS	RHA_VER	string	string	3		2006			Version du Format du SRHA	M35	
T_SSRaaS	SEJ_NBJ	integer	number	4		2006			Durée du séjour		
T_SSRaaS	SOR_DES	string	string	1	MS_SOR_V	2006			Destination		
T_SSRaaS	SOR_MOD	string	string	1	MS_SOR_V	2006			Mode de sortie		
T_SSRaaS	SUI_TYP	string	string	1		2006			Type de suite		
T_SSRaaS	TYP_VALO_SEJ	string	string	1		2019	2023	2006,2007,2008,2009,2010,2011,2012,2013,2014,2015,2016,2017,2018,2024	Type de valorisation du séjour		
T_SSRaaSTC	AME_DEB_FAC	string	string	6		2017		2006,2007,2008,2009,2010,2011,2012,2013,2014,2015,2016	Date d’entrée (Année + Mois)		
T_SSRaaSTC	AME_FIN_FAC	string	string	6		2017		2006,2007,2008,2009,2010,2011,2012,2013,2014,2015,2016	Date de sortie (Année + Mois)		
T_SSRaaSTC	AME_PEC	string	string	8		2017		2006,2007,2008,2009,2010,2011,2012,2013,2014,2015,2016	Prise en charge établie le (Année + Mois)		
T_SSRaaSTC	ART_51	string	string	1		2022		2006,2007,2008,2009,2010,2011,2012,2013,2014,2015,2016,2017,2018,2019,2020,2021	Article 51	Cette variable permet d’Identifier les séjours et actes et consultations externes relevant des expérimentations de l’article 51	
T_SSRaaSTC	ART_51_RET	string	string	1		2022		2006,2007,2008,2009,2010,2011,2012,2013,2014,2015,2016,2017,2018,2019,2020,2021	Code retour contrôle Article 51		
T_SSRaaSTC	BEN_CMU	string	string	1		2011		2006,2007,2008,2009,2010	Patient bénéficiaire de la CMU		
T_SSRaaSTC	BEN_CMU_CTL	string	string	1		2011		2006,2007,2008,2009,2010	Code retour contrôle « Patient bénéficiaire de la CMU »		
T_SSRaaSTC	CAI_GES	string	string	3		2014		2006,2007,2008,2009,2010,2011,2012,2013	N° caisse gestionnaire		
T_SSRaaSTC	CAI_GES_CTL	string	string	1		2014		2006,2007,2008,2009,2010,2011,2012,2013	Code retour contrôle « N° caisse gestionnaire »		
T_SSRaaSTC	CAI_NUM	string	string	3		2017		2006,2007,2008,2009,2010,2011,2012,2013,2014,2015,2016	Délivrée par	Code de l’organisme ayant délivré l’attestation dedroits, la carte Vitale ou la prise en charge. (A prendre sur l’attestation de droits, la carte Vitale ou la prise en charge)	
T_SSRaaSTC	CAI_NUM_CTL	string	string	1		2017		2006,2007,2008,2009,2010,2011,2012,2013,2014,2015,2016	Code retour contrôle "Délivrée par"		
T_SSRaaSTC	CENT_GES	string	string	4		2014		2006,2007,2008,2009,2010,2011,2012,2013	N° centre gestionnaire		
T_SSRaaSTC	CENT_GES_CTL	string	string	1		2014		2006,2007,2008,2009,2010,2011,2012,2013	Code retour contrôle « N° centre gestionnaire »		
T_SSRaaSTC	COD_PEC_CTL	string	string	1		2011		2006,2007,2008,2009,2010	Code retour contrôle « code de prise en charge du forfait journalier »		
T_SSRaaSTC	CTR_TYP	string	string	2		2011		2006,2007,2008,2009,2010	Type de contrat souscrit auprès d'un organisme complémentaire		
T_SSRaaSTC	CTR_TYP_CTL	string	string	1		2011		2006,2007,2008,2009,2010	Code retour contrôle « type de contrat souscrit auprès d'un organisme complémentaire »		
T_SSRaaSTC	DAT_DEB_FAC	date	date	8		2017		2006,2007,2008,2009,2010,2011,2012,2013,2014,2015,2016	Date d’entrée	Date d’entrée de l’hospitalisé dans l’établissement qui présente la facture (ou date de début de facturation). ATTENTION format différent de B2 JJMMAAAA	
T_SSRaaSTC	DAT_DEB_FAC_CTL	string	string	1		2017		2006,2007,2008,2009,2010,2011,2012,2013,2014,2015,2016	Code retour contrôle "Date d’entrée"		
T_SSRaaSTC	DAT_FIN_FAC	date	date	8		2017		2006,2007,2008,2009,2010,2011,2012,2013,2014,2015,2016	Date de sortie	Indiquer la date de sortie réelle si tel est le cas, ou la date limite de facturation s’il s’agit d’une facturation partielle. ATTENTION format différent de B2 JJMMAAAA	
T_SSRaaSTC	DAT_FIN_FAC_CTL	string	string	1		2017		2006,2007,2008,2009,2010,2011,2012,2013,2014,2015,2016	Code retour contrôle "Date de sortie"		
T_SSRaaSTC	DAT_HOS	string	string	8		2013		2006,2007,2008,2009,2010,2011,2012	Identifiant anonyme d'hospitalisation		
T_SSRaaSTC	DAT_HOS_CTL	string	string	1		2013		2006,2007,2008,2009,2010,2011,2012	Code retour contrôle « Identifiant anonyme d'hospitalisation »		
T_SSRaaSTC	DAT_PEC	date	date	8		2017		2006,2007,2008,2009,2010,2011,2012,2013,2014,2015,2016	Prise en charge établie le	Obligatoire si l’établissement a indiqué qu’il possède une prise en charge. Indiquer la date de prise en charge par l’organisme d’Assurance maladie.ATTENTION format différent de B2 JJMMAAAA	
T_SSRaaSTC	DAT_PEC_CTL	string	string	1		2017		2006,2007,2008,2009,2010,2011,2012,2013,2014,2015,2016	Code retour contrôle "Prise en charge établie le"		
T_SSRaaSTC	ENT_NUM	string	string	9		2014		2006,2007,2008,2009,2010,2011,2012,2013	N° d’entrée		
T_SSRaaSTC	ENT_NUM_CTL	string	string	1		2014		2006,2007,2008,2009,2010,2011,2012,2013	Code retour contrôle « N° d’entrée »		
T_SSRaaSTC	ETA_NUM	string	string	9		2011		2006,2007,2008,2009,2010	N° FINESS		
T_SSRaaSTC	EXO_TM	string	string	1		2011		2006,2007,2008,2009,2010	Code justification d’exonération du ticket modérateur		
T_SSRaaSTC	EXO_TM_CTL	string	string	1		2011		2006,2007,2008,2009,2010	Code retour contrôle « code justification d’exonération du ticket modérateur »		
T_SSRaaSTC	FAC_18E	string	string	1		2011		2006,2007,2008,2009,2010	Facturation du 18 euro		
T_SSRaaSTC	FAC_18E_CTL	string	string	1		2011		2006,2007,2008,2009,2010	Code retour contrôle « facturation du 18 euro »		
T_SSRaaSTC	FAC_AMC_DT	string	string	8		2018	2021	2006,2007,2008,2009,2010,2011,2012,2013,2014,2015,2016,2017,2022,2023,2024	Date de facturation AMC	Indicateur Simphonie Date de l’envoi de la FT AMC	
T_SSRaaSTC	FAC_AMC_DT_CTL	string	string	1		2018	2021	2006,2007,2008,2009,2010,2011,2012,2013,2014,2015,2016,2017,2022,2023,2024	Code retour contrôle "Date facturation AMC"		
T_SSRaaSTC	FAC_AMO_DT	string	string	8		2018	2021	2006,2007,2008,2009,2010,2011,2012,2013,2014,2015,2016,2017,2022,2023,2024	Date de facturation AMO	Indicateur Simphonie Date de l’envoi de la FT AMO	
T_SSRaaSTC	FAC_AMO_DT_CTL	string	string	1		2018	2021	2006,2007,2008,2009,2010,2011,2012,2013,2014,2015,2016,2017,2022,2023,2024	Code retour contrôle "Date facturation AMO"		
T_SSRaaSTC	FAC_MNT_FJ	integer	number	12		2011		2006,2007,2008,2009,2010	Montant à facturer au titre du forfait journalier		
T_SSRaaSTC	FAC_MNT_FJ_CTL	string	string	1		2011		2006,2007,2008,2009,2010	Code retour contrôle « montant à facturer au titre du forfait journalier »		
T_SSRaaSTC	FAC_MNT_TM	integer	number	12		2011		2006,2007,2008,2009,2010	Montant à facturer au titre du ticket modérateur		
T_SSRaaSTC	FAC_MNT_TM_CTL	string	string	1		2011		2006,2007,2008,2009,2010	Code retour contrôle « montant à facturer au titre du ticket modérateur»		
T_SSRaaSTC	FAC_NBR_VEN	integer	number	4		2011		2006,2007,2008,2009,2010	Nombre de venues de la facture		
T_SSRaaSTC	FAC_RAC_DT	string	string	8		2018	2021	2006,2007,2008,2009,2010,2011,2012,2013,2014,2015,2016,2017,2022,2023,2024	Date de facturation patient	Indicateur Simphonie Date de l’envoi de la FT patient	
T_SSRaaSTC	FAC_RAC_DT_CTL	string	string	1		2018	2021	2006,2007,2008,2009,2010,2011,2012,2013,2014,2015,2016,2017,2022,2023,2024	Code retour contrôle "Date facturation patient"		
T_SSRaaSTC	FJ_COD_PEC	string	string	1		2011		2006,2007,2008,2009,2010	Code de prise en charge du forfait journalier		
T_SSRaaSTC	GES_COD	string	string	2		2014		2006,2007,2008,2009,2010,2011,2012,2013	Code gestion		
T_SSRaaSTC	GES_COD_CTL	string	string	1		2014		2006,2007,2008,2009,2010,2011,2012,2013	Code retour contrôle « Code gestion  »		
T_SSRaaSTC	MAJ_MNT_CTL	string	string	1		2011		2006,2007,2008,2009,2010	Code retour contrôle « montant lié à la majoration au parcours de soin »		
T_SSRaaSTC	MAJ_MNT_PS	integer	number	6		2011		2006,2007,2008,2009,2010	Montant lié à la majoration au parcours de soins		
T_SSRaaSTC	NAT_ASS	string	string	2		2011		2006,2007,2008,2009,2010	Nature d'assurance		
T_SSRaaSTC	NAT_ASS_CTL	string	string	1		2011		2006,2007,2008,2009,2010	Code retour contrôle « nature d’assurance »		
T_SSRaaSTC	NAT_PJ_DT	string	string	1		2017		2006,2007,2008,2009,2010,2011,2012,2013,2014,2015,2016	Nature de la pièce justificative des droits	JUSTIFICATION DES DROITS AMO	
T_SSRaaSTC	NAT_PJ_DT_CTL	string	string	1		2017		2006,2007,2008,2009,2010,2011,2012,2013,2014,2015,2016	Code retour contrôle "Nature de la pièce justificative des droits"		
T_SSRaaSTC	NBR_REJET_AMO	string	string	1		2018	2021	2006,2007,2008,2009,2010,2011,2012,2013,2014,2015,2016,2017,2022,2023,2024	Rejet AMO	Indicateur Simphonie Nombre de fois où FT AMO a été rejetée (0 à 9)	
T_SSRaaSTC	NBR_REJET_AMO_CTL	string	string	1		2018	2021	2006,2007,2008,2009,2010,2011,2012,2013,2014,2015,2016,2017,2022,2023,2024	Code retour contrôle "Rejet AMO"		
T_SSRaaSTC	NBR_VEN_CTL	string	string	1		2011		2006,2007,2008,2009,2010	Code retour contrôle « nombre de venues de la facture »		
T_SSRaaSTC	NOE_RGM	string	string	2		2011		2006,2007,2008,2009,2010	Code grand régime		
T_SSRaaSTC	NOE_RGM_CTL	string	string	1		2011		2006,2007,2008,2009,2010	Code retour contrôle « code grand régime »		
T_SSRaaSTC	NON_FAC_AM	string	string	1		2011		2006,2007,2008,2009,2010	Motif de la non facturation à l'assurance maladie		
T_SSRaaSTC	NON_FAC_AM_CTL	string	string	1		2011		2006,2007,2008,2009,2010	Code retour contrôle « motif de la non facturation à l'assurance maladie »		
T_SSRaaSTC	PA_COD	string	string	1		2014		2006,2007,2008,2009,2010,2011,2012,2013	Code participation assuré		
T_SSRaaSTC	PA_COD_CTL	string	string	1		2014		2006,2007,2008,2009,2010,2011,2012,2013	Code retour contrôle « Code participation assuré »		
T_SSRaaSTC	PAI_AMC_DT	string	string	8		2018	2021	2006,2007,2008,2009,2010,2011,2012,2013,2014,2015,2016,2017,2022,2023,2024	Date de paiement AMC	Indicateur Simphonie Date à laquelle la FT AMC est payée en totalité (statut S16)	
T_SSRaaSTC	PAI_AMC_DT_CTL	string	string	1		2018	2021	2006,2007,2008,2009,2010,2011,2012,2013,2014,2015,2016,2017,2022,2023,2024	Code retour contrôle "Date de paiement AMC"		
T_SSRaaSTC	PAI_AMO_DT	string	string	8		2018	2021	2006,2007,2008,2009,2010,2011,2012,2013,2014,2015,2016,2017,2022,2023,2024	Date de paiement AMO	Indicateur Simphonie Date à laquelle la FT AMO est payée en totalité (statut S16)	
T_SSRaaSTC	PAI_AMO_DT_CTL	string	string	1		2018	2021	2006,2007,2008,2009,2010,2011,2012,2013,2014,2015,2016,2017,2022,2023,2024	Code retour contrôle "Date de paiement AMO"		
T_SSRaaSTC	PAI_RAC_DT	string	string	8		2018	2021	2006,2007,2008,2009,2010,2011,2012,2013,2014,2015,2016,2017,2022,2023,2024	Date de paiement patient	Indicateur Simphonie Date à laquelle la FT patient est payée en totalité (statut S16)	
T_SSRaaSTC	PAI_RAC_DT_CTL	string	string	1		2018	2021	2006,2007,2008,2009,2010,2011,2012,2013,2014,2015,2016,2017,2022,2023,2024	Code retour contrôle "Date de paiement patient"		
T_SSRaaSTC	PAYS_ASS_PAT	string	string	3		2018		2006,2007,2008,2009,2010,2011,2012,2013,2014,2015,2016,2017	Pays d’assurance social	Code INSEE à 5 chiffres, sans les deux premiers chiffres 99. Ou bien code ISO ISO 3166-1 Alpha-3. Pour renseigner cette donnée, il est important de prendre en compte le contexte assurantiel du patient (et non son pays d’origine).Par exemple, un patient français peut avoir une assurance étrangère (anglaise, américaine ou autre…). De même, un patient américain peut avoir une assurance anglaise ou autre. Le code pays à renseigner est bien le code pays de l’assurance du patient. » Mettre 000 ou laisser à blanc quand l’information n’est pas disponible.	
T_SSRaaSTC	PAYS_ASS_PAT_CTL	string	string	1		2018		2006,2007,2008,2009,2010,2011,2012,2013,2014,2015,2016,2017	Code retour contrôle "Pays assurance social"		
T_SSRaaSTC	PEC_SOI_URG	string	string	1		2015		2006,2007,2008,2009,2010,2011,2012,2013,2014	Confirmation de la prise en charge dans le cadre du dispositif des soins urgents		
T_SSRaaSTC	PEC_SOI_URG_CTL	string	string	1		2015		2006,2007,2008,2009,2010,2011,2012,2013,2014	Code retour contrôle "Confirmation de la prise en charge dans le cadre du dispositif des soins urgents"		
T_SSRaaSTC	RAC_MNT_PAT	integer	number	8		2018	2021	2006,2007,2008,2009,2010,2011,2012,2013,2014,2015,2016,2017,2022,2023,2024	Montant total du séjour facturé au patient	Indicateur Simphonie Montant facturé au titre de la part patient	
T_SSRaaSTC	RAC_MNT_PAT_CTL	string	string	1		2018	2021	2006,2007,2008,2009,2010,2011,2012,2013,2014,2015,2016,2017,2022,2023,2024	Code retour contrôle "Montant total séjour facturé au patient"		
T_SSRaaSTC	REG_PEC_ASS	string	string	3		2017		2006,2007,2008,2009,2010,2011,2012,2013,2014,2015,2016	Régime de prestation de l’assuré	A reprendre sur la prise en charge ou laisser à 000. Cette information est obligatoire, en cas de présence de types 2B/2C, pour les bénéficiaires relevant de la subsistance « F212 », au sens du décret du 22.12.1967 (ex : bénéficiaires hospitalisés MECS, ...)	
T_SSRaaSTC	REG_PEC_ASS_CTL	string	string	1		2017		2006,2007,2008,2009,2010,2011,2012,2013,2014,2015,2016	Code retour contrôle "Régime de prestation de l’assuré"		
T_SSRaaSTC	REM_BAS_CTL	string	string	1		2011		2006,2007,2008,2009,2010	Code retour contrôle « montant base remboursement »		
T_SSRaaSTC	REM_BAS_MNT	integer	number	12		2011		2006,2007,2008,2009,2010	Montant base remboursement		
T_SSRaaSTC	REM_TAU	integer	number	7		2011		2006,2007,2008,2009,2010	Taux de remboursement		
T_SSRaaSTC	REM_TAU_CTL	string	string	1		2011		2006,2007,2008,2009,2010	Code retour contrôle « taux de remboursement »		
T_SSRaaSTC	RHA_NUM	string	string	7		2011		2006,2007,2008,2009,2010	N° Séquentiel du séjour		
T_SSRaaSTC	RNG_BEN	string	string	3		2014		2006,2007,2008,2009,2010,2011,2012,2013	Rang du bénéficiaire	Attention ce n'est pas BEN_RNG_GEM	
T_SSRaaSTC	RNG_BEN_CTL	string	string	1		2014		2006,2007,2008,2009,2010,2011,2012,2013	Code retour contrôle « Rang du bénéficiaire »		
T_SSRaaSTC	RNG_NAI	string	string	1		2014		2006,2007,2008,2009,2010,2011,2012,2013	Rang de naissance	Attention ce n'est pas BEN_RNG_GEM	
T_SSRaaSTC	RNG_NAI_CTL	string	string	1		2014		2006,2007,2008,2009,2010,2011,2012,2013	Code retour contrôle « Rang de naissance »		
T_SSRaaSTC	SEJ_FAC_AM	string	string	1		2011		2006,2007,2008,2009,2010	Séjour facturable à l’assurance maladie		
T_SSRaaSTC	SEJ_FAC_CTL	string	string	1		2011		2006,2007,2008,2009,2010	Code retour contrôle « séjour facturable à l’assurance maladie »		
T_SSRaaSTC	TOP_ECL_FLX	string	string	1		2017		2006,2007,2008,2009,2010,2011,2012,2013,2014,2015,2016	Top éclatement des flux par l’établissement	Valeur « F » : éclatement du flux à la source par l’établissement. La part AMC est transmise sur une facture distincte (hors CMU uniquement). A blanc : Pas d’éclatement à la source.	
T_SSRaaSTC	TOP_ECL_FLX_CTL	string	string	1		2017		2006,2007,2008,2009,2010,2011,2012,2013,2014,2015,2016	Code retour contrôle "Top éclatement des flux par l’établissement"		
T_SSRaaSTC	TOT_MNT_AM	integer	number	12		2011		2006,2007,2008,2009,2010	Montant total du séjour remboursé par l’assurance maladie (i.e. hors prestations annexes)		
T_SSRaaSTC	TOT_MNT_AM_CTL	string	string	1		2011		2006,2007,2008,2009,2010	Code retour contrôle « montant total du séjour remboursé par l’assurance maladie (i.e. hors prestations annexes »)		
T_SSRaaSTC	TOT_MNT_AMC	integer	number	12		2012		2006,2007,2008,2009,2010,2011	Montant total du séjour remboursable pour l'AMC		
T_SSRaaSTC	TOT_MNT_AMC_CTL	string	string	1		2012		2006,2007,2008,2009,2010,2011	Code retour contrôle « Montant total du séjour remboursable pour l'AMC »		
T_SSRaaSTC	VALID_FAC_AMC	string	string	1		2018	2021	2006,2007,2008,2009,2010,2011,2012,2013,2014,2015,2016,2017,2022,2023,2024	Statut FT AMC	0 : avant FT validée (statut S2 à S5)1 : FT validée (statut S6 à S12, S14, S19, et S20)2 : FT en NiNi (statut S13)3 : FT payée (S15+S16+S17+S18)9 :  sans objet	
T_SSRaaSTC	VALID_FAC_AMC_CTL	string	string	1		2018	2021	2006,2007,2008,2009,2010,2011,2012,2013,2014,2015,2016,2017,2022,2023,2024	Code retour contrôle "Statut FT AMC"		
T_SSRaaSTC	VALID_FAC_AMO	string	string	1		2018	2021	2006,2007,2008,2009,2010,2011,2012,2013,2014,2015,2016,2017,2022,2023,2024	Statut FT AMO	0 : avant FT validée (statut S2 à S5)1 : FT validée (statut S6 à S12, S14, S19, et S20)2 : FT en NiNi (statut S13)3 : FT payée (S15+S16+S17+S18)9 :  sans objet	
T_SSRaaSTC	VALID_FAC_AMO_CTL	string	string	1		2018	2021	2006,2007,2008,2009,2010,2011,2012,2013,2014,2015,2016,2017,2022,2023,2024	Code retour contrôle "Statut FT AMO"		
T_SSRaaSTC	VALID_FAC_RAC	string	string	1		2018	2021	2006,2007,2008,2009,2010,2011,2012,2013,2014,2015,2016,2017,2022,2023,2024	Statut FT patient	0 : avant FT validée (statut S2 à S5)1 : FT validée (statut S6 à S12, S14, S19, et S20)2 : FT en NiNi (statut S13)3 : FT payée (S15+S16+S17+S18)9 :  sans objet	
T_SSRaaSTC	VALID_FAC_RAC_CTL	string	string	1		2018	2021	2006,2007,2008,2009,2010,2011,2012,2013,2014,2015,2016,2017,2022,2023,2024	Code retour contrôle "Statut FT patient"		
T_SSRaaSUP_DSC	ACT_COD	string	string	7		2021	2023	2006,2007,2008,2009,2010,2011,2012,2013,2014,2015,2016,2017,2018,2019,2020,2024	Code de l'acte		
T_SSRaaSUP_DSC	ANN_MOI	string	string	6		2021	2023	2006,2007,2008,2009,2010,2011,2012,2013,2014,2015,2016,2017,2018,2019,2020,2024	Année et Mois de la période de transmission		
T_SSRaaSUP_DSC	ETA_NUM	string	string	9		2021	2023	2006,2007,2008,2009,2010,2011,2012,2013,2014,2015,2016,2017,2018,2019,2020,2024	Numéro FINESS ePMSI		
T_SSRaaSUP_DSC	FIC_TYP	string	string	3		2021	2023	2006,2007,2008,2009,2010,2011,2012,2013,2014,2015,2016,2017,2018,2019,2020,2024	Type de fichier		
T_SSRaaSUP_DSC	NBR_ACT	integer	number	8		2021	2023	2006,2007,2008,2009,2010,2011,2012,2013,2014,2015,2016,2017,2018,2019,2020,2024	Nombre d'actes réalisés		
T_SSRaaSUP_DSC	PERIOD_ACT	integer	number	8		2021	2023	2006,2007,2008,2009,2010,2011,2012,2013,2014,2015,2016,2017,2018,2019,2020,2024	Période d'execution		
T_SSRaaSUP_DSC	PMP	integer	number	8		2021	2021	2006,2007,2008,2009,2010,2011,2012,2013,2014,2015,2016,2017,2018,2019,2020,2022,2023,2024	Prix moyen pondéré par l'effectif des autotests du personnelnon vacciné du 08/08/2021 au 15/10/2021		
T_SSRaaSUP_DSC	TYP_TEST	integer	number	8		2021	2023	2006,2007,2008,2009,2010,2011,2012,2013,2014,2015,2016,2017,2018,2019,2020,2024	Type de tests		
T_SSRaaSUP_IUM	ANN_MOI	string	string	6.0		2020		2006,2007,2008,2009,2010,2011,2012,2013,2014,2015,2016,2017,2018,2019	Mois période de transmlission		
T_SSRaaSUP_IUM	AUT_TYP_UM	string	string	4.0		2020		2006,2007,2008,2009,2010,2011,2012,2013,2014,2015,2016,2017,2018,2019	Type d'autorisation		
T_SSRaaSUP_IUM	ETA_NUM	string	string	9.0		2020		2006,2007,2008,2009,2010,2011,2012,2013,2014,2015,2016,2017,2018,2019	Numéro FINESS e-PMSI		
T_SSRaaSUP_IUM	ETA_NUM_GEO	string	string	9.0		2020		2006,2007,2008,2009,2010,2011,2012,2013,2014,2015,2016,2017,2018,2019	Nunéro FINESS géographique		
T_SSRaaSUP_IUM	FIC_TYP	string	string	3.0		2020		2006,2007,2008,2009,2010,2011,2012,2013,2014,2015,2016,2017,2018,2019	Numéro de format		
T_SSRaaSUP_IUM	HOS_TYP	string	string	1.0		2020		2006,2007,2008,2009,2010,2011,2012,2013,2014,2015,2016,2017,2018,2019	Type d'hospitalisation		
T_SSRaaSUP_IUM	NUM_ANO_UM	integer	number	4.0		2020		2006,2007,2008,2009,2010,2011,2012,2013,2014,2015,2016,2017,2018,2019	N° séquentiel de l'UM	une UM peut avoir plusieurs types d'autorisation	
T_SSRaaSUP_IUM	AUT_DEB_DTD	string	string			2024		2006,2007,2008,2009,2010,2011,2012,2013,2014,2015,2016,2017,2018,2019,2020,2021,2022,2023	Date de début d'autorisation		
T_SSRaaSUP_IUM	AUT_FIN_DTD	string	string			2024		2006,2007,2008,2009,2010,2011,2012,2013,2014,2015,2016,2017,2018,2019,2020,2021,2022,2023	Date de fin d'autorisation		
T_SSRaaSUP_TIE	ACT_COD	string	string	3		2019	2021	2006,2007,2008,2009,2010,2011,2012,2013,2014,2015,2016,2017,2018,2022,2023,2024	Code		
T_SSRaaSUP_TIE	ANN_MOI	string	string	6		2019	2021	2006,2007,2008,2009,2010,2011,2012,2013,2014,2015,2016,2017,2018,2022,2023,2024	Année période + Mois		
T_SSRaaSUP_TIE	CL_DISTANCE	string	string	2		2020	2021	2006,2007,2008,2009,2010,2011,2012,2013,2014,2015,2016,2017,2018,2019,2022,2023,2024	Classe de distance	00 : transports de janvier et février- pour ST1, valeur égale à :01 : [0-25 km[02 : [25-75 km[03 : [75-150 km[04 : [150-300 km[05 : [300-∞ km[ - pour ST2 et ST3, valeur égale à :06 : [0-20 km[07 : [20-50 km[08 : [50-120 km[09 : [120-∞ km[	
T_SSRaaSUP_TIE	ETA_NUM	string	string	9		2019	2021	2006,2007,2008,2009,2010,2011,2012,2013,2014,2015,2016,2017,2018,2022,2023,2024	N° FINESS e-PMSI		
T_SSRaaSUP_TIE	FIC_TYP	string	string	3		2019	2021	2006,2007,2008,2009,2010,2011,2012,2013,2014,2015,2016,2017,2018,2022,2023,2024	Type de fichier		
T_SSRaaSUP_TIE	NBR_SEJ	integer	number	8		2019	2019	2006,2007,2008,2009,2010,2011,2012,2013,2014,2015,2016,2017,2018,2020,2021,2022,2023,2024	Nombre de séjours		
T_SSRaaSUP_TIE	NBR_SUP_TRSP	integer	number	10		2020	2021	2006,2007,2008,2009,2010,2011,2012,2013,2014,2015,2016,2017,2018,2019,2022,2023,2024	Nombre de suppléments		
T_SSRaaSUP_VAC	ANN_MOI	string	string	6		2021	2023	2006,2007,2008,2009,2010,2011,2012,2013,2014,2015,2016,2017,2018,2019,2020,2024	Année et Mois  de la période de transmission	Format AAAA, Ex : 10 pour la transmission d’octobre	
T_SSRaaSUP_VAC	ETA_NUM	string	string	9		2021	2023	2006,2007,2008,2009,2010,2011,2012,2013,2014,2015,2016,2017,2018,2019,2020,2024	Numéro FINESS ePMSI		
T_SSRaaSUP_VAC	FIC_TYP	string	string	3		2021	2023	2006,2007,2008,2009,2010,2011,2012,2013,2014,2015,2016,2017,2018,2019,2020,2024	Type de fichier		
T_SSRaaSUP_VAC	FVACC_SUP	string	string	3		2021	2023	2006,2007,2008,2009,2010,2011,2012,2013,2014,2015,2016,2017,2018,2019,2020,2024	Forfait de ligne vaccinale OU type de supplément horaire	Forfaits de ligne vaccinale : A, B, C ou DSuppléments horaires (uniquement pour les établissements pivots listés par l'ARS) : I (infirmier), S (sage-femme), M (médecin)Modificateurs :-1 : jour ouvrable dont samedi matin-2 : samedi après-midi, dimanche et jour férié	
T_SSRaaSUP_VAC	NBR_PRS	integer	number	8		2021	2023	2006,2007,2008,2009,2010,2011,2012,2013,2014,2015,2016,2017,2018,2019,2020,2024	Nombre de prestation	Pour les forfaits : nombre de lignes de vaccination. Une ligne de vaccination correspond à la mobilisation des professionnels de santé et de l'environnement correspondant au forfait renseigné (A, B, C ou D), pendant une durée de 4h.Pour les suppléments : nombre d'heures payées. Transformer le cas échéant une vacation complète en son nombre d'heures	
T_SSRaaSUP_VAC	PERIOD	integer	number	8		2021	2023	2006,2007,2008,2009,2010,2011,2012,2013,2014,2015,2016,2017,2018,2019,2020,2024	Période	1 par défaut	
T_SSRaaTRPT	ACT_COD	string	string	3.0		2020		2006,2007,2008,2009,2010,2011,2012,2013,2014,2015,2016,2017,2018,2019	Code		
T_SSRaaTRPT	ANN	string	string	4.0		2020		2006,2007,2008,2009,2010,2011,2012,2013,2014,2015,2016,2017,2018,2019	Année période de transmission		
T_SSRaaTRPT	CL_DISTANCE	integer	number	2.0		2020		2006,2007,2008,2009,2010,2011,2012,2013,2014,2015,2016,2017,2018,2019	Classe de distance	00 : transports de janvier et février- pour ST1, valeur égale à :01 : [0-25 km[02 : [25-75 km[03 : [75-150 km[04 : [150-300 km[05 : [300-∞ km[ - pour ST2 et ST3, valeur égale à :06 : [0-20 km[07 : [20-50 km[08 : [50-120 km[09 : [120-∞ km[	
T_SSRaaTRPT	ETA_NUM	string	string	9.0		2020		2006,2007,2008,2009,2010,2011,2012,2013,2014,2015,2016,2017,2018,2019	Numéro FINESS e-PMSI		
T_SSRaaTRPT	EXE_SOI_AMD	string	string			2020		2006,2007,2008,2009,2010,2011,2012,2013,2014,2015,2016,2017,2018,2019	Date d'aller format Mois - Année		
T_SSRaaTRPT	EXE_SOI_DTD	date	date			2020		2006,2007,2008,2009,2010,2011,2012,2013,2014,2015,2016,2017,2018,2019	Date d'aller		
T_SSRaaTRPT	EXE_SOI_RET	string	string	1.0		2020		2006,2007,2008,2009,2010,2011,2012,2013,2014,2015,2016,2017,2018,2019	CR Date d'aller		
T_SSRaaTRPT	MOI	string	string	2.0		2020		2006,2007,2008,2009,2010,2011,2012,2013,2014,2015,2016,2017,2018,2019	Mois période de transmission		
T_SSRaaTRPT	PRS_TYP	string	string	2.0		2020		2006,2007,2008,2009,2010,2011,2012,2013,2014,2015,2016,2017,2018,2019	Type de prestation		
T_SSRaaTRPT	RHA_NUM	string	string	7.0		2020		2006,2007,2008,2009,2010,2011,2012,2013,2014,2015,2016,2017,2018,2019	Numéro séquentiel de séjour		
T_SSRaaTRPT	RHS_NUM	string	string	3.0		2020		2006,2007,2008,2009,2010,2011,2012,2013,2014,2015,2016,2017,2018,2019	Numéro séquentiel du RHS		
T_SSRaaVALO	AGE_ANN	integer	number			2020	2023	2006,2007,2008,2009,2010,2011,2012,2013,2014,2015,2016,2017,2018,2019,2024	Age en année		
T_SSRaaVALO	COEFGEO	integer	number	8.0		2017	2023	2006,2007,2008,2009,2010,2011,2012,2013,2014,2015,2016,2024	Coefficient Géographique	Lié à l’établissement	
T_SSRaaVALO	COEFHONO	integer	number	8.0		2017	2023	2006,2007,2008,2009,2010,2011,2012,2013,2014,2015,2016,2024	Coefficient honoraires	Lié à l’établissement	
T_SSRaaVALO	COEFPRUD	integer	number	8.0		2017	2023	2006,2007,2008,2009,2010,2011,2012,2013,2014,2015,2016,2024	Coefficient Prudentiel	0,993 en V2018XXX en v2019	
T_SSRaaVALO	COEFSPE	integer	number	8.0		2017	2023	2006,2007,2008,2009,2010,2011,2012,2013,2014,2015,2016,2024	Coefficient de spécialisation	Lié à l’établissement	
T_SSRaaVALO	COEFTRANS	integer	number	8.0		2017	2023	2006,2007,2008,2009,2010,2011,2012,2013,2014,2015,2016,2024	Coefficient Transition	Lié à l’établissement	
T_SSRaaVALO	DMA_AM	integer	number	8.0		2017	2023	2006,2007,2008,2009,2010,2011,2012,2013,2014,2015,2016,2024	Dotation Modulée à l’Activité Assurance Maladie	Application du coefficient de transition, du taux de remboursement du patient (voir 3.3.3.1) et de la fraction DMA	
T_SSRaaVALO	DMA_BR	integer	number	8.0		2017	2023	2006,2007,2008,2009,2010,2011,2012,2013,2014,2015,2016,2024	Dotation Modulée à l’Activité en Base de Remboursement	Application des tarifs selon la zone de valorisation, et de coefficients géographique et de spécialisation	
T_SSRaaVALO	DMA_BR_PRUD	integer	number	8.0		2017	2023	2006,2007,2008,2009,2010,2011,2012,2013,2014,2015,2016,2024	Dotation Modulée à l’Activité en Base de Remboursement avec Coefficient Prudentiel	Application du coefficient prudentiel	
T_SSRaaVALO	ENT_MOD	string	string	1.0		2018	2023	2006,2007,2008,2009,2010,2011,2012,2013,2014,2015,2016,2017,2024	Mode d’entrée du SSRHA	6 = mutation7 = transfert définitif8 = domicile	
T_SSRaaVALO	ETA_NUM	string	string	9.0		2017	2023	2006,2007,2008,2009,2010,2011,2012,2013,2014,2015,2016,2024	N° FINESS e-PMSI		
T_SSRaaVALO	EXB_NBJ	integer	number	8.0		2017	2023	2006,2007,2008,2009,2010,2011,2012,2013,2014,2015,2016,2024	Nombre de suppléments journaliers en zone basse	Si SSRHA valorisé en zone basse (ZV = B)	
T_SSRaaVALO	EXB_TOP	string	string	1.0		2017	2017	2006,2007,2008,2009,2010,2011,2012,2013,2014,2015,2016,2018,2019,2020,2021,2022,2023,2024	Indicateur d'appartenance à la zone basse		
T_SSRaaVALO	EXH_NBJ	integer	number	8.0		2017	2023	2006,2007,2008,2009,2010,2011,2012,2013,2014,2015,2016,2024	Nombre de suppléments journaliers en zone haute	Si SSRHA valorisé en zone haute (ZV = H)	
T_SSRaaVALO	FRACDMA	integer	number	8.0		2017	2023	2006,2007,2008,2009,2010,2011,2012,2013,2014,2015,2016,2024	Fraction de la DMA	0.1	
T_SSRaaVALO	GMT_NUM	string	string	4.0		2017	2023	2006,2007,2008,2009,2010,2011,2012,2013,2014,2015,2016,2024	Numéro du GMT		
T_SSRaaVALO	GRG_GME	string	string	6.0		2017	2023	2006,2007,2008,2009,2010,2011,2012,2013,2014,2015,2016,2024	Numéro du GME		
T_SSRaaVALO	MAJO_PEDIA	string	string	1.0		2017	2023	2006,2007,2008,2009,2010,2011,2012,2013,2014,2015,2016,2024	Indicateur de l’application de la majoration en pédiatrie	1 = application d’une majoration de 25% au tarif du GMT, si GME non scindé sur l’âge et âge du patient < 18 ans0 = pas de majoration du tarif du GMT	
T_SSRaaVALO	MNT_AM_RSF	integer	number	8.0		2017	2023	2006,2007,2008,2009,2010,2011,2012,2013,2014,2015,2016,2024	Montant Assurance Maladie issu des RSFA (parties B et C)	Montant renseigné par l’établissement dans le fichier de factures, pour l’activité en HC (OQN seulement)	
T_SSRaaVALO	NV_ARTICLE51	string	string	1.0		2022	2023	2006,2007,2008,2009,2010,2011,2012,2013,2014,2015,2016,2017,2018,2019,2020,2021,2024	Séjour relevant de l’expérimentation Article 51		
T_SSRaaVALO	NV_ATTENTE_DTS	string	string	1.0		2020	2023	2006,2007,2008,2009,2010,2011,2012,2013,2014,2015,2016,2017,2018,2019,2024	Séjour en attente des droits du patient (motif de non valorisation)		
T_SSRaaVALO	NV_CHAIN	string	string	1.0		2020	2023	2006,2007,2008,2009,2010,2011,2012,2013,2014,2015,2016,2017,2018,2019,2024	Problème de chainage fusion des fichiers (motif de non valorisation)		
T_SSRaaVALO	NV_CM90	string	string	1.0		2020	2023	2006,2007,2008,2009,2010,2011,2012,2013,2014,2015,2016,2017,2018,2019,2024	Groupage en CM 90 (motif de non valorisation)		
T_SSRaaVALO	NV_NONCLOS	string	string	1.0		2020	2023	2006,2007,2008,2009,2010,2011,2012,2013,2014,2015,2016,2017,2018,2019,2024	Séjour en HC < 70j (motif de non valorisation)		
T_SSRaaVALO	NV_NONFACTAM	string	string	1.0		2020	2023	2006,2007,2008,2009,2010,2011,2012,2013,2014,2015,2016,2017,2018,2019,2024	Séjour non facturable à l’Assurance Maladie (motif de non valorisation)		
T_SSRaaVALO	NV_PIE	string	string	1.0		2020	2023	2006,2007,2008,2009,2010,2011,2012,2013,2014,2015,2016,2017,2018,2019,2024	Prestation interétablissements (motif de non valorisation)		
T_SSRaaVALO	NV_TXREMB_ABS	string	string	1.0		2020	2023	2006,2007,2008,2009,2010,2011,2012,2013,2014,2015,2016,2017,2018,2019,2024	Taux de remboursement absent ou > 100 (motif de non valorisation)		
T_SSRaaVALO	NV_VAR_ANO	string	string	1.0		2020	2023	2006,2007,2008,2009,2010,2011,2012,2013,2014,2015,2016,2017,2018,2019,2024	Problème de codage des variables bloquantes du fichier ANO (motif de non valoris		
T_SSRaaVALO	PRE_JOU_NBR	integer	number	8.0		2017	2023	2006,2007,2008,2009,2010,2011,2012,2013,2014,2015,2016,2024	Nombre de journées de présence		
T_SSRaaVALO	RHA_NUM	string	string	7.0		2017	2023	2006,2007,2008,2009,2010,2011,2012,2013,2014,2015,2016,2024	N° séquentiel du séjour		
T_SSRaaVALO	RHS_NUM	string	string	3.0		2017	2023	2006,2007,2008,2009,2010,2011,2012,2013,2014,2015,2016,2024	N° séquentiel de RHS		
T_SSRaaVALO	SUI_TYP	string	string	1.0		2017	2023	2006,2007,2008,2009,2010,2011,2012,2013,2014,2015,2016,2024	Type de suite	1 = SSRHA avec dates d’entrée et de sortie dans la période de transmission (séjour clos)2= SSRHA avec date d’entrée antérieure à la période de transmission et date de sortie dans la période de transmission (séjour clos)3= SSRHA avec date d’entrée dans la période de transmission, sans date de sortie (séjour non clos)4= SSRHA avec date d’entrée antérieure à la période de transmission (en année N-1), sans date de sortie (séjour non clos)5= SSRHA avec date d’entrée antérieure à l’année de recueil N-1 (N-2 et avant), sans date de sortie (séjour non clos)	
T_SSRaaVALO	TOP_SEJ_SUP30J	string	string	1.0		2019	2023	2006,2007,2008,2009,2010,2011,2012,2013,2014,2015,2016,2017,2018,2024	Indicateur des séjours de plus de 30 jours		
T_SSRaaVALO	TXREMB	integer	number	8.0		2017	2023	2006,2007,2008,2009,2010,2011,2012,2013,2014,2015,2016,2024	Taux de remboursement	Issu du fichier ANO	
T_SSRaaVALO	TYP_ETA_NUM	string	string	1.0		2020	2023	2006,2007,2008,2009,2010,2011,2012,2013,2014,2015,2016,2017,2018,2019,2024	Finess PMSI hors réforme		
T_SSRaaVALO	TYP_GEN_RHA	string	string	1.0		2017	2023	2006,2007,2008,2009,2010,2011,2012,2013,2014,2015,2016,2024	Type de génération du RHA	0 = pas de génération automatique2 = génération automatique (activité externe des médecins salariés)4 = en HC, SSRHA dont les journées de l’année N-1 ont été valorisées avec un GMT ≠ 8888 dans la transmission M12 de l’année N-1	
T_SSRaaVALO	TYP_HOS	string	string	1.0		2017	2023	2006,2007,2008,2009,2010,2011,2012,2013,2014,2015,2016,2024	Type d’hospitalisation	Hospitalisation à temps partiel = ‘P’Hospitalisation complète = ’C’	
T_SSRaaVALO	TYP_VALO	string	string	1.0		2020	2023	2006,2007,2008,2009,2010,2011,2012,2013,2014,2015,2016,2017,2018,2019,2024	ype de valorisation du séjour		
T_SSRaaVALO	VAL_JOU_NBR	integer	number	8.0		2018	2023	2006,2007,2008,2009,2010,2011,2012,2013,2014,2015,2016,2017,2024	Nombre de journées de présence dans la Fonction Groupage	En HTP : NBJP = NBJVEn HC :- Si date de début en année N : NBJP=NBJV- Sinon :- Si les journées de l’année N-1 ont été valorisées dans les transmissions N-1 au GMT 8888 : NBJP = NBJV- Si les journées de l’année N-1 ont été valorisées dans les transmissions N-1 avec un GMT ≠ 8888 : NBJP ≠ NBJV et NBJV = nombre de journées de présence en année N	
T_SSRaaVALO	VALO	string	string	1.0		2017	2023	2006,2007,2008,2009,2010,2011,2012,2013,2014,2015,2016,2024	Indicateur de valorisation	1 = valorisé0 = non valorisé	
T_SSRaaVALO	VER_CLAS	string	string	5.0		2017	2023	2006,2007,2008,2009,2010,2011,2012,2013,2014,2015,2016,2024	Version de la classification		
T_SSRaaVALO	ZON_VAL_HC	string	string	1.0		2018	2023	2006,2007,2008,2009,2010,2011,2012,2013,2014,2015,2016,2017,2024	Zone de valorisation du SSRHA en HC	B = zone basseF = zone forfaitaireH = zone haute	
DA_PRA_R_simplifie	CAI_NUM	string	string	3					Caisse primaire		
DA_PRA_R_simplifie	CNV_CNV_COD	string	string	1					Code convention		
DA_PRA_R_simplifie	DTE_ANN_TRT	string	string	4					Année de traitement		
DA_PRA_R_simplifie	DTE_MOI_FIN	string	string	2					Mois de traitement		
DA_PRA_R_simplifie	EXC_ANT_DSD	string	string	8					Date d’effet de la nature d’exercice antérieure du PS		
DA_PRA_R_simplifie	EXC_ANT_MTF	string	string	1					Motif de fin d’exercice de la nature d’exercice antérieure du PS		
DA_PRA_R_simplifie	EXC_ANT_NAT	string	string	2					Nature d’exercice antérieure du PS		
DA_PRA_R_simplifie	EXC_EFF_DSD	string	string	8					Date d’effet de la nature d’exercice		
DA_PRA_R_simplifie	EXC_EXC_NAT	string	string	2					Code nature d’exercice		
DA_PRA_R_simplifie	EXC_FIN_MTF	string	string	1					Motif de fin d’exercice		
DA_PRA_R_simplifie	LAB_CAT_COD	string	string	2					Catégorie de laboratoire		
DA_PRA_R_simplifie	PFS_ACP_DSD	string	string	8					Date début de l’activité libérale		
DA_PRA_R_simplifie	PFS_CAT_COD	string	string	1					Code catégorie de PS		
DA_PRA_R_simplifie	PFS_FIN_NUM	string	string	8					Numéro FINESS		
DA_PRA_R_simplifie	PFS_MAJ_DAT	string	string	2					Mois de dernière mise à jour		
DA_PRA_R_simplifie	PFS_PFS_CLE	string	string	1					Clé PFS		
DA_PRA_R_simplifie	PFS_PFS_NUM	string	string	8					Numéro identifiant du PS		
DA_PRA_R_simplifie	PFS_PRA_SPE	string	string	2					Code spécialité		
DA_PRA_R_simplifie	PFS_SCV_COD	string	string	5					Code association PS		
DA_PRA_R_simplifie	PFS_SPE_ANT	string	string	2					Code spécialité antérieure		
DA_PRA_R_simplifie	PRA_IDP_DDP	string	string	1					Droit à dépassement		
DA_PRA_R_simplifie	PRA_MEP_COD	string	string	2					Mode d’exercice particulier		
DA_PRA_R_simplifie	STA_CAI_NUM	string	string	3					Caisse de chaînage statistique		
DA_PRA_R_simplifie	STA_PFS_NUM	string	string	8					N° PS statistique		
DA_PRA_R_simplifie	IPP_ANN_NAI	string	string	4					Année de naissance du PS		
DA_PRA_R_simplifie	IPP_SEX_COD	string	string	1					Code sexe du PS		
DA_PRA_R_simplifie	PFS_COD_POS	string	string	5					Code postal du cabinet du PS		
DA_PRA_R_simplifie	PFS_EXC_COM	string	string	3					Code commune du cabinet du PS		
DA_PRA_R_simplifie	PFS_LIB_COM	string	string	30					Libellé de la commune du cabinet du PS		
DA_PRA_R_simplifie	PRS_CTP_COD	string	string	1							
DA_PRA_R_simplifie	PRS_CTP_DSD	string	string	8							
DA_PRA_R_simplifie	ACT_CAB_COD	string	string	2							
DE_DEP_F	ADL_POS_COD	string	string	5					Code postal associé au N° ADELI		
DE_DEP_F	BEN_AGE_COD	integer	number	8					Age du patient testé (en année)		
DE_DEP_F	BEN_HBG_COD	string	string	1					Code hébergement du patient		
DE_DEP_F	BEN_NIR_ANO	string	string	17					Identifiant pseudonymisé bénéficiaire		
DE_DEP_F	BEN_ORD_NUM	string	string	14					Numéro d’ordre du bénéficiaire dépisté		
DE_DEP_F	BEN_SEX_COD	integer	number	8					Sexe du patient testé		
DE_DEP_F	BEN_SYM_PER	string	string	3					Période des premiers symptômes du bénéficiaire		
DE_DEP_F	DOS_STA_COD	string	string	2					Code statut du dossier		
DE_DEP_F	ETB_CAT_COD	integer	number	8					Code catégorie de l’établissement		
DE_DEP_F	ETB_EXE_FIN	string	string	9					N° FINESS géographique de l’établissement		
DE_DEP_F	ETB_STJ_FIN	string	string	9					N° FINESS juridique de l’établissement		
DE_DEP_F	EXE_SOI_AMD	string	string	6					Date de prélèvement en année-mois		
DE_DEP_F	EXE_SOI_DTD	date	date	8					Date de prélèvement du test		
DE_DEP_F	JO2_COV_INF	string	string	350					Joker 2		
DE_DEP_F	JO3_COV_INF	string	string	350					Joker 3		
DE_DEP_F	PRA_ADL_LIB	string	string	100					Libellé de la profession associée au N° ADELI		
DE_DEP_F	PRA_ADL_NUM	string	string	9					N° ADELI du PS		
DE_DEP_F	PSE_RPS_NUM	string	string	10					N° RPPS du PS exécutant		
DE_DEP_F	PSP_RPS_NUM	string	string	10					N° RPPS du PS prescripteur		
DE_DEP_F	TES_CAM_COD	string	string	50					Code de campagne du test		
DE_DEP_F	TES_DPT_COD	string	string	3					Code département du test		
DE_DEP_F	TES_PAY_COD	string	string	36					Code pays du test		
DE_DEP_F	TES_POS_COD	integer	number	8					Code postal du test		
DE_DEP_F	TES_REG_COD	integer	number	8					Code région du test		
DE_DEP_F	TES_RES_COD	string	string	1					Résultat recodé du test		
DE_DEP_F	TES_RPS_NUM	string	string	10					N° RPPS du PS du test		
DE_DEP_F	TES_TYP_COD	string	string	7					Code de type de test réalisé		
DE_DEP_F	TES_VAL_AMD	string	string	6					Date validation du test en année-mois		
DE_DEP_F	TES_VAL_DTD	date	date	8					Date validation du test		
DE_DEP_F	TMP_DPT_COD	string	string	20					Code département de l’adresse temporaire du test		
DE_DEP_F	TMP_PAY_COD	string	string	24					Code pays de l’adresse temporaire du test		
DE_DEP_F	TMP_POS_COD	string	string	5					Code postal de l’adresse temporaire du test		
IR_ACS_R	BEN_IDT_ANO	string	string	18.0					Identifiant bénéficiaire anonymisé		
IR_ACS_R	BEN_NIR_ANO	string	string	17.0					NIR pseudonymisé du bénéficiaire		
IR_ACS_R	BEN_NIR_PSA	string	string	17.0					Identifiant anonyme du patient dans le SNIIRAM		
IR_ACS_R	BEN_RNG_GEM	integer	number	2.0	IR_BER_V				Rang de naissance du bénéficiaire		
IR_ACS_R	CTO_IDT_ANO	string	string	18.0					Identifiant Cartographie		
IR_ACS_R	FAM_DRT_DSD	date	date						Date de début de verrouillage des droits		
IR_ACS_R	FAM_DRT_DSF	date	date						Date de fin de verrouillage des droits		
IR_ACS_R	FAM_DRT_VRU	string	string	1.0					Code de verrouillage des droits		
IR_ACS_R	IND_RNM_BEN	string	string	1.0					Top RNIAM		
IR_BEN_R	ASS_NIR_ANO	string	string	17					NIR anonyme de l'assuré		
IR_BEN_R	BEN_CDI_NIR	string	string	2	IR_NIR_V				Code d'identification du NIR		
IR_BEN_R	BEN_DCD_AME	string	string	6					Année et mois de décès du bénéficiaire	La donnée n'est pas alimentée dans la table du modèle,elle ne figure que dans la vue de restitution et elleest extraite avec la commande SQL suivante :TO_CHAR(BEN_DCD_DTE ,'YYYYMM'). Valeur par défaut si donnée non valide = 1er janvier de l'an 0001	
IR_BEN_R	BEN_DCD_DTE	date	date	20	IR_DTE_V				Date de décès du bénéficiaire (jour + mois + année)	Valeur par défaut si donnée non valide = 1er janvier de l'an 0001	
IR_BEN_R	BEN_DTE_INS	string	string	20	IR_DTE_V				Date d'insertion	La date d’insertion est alimentée chaque fois qu’un nouveau couple {identifiant SNIIRAM "BEN_NIR_PSA" ; rang du bénéficiaire "BEN_RNG_GEM"} est chargé dans la table IR_BEN_R des consommants du SNIIRAM. Pour les lignes déjà présentes, elle est forcée au 1er janvier de l’an 1 .	
IR_BEN_R	BEN_DTE_MAJ	date	date	20	IR_DTE_V				Date de mise à jour	La date de mise à jour est alimentée chaque fois que l’une des variables de la table IR_BEN_R des consommants du SNIIRAM est modifiée. Dans les lignes où aucune donnée n’a été modifiée, cette date est forcée au 1er janvier de l’an 1.	
IR_BEN_R	BEN_IDT_ANO	string	string	18					Identifiant bénéficiaire anonymisé		
IR_BEN_R	BEN_IDT_MAJ	date	date	20					Date d'alimentation du NIR BEN_NIR_ANO		
IR_BEN_R	BEN_IDT_TOP	integer	number	2					Top identifiant bénéficiaire Anonymisé		
IR_BEN_R	BEN_NAI_ANN	string	string	4					Année de naissance du bénéficiaire	L'année est extraite de la date de naissance présente dans les lignes de prestations des bénéficiaires consommants. Cette donnée concerne le bénéficiaire des soins. En cas de prestations rattachées à un identifiant SNIIRAM fictif, cette information n'a donc pas de sens.	
IR_BEN_R	BEN_NAI_MOI	string	string	2					Mois de naissance du bénéficiaire	Le mois est extrait de la date de naissance présente dans les lignes de prestations des bénéficiaires consommants. Il est systématiquement mis à jour à partir des nouveaux flux de consommations de soins, si il n'est pas nul. Cette donnée concerne le bénéficiaire des soins. En cas de prestations rattachées à un identifiant SNIIRAM fictif, cette information n'a donc pas de sens.	
IR_BEN_R	BEN_NIR_ANO	string	string	17					NIR anonyme du bénéficiaire	Pour le régime général, l’alimentation du NIR du bénéficiaire s'effectue à partir des bases de données locales des bénéficiaires (NIR certifiés commencant par 1 ou 2 ; les matricules provisoires ou fictifs sont exclus du traitement). Le NIR est crypté pour respecter l'anonymat de l'individu et restitué aux utilisateurs dans BEN_NIR_ANO (17 caractères).Cette variable est appelée NUM_ENQ_ANO pour les DEMEX et est restituée cryptée.	
IR_BEN_R	BEN_NIR_PSA	string	string	17					Identifiant anonyme du patient dans le SNIIRAM	L'identifiant SNIIRAM du patient est composé du triplet "NIR de l'assuré + Date de naissance du bénéficiaire + Code sexe du bénéficiaire". Ce triplet est crypté et restitué aux utilisateurs dans la variable BEN_NIR_PSA sur 17 caractères. Des identifiants SNIIRAM fictifs de patients sont parfois utilisés par les caisses, notamment en cas de prestations versées aux professionnels de santé d’une part (cas des rémunérations forfaitaires) ou de prestations pour lesquelles l’anonymat du bénéficiaire a été demandé d’autre part (cas des IVG).Cette variable est appelée NUM_ENQ pour les DEMEX et est restituée cryptée.	
IR_BEN_R	BEN_RES_COM	string	string	3	IR_GEO_V				Commune de résidence du bénéficiaire	Rang de la commune dans son département, selon la codification géographique INSEE (ou destinataire du règlement pour quelques cas en norme NEC).	
IR_BEN_R	BEN_RES_DPT	string	string	3	IR_DPT_V				Département de résidence du bénéficiaire	Au 11 mars 2013, le département de résidence du bénéficiaire était renseigné pour 75,3 % des lignes dans la table IR_BEN_R des consommants du SNIIRAM.	
IR_BEN_R	BEN_RNG_GEM	integer	number	2	IR_BER_V				Rang du bénéficiaire	La règle de calcul du rang du bénéficiaire dans le SNIIRAM est la suivante :- le rang de l’ouvreur de droits est toujours égal à 1,- si un ayant droit a la même date de naissance que l’ouvreur de droits, son rang est égal à 2,- un enfant né d’une naissance unique a un rang égal à 1,- lorsqu’il y a des naissances multiples, chaque enfant est différencié par son rang (1 pour le 1er, 2 pour le second, …). Dans les faits, le rang n’est pas valorisé de la même manière pour chacun des régimes :- pour le régime général, la règle de calcul du rang dans le SNIIRAM énoncée est appliquée ;- pour le RSI, le rang est un numéro d’ordre séquentiel (ouvreur de droits = 0, 1er ayant droit = 1, 2ème ayant droit = 2, 3ème ayant droit = 3, etc…) ;- pour la MSA, le rang du bénéficiaire est propre à chaque organisme : si dans le groupe familial, lors de l’ouverture des droits à la maladie dans l’organisme, un autre individu est déjà connu avec la même date de naissance, on lui attribue un rang égal à 2, sinon le rang est égal à 1.	
IR_BEN_R	BEN_SEX_COD	integer	number	2	IR_SEX_V				Code sexe du bénéficiaire	L'information est extraite des flux de prestations des bénéficiaires consommants. Elle est systématiquement mise à jour par les nouveaux flux de consommations de soins, si elle n'est pas nulle.	
IR_BEN_R	BEN_TOP_CNS	integer	number	2					top consommant - non consommant		
IR_BEN_R	CTO_IDT_ANO	string	string	18					Identifiant Cartographie		
IR_BEN_R	IND_RNM_BEN	string	string	1					Top RNIAM		
IR_BEN_R	MAX_TRT_DTD	date	date	20					Date maximale de traitement d'une Prestations		
IR_BEN_R	ORG_AFF_BEN	string	string	9	IR_ORG_V				Organisme d'affiliation du bénéficiaire	La variable ORG_AFF_BEN dans la table IR_BEN_R des consommants du SNIIRAM était alimentée, à tort, avec le code de l’organisme qui liquide les prestations. Depuis le 28 février 2012, la donnée est correctement renseignée avec le code de l’organisme d’affiliation pour chaque nouvel individu consommant des soins qui est ajouté dans la table lors de la mise à jour mensuelle. Et pour les anciens individus déjà répertoriés dans la table, la correction s’effectue progressivement au fur et à mesure des mises à jour, dès lors que l’individu a consommé des soins.	
IR_BEN_R	ORG_CLE_NEW	string	string	9	IR_ORG_V				Organisme de liquidation des prestations (après fusion)		
IR_BEN_R	REF_RGM_COD	string	string	3					Code petit régime		
IR_BEN_R	REF_TIN_TOP	string	string	1					Top travailleur Indépendant		
IR_ESM_R	ASS_NIR_ANO	string	string	17					NIR Assuré pseudonymisé		
IR_ESM_R	BEN_DCD_AME	string	string	6	IR_MOI_V				Date de décès du bénéficiaire Année Mois AAAAMM		
IR_ESM_R	BEN_DCD_DTE*	date	date	8					Date de décès du bénéficiaire AAAAMMJJ		
IR_ESM_R	BEN_NAI_ANN	string	string	4	IR_ANN_V				Année de naissance du bénéficiaire		
IR_ESM_R	BEN_NIR_ANO	string	string	17					NIR du bénéficiaire pseudonymisé		
IR_ESM_R	BEN_NIR_PSA	string	string	17					Pseudo NIR pseudonymisé du bénéficiaire		
IR_ESM_R	BEN_ORI_DPT	string	string	3	IR_DPT_V				Code du département d'origine du bénéficiaire		
IR_ESM_R	BEN_RNG_GEM	integer	number	1	IR_BER_V				Rang gemellaire		
IR_ESM_R	BEN_SEX_COD	integer	number	8	IR_SEX_V				Code sexe du bénéficiaire		
IR_ESM_R	DST_MTF_COD	integer	number	10					Code du motif de sortie/destination du bénéficiaire		
IR_ESM_R	ESM_CAP_COD	integer	number	8					Nombre de places dans l'établissement ou service		
IR_ESM_R	ESM_CAT_COD	string	string	3	IR_CET_D				Code de la catégorie de l'établissement ou du service médico-social		
IR_ESM_R	ESM_DOM_COD	string	string	1					Domicile du patient ou pas (O/N)		
IR_ESM_R	ESM_DPT_COD	integer	number	3	IR_DPT_V				Code du département du service ESMS consommé		
IR_ESM_R	ESM_FIN_ANO	string	string	10					Numéro FINESS de l’établissement + clé		
IR_ESM_R	ESM_PRV_COD	integer	number	4					Code du motif d'entrée/provenance du bénéficiaire		
IR_ESM_R	ESM_TAR_COD	string	string	2	IR_MFT_V				Code de tarification de l'établissement		
IR_ESM_R	PEC_DEB_AME	string	string	6	IR_MOI_V				Date de début de prise en charge du bénéficiaire Année Mois AAAAMM		
IR_ESM_R	PEC_DEB_DTE*	date	date	8					Date de début de prise en charge du bénéficiaire AAAAMMJJ		
IR_ESM_R	PEC_DIS_COD	string	string	3	IR_DDP_V				Code de la discipline		
IR_ESM_R	PEC_DIS_LIB	string	string	60					Libellé de la discipline		
IR_ESM_R	PEC_FIN_AME	string	string	6	IR_MOI_V				Date de fin de prise en charge du bénéficiaire Année Mois AAAAMM		
IR_ESM_R	PEC_FIN_DTE*	date	date	8					Date de fin de prise en charge du bénéficiaire AAAAMMJJ		
IR_ETM_R	BEN_EXO_DTD	date	date		IR_DTE_V				Date de début d'exonération		
IR_ETM_R	BEN_EXO_DTF	date	date		IR_DTE_V				Date de fin d'exonération		
IR_ETM_R	BEN_EXO_MTF	integer	number	8.0	IR_ETM_V				Motif d'exonération du ticket modérateur		
IR_ETM_R	BEN_IDT_ANO	string	string	18.0					Identifiant bénéficiaire anonymisé		
IR_ETM_R	BEN_NIR_ANO	string	string	17.0					NIR pseudonymisé du bénéficiaire		
IR_ETM_R	BEN_NIR_PSA	string	string	17.0					Identifiant anonyme du patient dans le SNIIRAM		
IR_ETM_R	BEN_RNG_GEM	integer	number	2.0	IR_BER_V				Rang de naissance du bénéficiaire		
IR_ETM_R	CTO_IDT_ANO	string	string	18.0					Identifiant Cartographie		
IR_ETM_R	IND_RNM_BEN	string	string	1.0	IR_RNM_V				Top RNIAM		
IR_IMB_R	BEN_NIR_PSA	string	string	17					Identifiant anonyme du patient dans le SNIIRAM	L'identifiant SNIIRAM du patient est composé du triplet "NIR de l'assuré + Date de naissance du bénéficiaire + Code sexe du bénéficiaire". Ce triplet est crypté et restitué aux utilisateurs dans la variable BEN_NIR_PSA sur 17 caractères. Des identifiants SNIIRAM fictifs de patients sont parfois utilisés par les caisses, notamment en cas de prestations versées aux professionnels de santé d’une part (cas des rémunérations forfaitaires) ou de prestations pour lesquelles l’anonymat du bénéficiaire a été demandé d’autre part (cas des IVG).Cette variable est appelée NUM_ENQ pour les DEMEX et est restituée cryptée.	
IR_IMB_R	BEN_RNG_GEM	integer	number	2	IR_BER_V				Rang du bénéficiaire	La règle de calcul du rang du bénéficiaire dans le SNIIRAM est la suivante :- le rang de l’ouvreur de droits est toujours égal à 1,- si un ayant droit a la même date de naissance que l’ouvreur de droits, son rang est égal à 2,- un enfant né d’une naissance unique a un rang égal à 1,- lorsqu’il y a des naissances multiples, chaque enfant est différencié par son rang (1 pour le 1er, 2 pour le second, …). Dans les faits, le rang n’est pas valorisé de la même manière pour chacun des régimes :- pour le régime général, la règle de calcul du rang dans le SNIIRAM énoncée est appliquée ;- pour le RSI, le rang est un numéro d’ordre séquentiel (ouvreur de droits = 0, 1er ayant droit = 1, 2ème ayant droit = 2, 3ème ayant droit = 3, etc…) ;- pour la MSA, le rang du bénéficiaire est propre à chaque organisme : si dans le groupe familial, lors de l’ouverture des droits à la maladie dans l’organisme, un autre individu est déjà connu avec la même date de naissance, on lui attribue un rang égal à 2, sinon le rang est égal à 1.	
IR_IMB_R	IMB_ALD_DTD	date	date	20	IR_DTE_V				Date de début d'exonération du ticket modérateur attribuée par les services médicaux (ALD, AT, MP…)	La date de début de l’exonération est la date de début de l’ALD. Si la date de la maladie saisie est très ancienne, la date de début est la date du protocole des soins. Si accident du travail = date de l’accident.	
IR_IMB_R	IMB_ALD_DTF	date	date	20	IR_DTE_V				Date de fin de l'exonération attribuée par les services médicaux (ALD, AT, MP…)	Aujourd'hui, il n’y a pas de durée d'exonération fixée. La durée par défaut répond aux règles définis dans le décret du 19 janvier 2011. Elle est au maximum à 5 ans	
IR_IMB_R	IMB_ALD_NUM	integer	number	3	IR_ALD_V				Numéro d'ALD	Les codes actualisés des affections de longue durée (ald 30) doivent être recherchés dans les tables de valeurs IR_CIM_V et IR_ALD_V.	
IR_IMB_R	IMB_ETM_NAT	integer	number	3	IR_ETM_V				Motif d'exonération du bénéficiaire		
IR_IMB_R	IMB_MLP_BTR	string	string	1					Tableau des maladies professionnelles (bis, ter)		
IR_IMB_R	IMB_MLP_TAB	string	string	3	AT_MLP_V				Numéro de tableau des maladies professionnelles (MP)	Informations issues du produit HIPPOCRATE de gestion du service médical.	
IR_IMB_R	IMB_SDR_LOP	string	string	1					Localisation / paragraphe syndrome		
IR_IMB_R	INS_DTE	date	date	20					Date d'insertion		
IR_IMB_R	MED_MTF_COD	string	string	6	IR_CCI_V				Motif médical ou pathologie (code CIM 10)	Informations issues du produit HIPPOCRATE de gestion du service médical. Le code CIM 10 fait référence au fichier de la Classification Internationale des Maladies (version 10) conçu par la CNAMTS pour les besoins des traitements qui lui incombent.	
IR_IMB_R	MED_NCL_IDT	string	string	10	IR_NMD_V				Identification de la nomenclature médicale	Informations issues du produit HIPPOCRATE de gestion du service médical	
IR_IMB_R	UPD_DTE	date	date	20					Date de mise à jour	Contenu fonctionnel distinct selon les produits	
IR_MAT_R	BEN_DRA_AME	string	string	6.0	IR_MOI_V				Année et mois de l’accouchement		
IR_MAT_R	BEN_GRS_DTE	date	date		IR_DTE_V				Date présumée de grossesse		
IR_MAT_R	BEN_IDT_ANO	string	string	18.0					Identifiant bénéficiaire anonymisé		
IR_MAT_R	BEN_NIR_ANO	string	string	17.0					NIR pseudonymisé du bénéficiaire		
IR_MAT_R	BEN_NIR_PSA	string	string	17.0					Identifiant anonyme du patient dans le SNIIRAM		
IR_MAT_R	BEN_RNG_GEM	integer	number	2.0	IR_BER_V				Rang de naissance du bénéficiaire		
IR_MAT_R	CTO_IDT_ANO	string	string	18.0					Identifiant Cartographie		
IR_MAT_R	IND_RNM_BEN	string	string	1.0	IR_RNM_V				Top RNIAM		
IR_MTT_R	BEN_IDT_ANO	string	string	18.0					Identifiant bénéficiaire anonymisé		
IR_MTT_R	BEN_NIR_ANO	string	string	17.0					NIR pseudonymisé du bénéficiaire		
IR_MTT_R	BEN_NIR_PSA	string	string	17.0					Identifiant anonyme du patient dans le SNIIRAM		
IR_MTT_R	BEN_RNG_GEM	integer	number	2.0	IR_BER_V				Rang de naissance du bénéficiaire		
IR_MTT_R	CTO_IDT_ANO	string	string	18.0					Identifiant Cartographie		
IR_MTT_R	IND_RNM_BEN	string	string	1.0	IR_RNM_V				Top RNIAM		
IR_MTT_R	MTT_DEB_DTE	date	date		IR_DTE_V				Date de début du contrat avec le médecin traitant		
IR_MTT_R	MTT_FIN_DTE	date	date		IR_DTE_V				Date de fin du contrat avec le médecin traitant		
IR_MTT_R	MTT_MTF_COD	string	string	3.0	IR_MTF_V				Motif de résiliation du contrat avce le médecin traitant		
IR_MTT_R	MTT_ORI_COD	string	string	1.0	IR_ORI_V				Origine de la saisie ou de la mise à jour de la déclaration de médecin traitant		
IR_MTT_R	MTT_PFS_NUM	string	string	8.0					Numéro du médecin traitant		
IR_ORC_R	BEN_CMU_ORG	string	string	9.0	IR_ORG_V				Code de l'organisme complémentaire		
IR_ORC_R	BEN_CTA_TYP	integer	number	3.0	IR_CTA_V				Type de contrat complémentaire		
IR_ORC_R	BEN_IDT_ANO	string	string	18.0					Identifiant bénéficiaire anonymisé		
IR_ORC_R	BEN_NIR_ANO	string	string	17.0					NIR pseudonymisé du bénéficiaire		
IR_ORC_R	BEN_NIR_PSA	string	string	17.0					Identifiant anonyme du patient dans le SNIIRAM		
IR_ORC_R	BEN_RNG_GEM	integer	number	2.0	IR_BER_V				Rang de naissance du bénéficiaire		
IR_ORC_R	CTO_IDT_ANO	string	string	18.0					Identifiant Cartographie		
IR_ORC_R	IND_RNM_BEN	string	string	1.0	IR_RNM_V				Top RNIAM		
IR_ORC_R	MLL_CTA_DSD	date	date		IR_DTE_V				Date de début du contrat complémentaire		
IR_ORC_R	MLL_CTA_DSF	date	date		IR_DTE_V				Date de fin du contrat complémentaire		
IR_ORC_R	REF_C2S_COD	string	string	1.0	IR_CSS_V				Code complémentaire santé solidaire		
IR_VAC_F	BEN_AGE_ANN	integer	number	3.0					Age réel du bénéficiaire à la date d’injection		
IR_VAC_F	BEN_NIR_ANO	string	string	17.0					Identifiant bénéficiaire		
IR_VAC_F	BEN_NIR_PSA	string	string	17.0					Pseudo NIR		
IR_VAC_F	BEN_SEX_COD	integer	number	1.0	IR_SEX_V				Sexe du bénéficiaire		
IR_VAC_F	BEN_STA_VAC	string	string	2.0					Statut du dossier vaccinal		
IR_VAC_F	ETB_EXE_FIN	string	string	9.0					Numéro de l’établissement exécutant		
IR_VAC_F	ETB_PRE_FIN	string	string	9.0					Numéro de l’établissement prescripteur		
IR_VAC_F	ETB_VAC_CAT	integer	number	2.0					Catégorie du lieu de vaccination		
IR_VAC_F	ETB_VAC_FIN	string	string	9.0					Numéro du centre de vaccination		
IR_VAC_F	EXE_SOI_AMD	string	string	6.0	IR_MOI_V				Date d’injection en année – mois		
IR_VAC_F	EXE_SOI_DTD	date	date	8.0	IR_DTE_V				Date d’injection		
IR_VAC_F	INJ_VAC_NOM	string	string						Nom du vaccin		
IR_VAC_F	PFS_EXE_CAT	integer	number	2.0					Catégorie du PS exécutant		
IR_VAC_F	PFS_EXE_NUM (PFS_EXE_CRY)	string	string	9.0					Numéro du Professionnel de Santé (PS) exécutant		
IR_VAC_F	PFS_PRE_CAT	integer	number	2.0					Catégorie du PS prescripteur		
IR_VAC_F	PFS_PRE_NUM (PFS_PRE_CRY)	string	string	9.0					Numéro du PS prescripteur		
IR_VAC_F	PHA_PRS_C13	integer	number	13.0	IR_PHA_R				Code CIP du vaccin		
IR_VAC_F	PRE_PRE_AMD	string	string	6.0	IR_MOI_V				Date de prescription en année-mois		
IR_VAC_F	PRE_PRE_DTD	date	date	8.0	IR_DTE_V				Date de la prescription		
IR_VAC_F	PSE_SPE_COD	integer	number	2.0	IR_SPE_V				Spécialité du PS exécutant		
IR_VAC_F	PSP_SPE_COD	integer	number	2.0	IR_SPE_V				Spécialité du PS prescripteur		
